Item number,Title,Variation details,Custom label (SKU),Available quantity,Format,Currency,Start price,Auction Buy It Now price,Reserve price,Current price,Sold quantity,Watchers,Bids,Start date,End date,eBay category 1 name,eBay category 1 number,eBay category 2 name,eBay category 2 number,Condition,CD:Professional Grader - (ID: 27501),CD:Grade - (ID: 27502),CDA:Certification Number - (ID: 27503),CD:Card Condition - (ID: 40001),eBay Product ID(ePID),Listing site,P:UPC,P:EAN,P:ISBN
"307123911846",Lenovo ThinkPad T14 Gen 1 Ryzen 5 PRO 4650U 16 GB 256 GB SSD 14 Zoll Win11 Pro,,3888_20250724125241,"0","FIXED_PRICE","EUR",244.0,,,244.0,"11","28","0","Aug-13-26 00:00:15 PDT","Oct-13-26 00:00:15 PDT","PC Notebooks & Netbooks","177","","","Gebraucht","","","","","","DE","","",""
"307124457460","Dell Latitude 5540 i5-1345U 16 GB 256 GB SSD 15,6 Zoll Win11 Pro",,4870_20260403112433,"5","FIXED_PRICE","EUR",570.0,,,570.0,"0","","","Aug-13-26 05:36:51 PDT","Oct-13-26 05:36:51 PDT","PC Notebooks & Netbooks","177","","","Gebraucht","","","","","","DE","","",""
"307145261907",HP EliteBook 840 G6 i5-8365U 32 GB 1000 GB SSD 14 Zoll Win11 Pro,,18589765205,"0","FIXED_PRICE","EUR",478.0,,,478.0,"0","","","Aug-25-26 03:26:55 PDT","Oct-25-26 04:26:55 PDT","PC Notebooks & Netbooks","177","","","Gebraucht","","","","","","DE","","",""
"307145261909","Fujitsu Lifebook E5510 i7-10510U 16 GB 256 GB SSD 15,6 Zoll Win11 Pro",,5563_20260819142954,"10","FIXED_PRICE","EUR",317.0,,,317.0,"0","1","0","Aug-25-26 03:26:55 PDT","Oct-25-26 04:26:55 PDT","PC Notebooks & Netbooks","177","","","Gebraucht","","","","","","DE","","",""
"307145261910","Fujitsu Lifebook E5510 i7-10510U 8 GB 256 GB SSD 15,6 Zoll Win11 Pro",,5563_20260819094242,"10","FIXED_PRICE","EUR",295.0,,,295.0,"0","1","0","Aug-25-26 03:26:55 PDT","Oct-25-26 04:26:55 PDT","PC Notebooks & Netbooks","177","","","Gebraucht","","","","","","DE","","",""
"307145261929",HP EliteBook 840 G6 i5-8365U 8 GB 256 GB SSD 14 Zoll Win11 Pro,,18589767879,"0","FIXED_PRICE","EUR",203.0,,,203.0,"0","","","Aug-25-26 03:26:55 PDT","Oct-25-26 04:26:55 PDT","PC Notebooks & Netbooks","177","","","Gebraucht","","","","","","DE","","",""
"307145261935","HP EliteBook 850 G6 i7-8650U 8 GB 256 GB SSD 15,6 Zoll Win10 Pro",,16639542933,"10","FIXED_PRICE","EUR",285.0,,,285.0,"0","","","Aug-25-26 03:26:55 PDT","Oct-25-26 04:26:55 PDT","PC Notebooks & Netbooks","177","","","Gebraucht","","","","","","DE","","",""
"307145261940","HP EliteBook 850 G6 i7-8650U 8 GB 480 GB SSD 15,6 Zoll Win10 Pro",,17376901449,"10","FIXED_PRICE","EUR",329.0,,,329.0,"0","","","Aug-25-26 03:26:56 PDT","Oct-25-26 04:26:56 PDT","PC Notebooks & Netbooks","177","","","Gebraucht","","","","","","DE","","",""
"307145261945","HP EliteBook 850 G6 i7-8650U 32 GB 1000 GB SSD 15,6 Zoll Win11 Pro",,17376924431,"10","FIXED_PRICE","EUR",558.0,,,558.0,"0","","","Aug-25-26 03:26:56 PDT","Oct-25-26 04:26:56 PDT","PC Notebooks & Netbooks","177","","","Gebraucht","","","","","","DE","","",""
"307145261946","Dell Latitude 5500 i5-8365U 32 GB 512 GB SSD 15,6 Zoll Win11 Pro",,18560679089,"10","FIXED_PRICE","EUR",420.0,,,420.0,"0","","","Aug-25-26 03:26:56 PDT","Oct-25-26 04:26:56 PDT","PC Notebooks & Netbooks","177","","","Gebraucht","","","","","","DE","","",""
"307145261948","Dell Latitude 5500 i5-8365U 16 GB 256 GB SSD 15,6 Zoll Win11 Pro",,18561437107,"10","FIXED_PRICE","EUR",317.0,,,317.0,"0","","","Aug-25-26 03:26:56 PDT","Oct-25-26 04:26:56 PDT","PC Notebooks & Netbooks","177","","","Gebraucht","","","","","","DE","","",""
"307145261952",HP EliteBook 845 G8 Ryzen 5 PRO 5650U 16 GB 256 GB SSD 14 Zoll Win10 Pro,,18418929132,"0","FIXED_PRICE","EUR",360.0,,,360.0,"0","","","Aug-25-26 03:26:56 PDT","Oct-25-26 04:26:56 PDT","PC Notebooks & Netbooks","177","","","Gebraucht","","","","","","DE","","",""
"307145261960",HP EliteBook 840 G6 i5-8365U 32 GB 1 TB SSD 14 Zoll Win11 Pro,,3832_20260515090057,"0","FIXED_PRICE","EUR",478.0,,,478.0,"0","","","Aug-25-26 03:26:56 PDT","Oct-25-26 04:26:56 PDT","PC Notebooks & Netbooks","177","","","Gebraucht","","","","","","DE","","",""
"307145261966","HP EliteBook 850 G6 i7-8650U 32 GB 500 GB SSD 15,6 Zoll Win11 Pro",,10400_20260723071439,"10","FIXED_PRICE","EUR",455.0,,,455.0,"0","1","0","Aug-25-26 03:26:56 PDT","Oct-25-26 04:26:56 PDT","PC Notebooks & Netbooks","177","","","Gebraucht","","","","","","DE","","",""
"307145261967",HP EliteBook 845 G8 Ryzen 5 PRO 5650U 8 GB 960 GB SSD 14 Zoll Win10 Pro,,17619048201,"0","FIXED_PRICE","EUR",398.0,,,398.0,"0","","","Aug-25-26 03:26:56 PDT","Oct-25-26 04:26:56 PDT","PC Notebooks & Netbooks","177","","","Gebraucht","","","","","","DE","","",""
"307145261969",HP EliteBook 845 G8 Ryzen 5 PRO 5650U 32 GB 480 GB SSD 14 Zoll Win10 Pro,,17619065501,"0","FIXED_PRICE","EUR",455.0,,,455.0,"0","","","Aug-25-26 03:26:56 PDT","Oct-25-26 04:26:56 PDT","PC Notebooks & Netbooks","177","","","Gebraucht","","","","","","DE","","",""
"307145261970",HP EliteBook 845 G8 Ryzen 5 PRO 5650U 8 GB 256 GB SSD 14 Zoll Win10 Pro,,18418837053,"0","FIXED_PRICE","EUR",310.0,,,310.0,"0","","","Aug-25-26 03:26:56 PDT","Oct-25-26 04:26:56 PDT","PC Notebooks & Netbooks","177","","","Gebraucht","","","","","","DE","","",""
"307145261977","HP EliteBook 850 G6 i5-8365U 8 GB 256 GB SSD 15,6 Zoll Win11 Pro",,16232396031_20260326092022,"10","FIXED_PRICE","EUR",253.0,,,253.0,"0","","","Aug-25-26 03:26:56 PDT","Oct-25-26 04:26:56 PDT","PC Notebooks & Netbooks","177","","","Gebraucht","","","","","","DE","","",""
"307145261981","HP EliteBook 850 G6 i7-8650U 16 GB 500 GB SSD 15,6 Zoll Win11 Pro",,17574484462_20260723071213,"10","FIXED_PRICE","EUR",398.0,,,398.0,"0","","","Aug-25-26 03:26:56 PDT","Oct-25-26 04:26:56 PDT","PC Notebooks & Netbooks","177","","","Gebraucht","","","","","","DE","","",""
"307145261988","HP EliteBook 850 G6 i5-8365U 8 GB 256 GB SSD 15,6 Zoll Win11 Pro",,16232396031_20260326091827,"10","FIXED_PRICE","EUR",276.0,,,276.0,"0","","","Aug-25-26 03:26:56 PDT","Oct-25-26 04:26:56 PDT","PC Notebooks & Netbooks","177","","","Gebraucht","","","","","","DE","","",""
"307145261989",HP EliteBook 845 G8 Ryzen 5 PRO 5650U 8 GB 480 GB SSD 14 Zoll Win10 Pro,,17619042863,"0","FIXED_PRICE","EUR",329.0,,,329.0,"0","","","Aug-25-26 03:26:56 PDT","Oct-25-26 04:26:56 PDT","PC Notebooks & Netbooks","177","","","Gebraucht","","","","","","DE","","",""
"307145261994",HP EliteBook 845 G8 Ryzen 5 PRO 5650U 32 GB 500 GB SSD 14 Zoll Win10 Pro,,18418940182,"0","FIXED_PRICE","EUR",479.0,,,479.0,"0","","","Aug-25-26 03:26:56 PDT","Oct-25-26 04:26:56 PDT","PC Notebooks & Netbooks","177","","","Gebraucht","","","","","","DE","","",""
"307145262011",HP EliteBook 845 G8 Ryzen 5 PRO 5650U 16 GB 480 GB SSD 14 Zoll Win11 Pro,,17618895854_20260430121942,"0","FIXED_PRICE","EUR",329.0,,,329.0,"2","19","0","Aug-25-26 03:26:57 PDT","Oct-25-26 04:26:57 PDT","PC Notebooks & Netbooks","177","","","Gebraucht","","","","","","DE","","",""
"307145262036",Lenovo ThinkPad T14 Gen 1 Ryzen 5 PRO 4650U 24 GB 1 TB SSD 14 Zoll Win11 Pro,,3888_20260526090158,"0","FIXED_PRICE","EUR",415.0,,,415.0,"0","0","0","Aug-25-26 03:26:57 PDT","Oct-25-26 04:26:57 PDT","PC Notebooks & Netbooks","177","","","Gebraucht","","","","","","DE","","",""
"307145262040","Toshiba Toshiba Tecra A50-J i5-1135G7 16 GB 960 GB SSD 15,6 Zoll Win10 Pro",,17388475314,"10","FIXED_PRICE","EUR",356.0,,,356.0,"0","","","Aug-25-26 03:26:57 PDT","Oct-25-26 04:26:57 PDT","PC Notebooks & Netbooks","177","","","Gebraucht","","","","","","DE","","",""
"307145262052","Lenovo ThinkPad T15 Gen 1 i5-10210U 16 GB 256 GB SSD 15,6 Zoll Win11 Pro",,17496877602,"8","FIXED_PRICE","EUR",352.0,,,352.0,"0","","","Aug-25-26 03:26:57 PDT","Oct-25-26 04:26:57 PDT","PC Notebooks & Netbooks","177","","","Gebraucht","","","","","","DE","","",""
"307145262054","Lenovo ThinkPad T15 Gen1 i5-10210U 16 GB 256 GB SSD 15,6 Zoll Win11 Pro",,17622086782,"8","FIXED_PRICE","EUR",317.0,,,317.0,"2","0","0","Aug-25-26 03:26:58 PDT","Oct-25-26 04:26:58 PDT","PC Notebooks & Netbooks","177","","","Gebraucht","","","","","","DE","","",""
"307145262058",HP EliteBook 840 G3 i5-6300U 8 GB 240/256 GB SSD 14 Zoll Win11 Pro,,5669_20260413101921,"8","FIXED_PRICE","EUR",194.0,,,194.0,"0","","","Aug-25-26 03:26:58 PDT","Oct-25-26 04:26:58 PDT","PC Notebooks & Netbooks","177","","","Gebraucht","","","","","","DE","","",""
"307145262104","Dell Latitude 5580 i5-7300U 32 GB 480 GB SSD 15,6 Zoll Win11 Pro",,18444717652,"10","FIXED_PRICE","EUR",370.0,,,370.0,"0","","","Aug-25-26 03:26:58 PDT","Oct-25-26 04:26:58 PDT","PC Notebooks & Netbooks","177","","","Gebraucht","","","","","","DE","","",""
"307145262108","Dell Latitude 5580 i5-7300U 8 GB 256 GB SSD 15,6 Zoll Win10 Pro",,18444724239,"10","FIXED_PRICE","EUR",224.0,,,224.0,"0","","","Aug-25-26 03:26:58 PDT","Oct-25-26 04:26:58 PDT","PC Notebooks & Netbooks","177","","","Gebraucht","","","","","","DE","","",""
"307145262134",HP EliteBook 840 G3 i5-6300U 16 GB 480 GB SSD 14 Zoll Win11 Pro,,18496725785,"10","FIXED_PRICE","EUR",260.0,,,260.0,"0","","","Aug-25-26 03:26:59 PDT","Oct-25-26 04:26:59 PDT","PC Notebooks & Netbooks","177","","","Gebraucht","","","","","","DE","","",""
"307145262144",HP EliteBook 840 G3 i5-6300U 8 GB 240 GB SSD 14 Zoll Win11 Pro,,18496746167,"10","FIXED_PRICE","EUR",194.0,,,194.0,"0","","","Aug-25-26 03:26:59 PDT","Oct-25-26 04:26:59 PDT","PC Notebooks & Netbooks","177","","","Gebraucht","","","","","","DE","","",""
"307149380524",Lenovo ThinkPad L14 Gen1 Ryzen 5 PRO 4650U 16 GB 256 GB SSD 14 Zoll Win11 Pro,,18255903176,"0","FIXED_PRICE","EUR",243.0,,,243.0,"0","0","0","Aug-27-26 05:37:03 PDT","Oct-27-26 06:37:03 PDT","PC Notebooks & Netbooks","177","","","Gebraucht","","","","","","DE","","",""
"307149380525",Lenovo ThinkPad L14 Gen1 Ryzen 5 PRO 4650U 16 GB 480 GB SSD 14 Zoll Win11 Pro,,17739357695,"0","FIXED_PRICE","EUR",306.0,,,306.0,"0","","","Aug-27-26 05:37:03 PDT","Oct-27-26 06:37:03 PDT","PC Notebooks & Netbooks","177","","","Gebraucht","","","","","","DE","","",""
"307149380526",Dell Latitude 7480 i7-7600U 8 GB 120 GB SSD 14 Zoll Win11 Pro,,17993044161,"2","FIXED_PRICE","EUR",159.0,,,159.0,"0","","","Aug-27-26 05:37:03 PDT","Oct-27-26 06:37:03 PDT","PC Notebooks & Netbooks","177","","","Gebraucht","","","","","","DE","","",""
"307149380528",Dell Latitude 7480 i5-6300U 8 GB 256 GB SSD 14 Zoll Win11 Pro,,5847,"0","FIXED_PRICE","EUR",159.0,,,159.0,"0","","","Aug-27-26 05:37:03 PDT","Oct-27-26 06:37:03 PDT","PC Notebooks & Netbooks","177","","","Gebraucht","","","","","","DE","","",""
"307149380529",Dell Latitude 7480 i5-6300U 8 GB 256 GB SSD 14 Zoll Win11 Pro,,5847_20251031095319,"0","FIXED_PRICE","EUR",136.0,,,136.0,"0","","","Aug-27-26 05:37:03 PDT","Oct-27-26 06:37:03 PDT","PC Notebooks & Netbooks","177","","","Gebraucht","","","","","","DE","","",""
"307149380536",Dell Latitude 7490 i7-8650U 16 GB 960 GB SSD 14 Zoll Win11 Pro,,17897523407,"5","FIXED_PRICE","EUR",276.0,,,276.0,"0","","","Aug-27-26 05:37:04 PDT","Oct-27-26 06:37:04 PDT","PC Notebooks & Netbooks","177","","","Gebraucht","","","","","","DE","","",""
"307149380539",Dell Latitude 5410 i5-10310U 8 GB 256 GB SSD 14 Zoll Win11 Pro,,18060098957,"5","FIXED_PRICE","EUR",251.0,,,251.0,"0","","","Aug-27-26 05:37:04 PDT","Oct-27-26 06:37:04 PDT","PC Notebooks & Netbooks","177","","","Gebraucht","","","","","","DE","","",""
"307149380540",Dell Latitude 5410 i5-10310U 16 GB 256 GB SSD 14 Zoll Win11 Pro,,18060112469,"5","FIXED_PRICE","EUR",299.0,,,299.0,"0","","","Aug-27-26 05:37:04 PDT","Oct-27-26 06:37:04 PDT","PC Notebooks & Netbooks","177","","","Gebraucht","","","","","","DE","","",""
"307149380544",Dell Latitude 5410 i5-10310U 32 GB 480 GB SSD 14 Zoll Win11 Pro,,18062217517,"5","FIXED_PRICE","EUR",388.0,,,388.0,"0","","","Aug-27-26 05:37:04 PDT","Oct-27-26 06:37:04 PDT","PC Notebooks & Netbooks","177","","","Gebraucht","","","","","","DE","","",""
"307149380546",Dell Latitude 5410 i5-10310U 16 GB 256 GB SSD 14 Zoll Win11 Pro,,18062285076,"5","FIXED_PRICE","EUR",276.0,,,276.0,"0","","","Aug-27-26 05:37:04 PDT","Oct-27-26 06:37:04 PDT","PC Notebooks & Netbooks","177","","","Gebraucht","","","","","","DE","","",""
"307149380548",Dell Latitude 5410 i5-10310U 16 GB 480 GB SSD 14 Zoll Win11 Pro,,18062297262,"5","FIXED_PRICE","EUR",315.0,,,315.0,"0","","","Aug-27-26 05:37:04 PDT","Oct-27-26 06:37:04 PDT","PC Notebooks & Netbooks","177","","","Gebraucht","","","","","","DE","","",""
"307149380549",Dell Latitude 5410 i5-10310U 16 GB 960 GB SSD 14 Zoll Win11 Pro,,18062314836,"5","FIXED_PRICE","EUR",334.0,,,334.0,"0","","","Aug-27-26 05:37:04 PDT","Oct-27-26 06:37:04 PDT","PC Notebooks & Netbooks","177","","","Gebraucht","","","","","","DE","","",""
"307149380550",Dell Latitude 5410 i5-10310U 32 GB 960 GB SSD 14 Zoll Win11 Pro,,18062335579,"5","FIXED_PRICE","EUR",385.0,,,385.0,"0","","","Aug-27-26 05:37:04 PDT","Oct-27-26 06:37:04 PDT","PC Notebooks & Netbooks","177","","","Gebraucht","","","","","","DE","","",""
"307149380552",Dell Latitude 5420 i5-1135G7 16 GB 256 GB SSD 14 Zoll Win11 Pro,,18062476899,"5","FIXED_PRICE","EUR",345.0,,,345.0,"0","","","Aug-27-26 05:37:04 PDT","Oct-27-26 06:37:04 PDT","PC Notebooks & Netbooks","177","","","Gebraucht","","","","","","DE","","",""
"307149380553",Dell Latitude 5420 i5-1135G7 8 GB 256 GB SSD 14 Zoll Win11 Pro,,18062427659,"5","FIXED_PRICE","EUR",318.0,,,318.0,"0","","","Aug-27-26 05:37:04 PDT","Oct-27-26 06:37:04 PDT","PC Notebooks & Netbooks","177","","","Gebraucht","","","","","","DE","","",""
"307149380556",Dell Latitude 5420 i5-1135G7 32 GB 256 GB SSD 14 Zoll Win11 Pro,,18062640204,"5","FIXED_PRICE","EUR",396.0,,,396.0,"0","","","Aug-27-26 05:37:04 PDT","Oct-27-26 06:37:04 PDT","PC Notebooks & Netbooks","177","","","Gebraucht","","","","","","DE","","",""
"307149380558",Dell Latitude 5420 i5-1135G7 16 GB 256 GB SSD 14 Zoll Win11 Pro,,18062772935,"5","FIXED_PRICE","EUR",322.0,,,322.0,"0","","","Aug-27-26 05:37:04 PDT","Oct-27-26 06:37:04 PDT","PC Notebooks & Netbooks","177","","","Gebraucht","","","","","","DE","","",""
"307149380562",Dell Latitude 5420 i5-1135G7 16 GB 480 GB SSD 14 Zoll Win11 Pro,,18062782306,"5","FIXED_PRICE","EUR",361.0,,,361.0,"0","","","Aug-27-26 05:37:04 PDT","Oct-27-26 06:37:04 PDT","PC Notebooks & Netbooks","177","","","Gebraucht","","","","","","DE","","",""
"307149380567","Dell Latitude 5300 i5-8365U 16 GB 480 GB SSD 13,3 Zoll Win11 Pro",,18117919083,"0","FIXED_PRICE","EUR",261.0,,,261.0,"0","","","Aug-27-26 05:37:04 PDT","Oct-27-26 06:37:04 PDT","PC Notebooks & Netbooks","177","","","Gebraucht","","","","","","DE","","",""
"307149380568","Dell Latitude 5300 i5-8365U 16 GB 960 GB SSD 13,3 Zoll Win11 Pro",,18117921547,"0","FIXED_PRICE","EUR",302.0,,,302.0,"0","","","Aug-27-26 05:37:04 PDT","Oct-27-26 06:37:04 PDT","PC Notebooks & Netbooks","177","","","Gebraucht","","","","","","DE","","",""
"307149380571","Dell Latitude 5300 i5-8365U 32 GB 960 GB SSD 13,3 Zoll Win11 Pro",,18117927015,"0","FIXED_PRICE","EUR",353.0,,,353.0,"0","","","Aug-27-26 05:37:04 PDT","Oct-27-26 06:37:04 PDT","PC Notebooks & Netbooks","177","","","Gebraucht","","","","","","DE","","",""
"307149380573",HP ProBook 640 G8 i5-1145G7 8 GB 256 GB SSD 14 Zoll Win11 Home,,18291981656,"5","FIXED_PRICE","EUR",260.0,,,260.0,"0","","","Aug-27-26 05:37:04 PDT","Oct-27-26 06:37:04 PDT","PC Notebooks & Netbooks","177","","","Gebraucht","","","","","","DE","","",""
"307149380575",HP ProBook 640 G8 i5-1145G7 16 GB 480 GB SSD 14 Zoll Win11 Home,,18292005235,"5","FIXED_PRICE","EUR",352.0,,,352.0,"0","","","Aug-27-26 05:37:04 PDT","Oct-27-26 06:37:04 PDT","PC Notebooks & Netbooks","177","","","Gebraucht","","","","","","DE","","",""
"307149380577",HP ProBook 640 G8 i5-1145G7 32 GB 480 GB SSD 14 Zoll Win11 Home,,18292018212,"5","FIXED_PRICE","EUR",432.0,,,432.0,"0","","","Aug-27-26 05:37:04 PDT","Oct-27-26 06:37:04 PDT","PC Notebooks & Netbooks","177","","","Gebraucht","","","","","","DE","","",""
"307149380581",HP ProBook 640 G8 i5-1145G7 16 GB 256 GB SSD 14 Zoll Win11 Home,,18292021358,"5","FIXED_PRICE","EUR",364.0,,,364.0,"0","","","Aug-27-26 05:37:05 PDT","Oct-27-26 06:37:05 PDT","PC Notebooks & Netbooks","177","","","Gebraucht","","","","","","DE","","",""
"307149380584",HP ProBook 640 G8 i5-1145G7 32 GB 480 GB SSD 14 Zoll Win11 Home,,18292050649,"5","FIXED_PRICE","EUR",558.0,,,558.0,"0","","","Aug-27-26 05:37:05 PDT","Oct-27-26 06:37:05 PDT","PC Notebooks & Netbooks","177","","","Gebraucht","","","","","","DE","","",""
"307149380587",HP ProBook 640 G8 i5-1145G7 32 GB 256 GB SSD 14 Zoll Win11 Home,,18292052287,"5","FIXED_PRICE","EUR",444.0,,,444.0,"0","","","Aug-27-26 05:37:05 PDT","Oct-27-26 06:37:05 PDT","PC Notebooks & Netbooks","177","","","Gebraucht","","","","","","DE","","",""
"307149380593",Dell Latitude 7480 i7-6600U 32 GB 960 GB SSD 14 Zoll Win11 Pro,,18295070323,"5","FIXED_PRICE","EUR",415.0,,,415.0,"0","","","Aug-27-26 05:37:05 PDT","Oct-27-26 06:37:05 PDT","PC Notebooks & Netbooks","177","","","Gebraucht","","","","","","DE","","",""
"307149380594","HP Zbook 14U G5 i5-7300U 8 GB 120 GB SSD 14,1 Zoll Win11 Pro",,18372382028,"5","FIXED_PRICE","EUR",182.0,,,182.0,"0","","","Aug-27-26 05:37:05 PDT","Oct-27-26 06:37:05 PDT","PC Notebooks & Netbooks","177","","","Gebraucht","","","","","","DE","","",""
"307149380596",Lenovo ThinkPad L14 Gen 1 Ryzen 5 PRO 4650U 16 GB 256 GB SSD 14 Zoll Win11 Home,,18375908714,"0","FIXED_PRICE","EUR",260.0,,,260.0,"0","","","Aug-27-26 05:37:05 PDT","Oct-27-26 06:37:05 PDT","PC Notebooks & Netbooks","177","","","Gebraucht","","","","","","DE","","",""
"307149380600",Lenovo ThinkPad L14 Gen 1 Ryzen 5 PRO 4650U 32 GB 480 GB SSD 14 Zoll Win11 Home,,18375966844,"0","FIXED_PRICE","EUR",386.0,,,386.0,"1","1","0","Aug-27-26 05:37:05 PDT","Oct-27-26 06:37:05 PDT","PC Notebooks & Netbooks","177","","","Gebraucht","","","","","","DE","","",""
"307149380605",Lenovo ThinkPad L14 Gen 1 Ryzen 5 PRO 4650U 16 GB 480 GB SSD 14 Zoll Win11 Home,,18375975189,"0","FIXED_PRICE","EUR",329.0,,,329.0,"0","1","0","Aug-27-26 05:37:05 PDT","Oct-27-26 06:37:05 PDT","PC Notebooks & Netbooks","177","","","Gebraucht","","","","","","DE","","",""
"307149380607",Lenovo ThinkPad L14 Gen 1 Ryzen 5 PRO 4650U 16 GB 960 GB SSD 14 Zoll Win11 Home,,18375986631,"0","FIXED_PRICE","EUR",398.0,,,398.0,"0","","","Aug-27-26 05:37:05 PDT","Oct-27-26 06:37:05 PDT","PC Notebooks & Netbooks","177","","","Gebraucht","","","","","","DE","","",""
"307149380609",Lenovo ThinkPad L14 Gen 1 Ryzen 5 PRO 4650U 32 GB 256 GB SSD 14 Zoll Win11 Home,,18375996657,"0","FIXED_PRICE","EUR",364.0,,,364.0,"0","","","Aug-27-26 05:37:05 PDT","Oct-27-26 06:37:05 PDT","PC Notebooks & Netbooks","177","","","Gebraucht","","","","","","DE","","",""
"307149380613",Lenovo ThinkPad L14 Gen 1 Ryzen 5 PRO 4650U 32 GB 256 GB SSD 14 Zoll Win11 Home,,18418685638,"0","FIXED_PRICE","EUR",398.0,,,398.0,"0","","","Aug-27-26 05:37:05 PDT","Oct-27-26 06:37:05 PDT","PC Notebooks & Netbooks","177","","","Gebraucht","","","","","","DE","","",""
"307149380614",HP ProBook 640 G8 i5-1145G7 8 GB 256 GB SSD 14 Zoll Win11 Home,,18418965743,"5","FIXED_PRICE","EUR",348.0,,,348.0,"0","","","Aug-27-26 05:37:05 PDT","Oct-27-26 06:37:05 PDT","PC Notebooks & Netbooks","177","","","Gebraucht","","","","","","DE","","",""
"307149380617",HP ProBook 640 G8 i5-1145G7 32 GB 256 GB SSD 14 Zoll Win11 Home,,18419024691,"5","FIXED_PRICE","EUR",479.0,,,479.0,"0","","","Aug-27-26 05:37:05 PDT","Oct-27-26 06:37:05 PDT","PC Notebooks & Netbooks","177","","","Gebraucht","","","","","","DE","","",""
"307149380618",HP ProBook 640 G8 i5-1145G7 16 GB 256 GB SSD 14 Zoll Win11 Home,,18419017446,"5","FIXED_PRICE","EUR",398.0,,,398.0,"0","","","Aug-27-26 05:37:05 PDT","Oct-27-26 06:37:05 PDT","PC Notebooks & Netbooks","177","","","Gebraucht","","","","","","DE","","",""
"307149380622","HP ProBook 450 G8 i5-1135G7 16 GB 480 GB SSD 15,6 Zoll Win11 Pro",,18523626363,"5","FIXED_PRICE","EUR",455.0,,,455.0,"0","","","Aug-27-26 05:37:05 PDT","Oct-27-26 06:37:05 PDT","PC Notebooks & Netbooks","177","","","Gebraucht","","","","","","DE","","",""
"307149380623","HP ProBook 450 G8 i5-1135G7 32 GB 256 GB SSD 15,6 Zoll Win11 Pro",,18523641258,"5","FIXED_PRICE","EUR",502.0,,,502.0,"0","","","Aug-27-26 05:37:05 PDT","Oct-27-26 06:37:05 PDT","PC Notebooks & Netbooks","177","","","Gebraucht","","","","","","DE","","",""
"307149380624","HP ProBook 450 G8 i5-1135G7 16 GB 960 GB SSD 15,6 Zoll Win11 Pro",,18523629118,"5","FIXED_PRICE","EUR",524.0,,,524.0,"0","","","Aug-27-26 05:37:05 PDT","Oct-27-26 06:37:05 PDT","PC Notebooks & Netbooks","177","","","Gebraucht","","","","","","DE","","",""
"307149380625","HP ProBook 450 G8 i5-1135G7 32 GB 480 GB SSD 15,6 Zoll Win11 Pro",,18523652836,"5","FIXED_PRICE","EUR",546.0,,,546.0,"0","","","Aug-27-26 05:37:05 PDT","Oct-27-26 06:37:05 PDT","PC Notebooks & Netbooks","177","","","Gebraucht","","","","","","DE","","",""
"307149380627","HP ProBook 450 G8 i5-1135G7 32 GB 960 GB SSD 15,6 Zoll Win11 Pro",,18523660017,"5","FIXED_PRICE","EUR",616.0,,,616.0,"0","","","Aug-27-26 05:37:06 PDT","Oct-27-26 06:37:06 PDT","PC Notebooks & Netbooks","177","","","Gebraucht","","","","","","DE","","",""
"307149380628","HP ProBook 450 G8 i5-1135G7 16 GB 480 GB SSD 15,6 Zoll Win11 Pro",,18523686620,"5","FIXED_PRICE","EUR",409.0,,,409.0,"0","","","Aug-27-26 05:37:06 PDT","Oct-27-26 06:37:06 PDT","PC Notebooks & Netbooks","177","","","Gebraucht","","","","","","DE","","",""
"307149380629","HP ProBook 450 G8 i5-1135G7 32 GB 480 GB SSD 15,6 Zoll Win11 Pro",,18523741291,"5","FIXED_PRICE","EUR",501.0,,,501.0,"0","","","Aug-27-26 05:37:06 PDT","Oct-27-26 06:37:06 PDT","PC Notebooks & Netbooks","177","","","Gebraucht","","","","","","DE","","",""
"307149380631","HP ProBook 450 G8 i5-1135G7 32 GB 256 GB SSD 15,6 Zoll Win11 Pro",,18523711853,"5","FIXED_PRICE","EUR",456.0,,,456.0,"0","","","Aug-27-26 05:37:06 PDT","Oct-27-26 06:37:06 PDT","PC Notebooks & Netbooks","177","","","Gebraucht","","","","","","DE","","",""
"307149380632","Dell Latitude 5500 i5-8365U 8 GB 256 GB SSD 15,6 Zoll Win10 Pro",,18675986463,"5","FIXED_PRICE","EUR",251.0,,,251.0,"0","","","Aug-27-26 05:37:06 PDT","Oct-27-26 06:37:06 PDT","PC Notebooks & Netbooks","177","","","Gebraucht","","","","","","DE","","",""
"307149380636","Dell Latitude 5500 i5-8265U 32 GB 960 GB SSD 15,6 Zoll Win11 Pro",,18676063285,"5","FIXED_PRICE","EUR",490.0,,,490.0,"0","","","Aug-27-26 05:37:06 PDT","Oct-27-26 06:37:06 PDT","PC Notebooks & Netbooks","177","","","Gebraucht","","","","","","DE","","",""
"307149380639","Dell Latitude 5500 i5-8265U 32 GB 960 GB SSD 15,6 Zoll Win11 Pro",,18676092683,"5","FIXED_PRICE","EUR",444.0,,,444.0,"0","","","Aug-27-26 05:37:06 PDT","Oct-27-26 06:37:06 PDT","PC Notebooks & Netbooks","177","","","Gebraucht","","","","","","DE","","",""
"307149380640","Dell Latitude 5500 i5-8265U 16 GB 960 GB SSD 15,6 Zoll Win11 Pro",,18676087088,"5","FIXED_PRICE","EUR",364.0,,,364.0,"0","","","Aug-27-26 05:37:06 PDT","Oct-27-26 06:37:06 PDT","PC Notebooks & Netbooks","177","","","Gebraucht","","","","","","DE","","",""
"307149380642",HP Elitebook 840 G6 i7-8665U 8 GB 256 GB SSD 14 Zoll Win10 Pro,,18726244644,"0","FIXED_PRICE","EUR",260.0,,,260.0,"0","","","Aug-27-26 05:37:06 PDT","Oct-27-26 06:37:06 PDT","PC Notebooks & Netbooks","177","","","Gebraucht","","","","","","DE","","",""
"307149380644",HP Elitebook 840 G6 i7-8665U 16 GB 480 GB SSD 14 Zoll Win11 Pro,,18726291698,"0","FIXED_PRICE","EUR",363.0,,,363.0,"0","","","Aug-27-26 05:37:06 PDT","Oct-27-26 06:37:06 PDT","PC Notebooks & Netbooks","177","","","Gebraucht","","","","","","DE","","",""
"307149380645",HP Elitebook 840 G6 i7-8665U 16 GB 1000 GB SSD 14 Zoll Win11 Pro,,18726296943,"0","FIXED_PRICE","EUR",443.0,,,443.0,"0","","","Aug-27-26 05:37:06 PDT","Oct-27-26 06:37:06 PDT","PC Notebooks & Netbooks","177","","","Gebraucht","","","","","","DE","","",""
"307149380649",HP Elitebook 840 G6 i7-8665U 16 GB 256 GB SSD 14 Zoll Win11 Pro,,18726318979,"0","FIXED_PRICE","EUR",306.0,,,306.0,"0","","","Aug-27-26 05:37:06 PDT","Oct-27-26 06:37:06 PDT","PC Notebooks & Netbooks","177","","","Gebraucht","","","","","","DE","","",""
"307149380651",HP Elitebook 840 G6 i7-8665U 16 GB 500 GB SSD 14 Zoll Win11 Pro,,18726328063,"0","FIXED_PRICE","EUR",340.0,,,340.0,"0","","","Aug-27-26 05:37:06 PDT","Oct-27-26 06:37:06 PDT","PC Notebooks & Netbooks","177","","","Gebraucht","","","","","","DE","","",""
"307149380653",HP Elitebook 840 G6 i7-8665U 16 GB 1000 GB SSD 14 Zoll Win11 Pro,,18726337859,"0","FIXED_PRICE","EUR",420.0,,,420.0,"0","","","Aug-27-26 05:37:06 PDT","Oct-27-26 06:37:06 PDT","PC Notebooks & Netbooks","177","","","Gebraucht","","","","","","DE","","",""
"307149380654",HP EliteBook 840 G6 i5-8350U 32 GB 960 GB SSD 14 Zoll Win10 Pro,,18468856898,"0","FIXED_PRICE","EUR",479.0,,,479.0,"0","","","Aug-27-26 05:37:06 PDT","Oct-27-26 06:37:06 PDT","PC Notebooks & Netbooks","177","","","Gebraucht","","","","","","DE","","",""
"307149380655",HP Elitebook 840 G6 i7-8665U 32 GB 1000 GB SSD 14 Zoll Win11 Pro,,18726346096,"0","FIXED_PRICE","EUR",512.0,,,512.0,"0","","","Aug-27-26 05:37:06 PDT","Oct-27-26 06:37:06 PDT","PC Notebooks & Netbooks","177","","","Gebraucht","","","","","","DE","","",""
"307149380656",HP ZBook 14u G5 i5-7200U 16 GB 480 GB SSD 14 Zoll Win10 Pro,,12649754926,"8","FIXED_PRICE","EUR",340.0,,,340.0,"0","","","Aug-27-26 05:37:06 PDT","Oct-27-26 06:37:06 PDT","PC Notebooks & Netbooks","177","","","Gebraucht","","","","","","DE","","",""
"307149380659","HP EliteBook 850 G3 i5-6200U 8 GB 240 GB SSD 15,6 Zoll Win11 Pro",,3855,"0","FIXED_PRICE","EUR",182.0,,,182.0,"0","","","Aug-27-26 05:37:06 PDT","Oct-27-26 06:37:06 PDT","PC Notebooks & Netbooks","177","","","Gebraucht","","","","","","DE","","",""
"307149380661",Dell Latitude 5410 i5-10310U 32 GB 480 GB SSD 14 Zoll Win11 Pro,,15092071150,"8","FIXED_PRICE","EUR",446.0,,,446.0,"0","","","Aug-27-26 05:37:06 PDT","Oct-27-26 06:37:06 PDT","PC Notebooks & Netbooks","177","","","Gebraucht","","","","","","DE","","",""
"307149380662","Dell Dell Precision 7740 i7-9850H 16 GB 512 GB SSD 17,3 Zoll Win11 Pro",,17869434815,"8","FIXED_PRICE","EUR",761.0,,,761.0,"0","","","Aug-27-26 05:37:06 PDT","Oct-27-26 06:37:06 PDT","PC Notebooks & Netbooks","177","","","Gebraucht","","","","","","DE","","",""
"307149380665",HP ZBook 14u G5 i5-7200U 16 GB 256 GB SSD 14 Zoll Win10 Pro,,12564312769,"8","FIXED_PRICE","EUR",299.0,,,299.0,"0","","","Aug-27-26 05:37:06 PDT","Oct-27-26 06:37:06 PDT","PC Notebooks & Netbooks","177","","","Gebraucht","","","","","","DE","","",""
"307149380666",Dell Latitude 5410 i5-10310U 32 GB 960 GB SSD 14 Zoll Win11 Pro,,15092084477,"8","FIXED_PRICE","EUR",465.0,,,465.0,"0","","","Aug-27-26 05:37:06 PDT","Oct-27-26 06:37:06 PDT","PC Notebooks & Netbooks","177","","","Gebraucht","","","","","","DE","","",""
"307149380669","Dell Dell Precision 7740 i7-9850H 16 GB 512 GB SSD 17,3 Zoll Win11 Pro",,17869432585,"8","FIXED_PRICE","EUR",876.0,,,876.0,"0","","","Aug-27-26 05:37:06 PDT","Oct-27-26 06:37:06 PDT","PC Notebooks & Netbooks","177","","","Gebraucht","","","","","","DE","","",""
"307149380671","Dell Latitude 5500 i5-8365U 16 GB 480 GB SSD 15,6 Zoll Win11 Pro",,5494,"8","FIXED_PRICE","EUR",318.0,,,318.0,"0","","","Aug-27-26 05:37:06 PDT","Oct-27-26 06:37:06 PDT","PC Notebooks & Netbooks","177","","","Gebraucht","","","","","","DE","","",""
"307149380674","Dell Latitude 5500 i5-8265U 32 GB 2 TB SSD 15,6 Zoll Win11 Pro",,6222_20260505134958,"8","FIXED_PRICE","EUR",593.0,,,593.0,"0","1","0","Aug-27-26 05:37:07 PDT","Oct-27-26 06:37:07 PDT","PC Notebooks & Netbooks","177","","","Gebraucht","","","","","","DE","","",""
"307149380675",Lenovo ThinkPad T14 Gen1 Ryzen 5 PRO 4650U 16 GB 480 GB SSD 14 Zoll Win11 Pro,,18415895321,"0","FIXED_PRICE","EUR",289.0,,,289.0,"0","1","0","Aug-27-26 05:37:07 PDT","Oct-27-26 06:37:07 PDT","PC Notebooks & Netbooks","177","","","Gebraucht","","","","","","DE","","",""
"307149380676","Dell Latitude 5500 i5-8365U 32 GB 1 TB SSD 15,6 Zoll Win11 Pro",,5494_20260430095153,"8","FIXED_PRICE","EUR",482.0,,,482.0,"0","","","Aug-27-26 05:37:07 PDT","Oct-27-26 06:37:07 PDT","PC Notebooks & Netbooks","177","","","Gebraucht","","","","","","DE","","",""
"307149380677","Dell Latitude 5580 i5-7300U 8 GB 240 GB SSD 15,6 Zoll Win11 Pro",,18444670962,"8","FIXED_PRICE","EUR",200.0,,,200.0,"0","0","0","Aug-27-26 05:37:07 PDT","Oct-27-26 06:37:07 PDT","PC Notebooks & Netbooks","177","","","Gebraucht","","","","","","DE","","",""
"307149380679",Lenovo ThinkPad T490 i5-8265U 8 GB 256 GB SSD 14 Zoll Win10 Pro,,14747394380,"8","FIXED_PRICE","EUR",272.0,,,272.0,"0","","","Aug-27-26 05:37:07 PDT","Oct-27-26 06:37:07 PDT","PC Notebooks & Netbooks","177","","","Gebraucht","","","","","","DE","","",""
"307149380681","Dell Precision 7730 i7-8750H 32 GB 256 GB SSD 17,3 Zoll Win11 Pro",,18447805163,"8","FIXED_PRICE","EUR",664.0,,,664.0,"0","","","Aug-27-26 05:37:07 PDT","Oct-27-26 06:37:07 PDT","PC Notebooks & Netbooks","177","","","Gebraucht","","","","","","DE","","",""
"307149380682",HP ZBook 14u G5 i5-7200U 16 GB 960 GB SSD 14 Zoll Win10 Pro,,12649759565,"8","FIXED_PRICE","EUR",369.0,,,369.0,"0","","","Aug-27-26 05:37:07 PDT","Oct-27-26 06:37:07 PDT","PC Notebooks & Netbooks","177","","","Gebraucht","","","","","","DE","","",""
"307149380683",HP ZBook 14u G5 i5-7200U 32 GB 960 GB SSD 14 Zoll Win10 Pro,,12649782345,"8","FIXED_PRICE","EUR",447.0,,,447.0,"0","","","Aug-27-26 05:37:07 PDT","Oct-27-26 06:37:07 PDT","PC Notebooks & Netbooks","177","","","Gebraucht","","","","","","DE","","",""
"307149380684",HP ZBook 14u G5 i5-7200U 32 GB 480 GB SSD 14 Zoll Win10 Pro,,12649764214,"8","FIXED_PRICE","EUR",418.0,,,418.0,"0","","","Aug-27-26 05:37:07 PDT","Oct-27-26 06:37:07 PDT","PC Notebooks & Netbooks","177","","","Gebraucht","","","","","","DE","","",""
"307149380686","Dell Precision 7730 i7-8750H 64 GB 960 GB SSD 17,3 Zoll Win10 Pro",,14785783935,"8","FIXED_PRICE","EUR",976.0,,,976.0,"0","","","Aug-27-26 05:37:07 PDT","Oct-27-26 06:37:07 PDT","PC Notebooks & Netbooks","177","","","Gebraucht","","","","","","DE","","",""
"307149380687",Lenovo ThinkPad T480 i5-8350U 8 GB 256 GB SSD 14 Zoll Win11 Pro,,4773,"8","FIXED_PRICE","EUR",228.0,,,228.0,"1","8","0","Aug-27-26 05:37:07 PDT","Oct-27-26 06:37:07 PDT","PC Notebooks & Netbooks","177","","","Gebraucht","","","","","","DE","","",""
"307149380688","Dell Precision 7730 i7-8750H 32 GB 512 GB SSD 17,3 Zoll Win10 Pro",,14785773944,"8","FIXED_PRICE","EUR",725.0,,,725.0,"0","","","Aug-27-26 05:37:07 PDT","Oct-27-26 06:37:07 PDT","PC Notebooks & Netbooks","177","","","Gebraucht","","","","","","DE","","",""
"307149380689","Dell Precision 7730 i7-8750H 32 GB 512 GB SSD 17,3 Zoll Win10 Pro",,16388098675,"8","FIXED_PRICE","EUR",709.0,,,709.0,"0","","","Aug-27-26 05:37:07 PDT","Oct-27-26 06:37:07 PDT","PC Notebooks & Netbooks","177","","","Gebraucht","","","","","","DE","","",""
"307149380697","Dell Latitude 5500 i5-8365U 8 GB 480 GB SSD 15,6 Zoll Win11 Pro",,18561301886,"8","FIXED_PRICE","EUR",295.0,,,295.0,"0","","","Aug-27-26 05:37:07 PDT","Oct-27-26 06:37:07 PDT","PC Notebooks & Netbooks","177","","","Gebraucht","","","","","","DE","","",""
"307149380700","Dell Latitude 5580 i5-7300U 8 GB 240 GB SSD 15,6 Zoll Win11 Pro",,4748_20260326100900,"8","FIXED_PRICE","EUR",223.0,,,223.0,"0","","","Aug-27-26 05:37:07 PDT","Oct-27-26 06:37:07 PDT","PC Notebooks & Netbooks","177","","","Gebraucht","","","","","","DE","","",""
"307149380706",HP EliteBook 840 G8 i5-1145G7 16 GB 256 GB SSD 14 Zoll Win11 Pro,,17629697332,"0","FIXED_PRICE","EUR",369.0,,,369.0,"0","","","Aug-27-26 05:37:07 PDT","Oct-27-26 06:37:07 PDT","PC Notebooks & Netbooks","177","","","Gebraucht","","","","","","DE","","",""
"307149380708","Lenovo ThinkPad T15 Gen 2 i5-1135G7 i5-1135G7 32 GB 500 GB SSD 15,6 Zoll Win11",,18655211449,"8","FIXED_PRICE","EUR",513.0,,,513.0,"0","","","Aug-27-26 05:37:07 PDT","Oct-27-26 06:37:07 PDT","PC Notebooks & Netbooks","177","","","Gebraucht","","","","","","DE","","",""
"307149380709",Dell Latitude 7490 i7-8650U 8 GB 256 GB SSD 14 Zoll Win11 Pro,,4855_20251031124550,"8","FIXED_PRICE","EUR",194.0,,,194.0,"1","3","0","Aug-27-26 05:37:07 PDT","Oct-27-26 06:37:07 PDT","PC Notebooks & Netbooks","177","","","Gebraucht","","","","","","DE","","",""
"307149380711",Lenovo ThinkPad T14 Gen1 Ryzen 5 PRO 4650U 16 GB 256 GB SSD 14 Zoll Win11 Pro,,17739396731,"0","FIXED_PRICE","EUR",266.0,,,266.0,"0","4","0","Aug-27-26 05:37:07 PDT","Oct-27-26 06:37:07 PDT","PC Notebooks & Netbooks","177","","","Gebraucht","","","","","","DE","","",""
"307149380712","Lenovo ThinkPad T15 Gen 2 i5-11gen i5-1135G7 16 GB 500 GB SSD 15,6 Zoll Win11",,18765856057,"8","FIXED_PRICE","EUR",467.0,,,467.0,"0","","","Aug-27-26 05:37:07 PDT","Oct-27-26 06:37:07 PDT","PC Notebooks & Netbooks","177","","","Gebraucht","","","","","","DE","","",""
"307149380714",Lenovo ThinkPad T14 Gen1 Ryzen 5 PRO 4650U 24 GB 500 GB SSD 14 Zoll Win11 Pro,,18617375802,"0","FIXED_PRICE","EUR",347.0,,,347.0,"0","2","0","Aug-27-26 05:37:07 PDT","Oct-27-26 06:37:07 PDT","PC Notebooks & Netbooks","177","","","Gebraucht","","","","","","DE","","",""
"307149380716",HP EliteBook 745 G5 Ryzen 7 PRO 2700U 16 GB 256 GB SSD 14 Zoll Win11 Pro,,18059433337,"8","FIXED_PRICE","EUR",214.0,,,214.0,"0","1","0","Aug-27-26 05:37:07 PDT","Oct-27-26 06:37:07 PDT","PC Notebooks & Netbooks","177","","","Gebraucht","","","","","","DE","","",""
"307149380717","Lenovo ThinkPad T15 Gen2 i5-1135G7 16 GB 256 GB SSD 15,6 Zoll Win11 Pro",,17622086782_20260609121111,"8","FIXED_PRICE","EUR",433.0,,,433.0,"0","0","0","Aug-27-26 05:37:08 PDT","Oct-27-26 06:37:08 PDT","PC Notebooks & Netbooks","177","","","Gebraucht","","","","","","DE","","",""
"307149380718",Lenovo ThinkPad T480 i5-8350U 8 GB 256 GB SSD 14 Zoll Win10 Pro,,14685054992,"8","FIXED_PRICE","EUR",228.0,,,228.0,"1","2","0","Aug-27-26 05:37:08 PDT","Oct-27-26 06:37:08 PDT","PC Notebooks & Netbooks","177","","","Gebraucht","","","","","","DE","","",""
"307149380719","HP Zbook 14U G5 i5-7300U 16 GB 256 GB SSD 14,1 Zoll Win10 Pro",,15061692860,"8","FIXED_PRICE","EUR",253.0,,,253.0,"0","","","Aug-27-26 05:37:08 PDT","Oct-27-26 06:37:08 PDT","PC Notebooks & Netbooks","177","","","Gebraucht","","","","","","DE","","",""
"307149380721","Dell Latitude 5520 i5-1135G7 16 GB 480 GB SSD 15,6 Zoll Win11 Pro",,17358336879,"8","FIXED_PRICE","EUR",430.0,,,430.0,"0","","","Aug-27-26 05:37:08 PDT","Oct-27-26 06:37:08 PDT","PC Notebooks & Netbooks","177","","","Gebraucht","","","","","","DE","","",""
"307149380723","Lenovo ThinkPad T15 Gen 2 i5-1135G7 i5-1135G7 16 GB 256 GB SSD 15,6 Zoll Win11",,18655018372,"8","FIXED_PRICE","EUR",387.0,,,387.0,"0","","","Aug-27-26 05:37:08 PDT","Oct-27-26 06:37:08 PDT","PC Notebooks & Netbooks","177","","","Gebraucht","","","","","","DE","","",""
"307149380724",HP EliteBook 840 G3 i5-6300U 8 GB 128 GB SSD 14 Zoll Win11 Pro,,5669_20260413101359,"8","FIXED_PRICE","EUR",159.0,,,159.0,"0","","","Aug-27-26 05:37:08 PDT","Oct-27-26 06:37:08 PDT","PC Notebooks & Netbooks","177","","","Gebraucht","","","","","","DE","","",""
"307149380726",HP ProBook 440 G6 i5-8265U 16 GB 256 GB SSD 14 Zoll Win11 Pro,,17757808785,"8","FIXED_PRICE","EUR",207.0,,,207.0,"0","","","Aug-27-26 05:37:08 PDT","Oct-27-26 06:37:08 PDT","PC Notebooks & Netbooks","177","","","Gebraucht","","","","","","DE","","",""
"307149380727","HP EliteBook 850 G3 i5-6200U 8 GB 240 GB SSD 15,6 Zoll Win11 Pro",,18415610068,"0","FIXED_PRICE","EUR",182.0,,,182.0,"0","","","Aug-27-26 05:37:08 PDT","Oct-27-26 06:37:08 PDT","PC Notebooks & Netbooks","177","","","Gebraucht","","","","","","DE","","",""
"307149380728","Lenovo ThinkPad T15 Gen 2 i5-11gen i5-1135G7 16 GB 256 GB SSD 15,6 Zoll Win11",,18655202896,"8","FIXED_PRICE","EUR",433.0,,,433.0,"0","","","Aug-27-26 05:37:08 PDT","Oct-27-26 06:37:08 PDT","PC Notebooks & Netbooks","177","","","Gebraucht","","","","","","DE","","",""
"307149380729",HP ZBook 14u G5 i5-7200U 16 GB 480 GB SSD 14 Zoll Win10 Pro,,15615745802,"8","FIXED_PRICE","EUR",372.0,,,372.0,"0","","","Aug-27-26 05:37:08 PDT","Oct-27-26 06:37:08 PDT","PC Notebooks & Netbooks","177","","","Gebraucht","","","","","","DE","","",""
"307149380730",Lenovo ThinkPad T490 i5-8265U 16 GB 480 GB SSD 14 Zoll Win10 Pro,,16115675243,"8","FIXED_PRICE","EUR",341.0,,,341.0,"0","","","Aug-27-26 05:37:08 PDT","Oct-27-26 06:37:08 PDT","PC Notebooks & Netbooks","177","","","Gebraucht","","","","","","DE","","",""
"307149380731",Lenovo ThinkPad T490 i5-8265U 16 GB 960 GB SSD 14 Zoll Win10 Pro,,16115704250,"8","FIXED_PRICE","EUR",410.0,,,410.0,"0","","","Aug-27-26 05:37:08 PDT","Oct-27-26 06:37:08 PDT","PC Notebooks & Netbooks","177","","","Gebraucht","","","","","","DE","","",""
"307149380733",HP EliteBook 840 G3 i5-6300U 8 GB 128 GB SSD 14 Zoll Win11 Pro,,5669_20260413100631,"8","FIXED_PRICE","EUR",142.0,,,142.0,"0","","","Aug-27-26 05:37:08 PDT","Oct-27-26 06:37:08 PDT","PC Notebooks & Netbooks","177","","","Gebraucht","","","","","","DE","","",""
"307149380734","Lenovo ThinkPad E15 Gen 2 i5-1135G7 32 GB 500 GB SSD 15,6 Zoll Win11 Pro",,4553_20260504134623,"0","FIXED_PRICE","EUR",546.0,,,546.0,"0","","","Aug-27-26 05:37:08 PDT","Oct-27-26 06:37:08 PDT","PC Notebooks & Netbooks","177","","","Gebraucht","","","","","","DE","","",""
"307149380735",HP EliteBook 840 G8 i5-1145G7 32 GB 1 TB SSD 14 Zoll Win11 Pro,,17629697332_20260430083743,"0","FIXED_PRICE","EUR",585.0,,,585.0,"0","","","Aug-27-26 05:37:08 PDT","Oct-27-26 06:37:08 PDT","PC Notebooks & Netbooks","177","","","Gebraucht","","","","","","DE","","",""
"307149380739",Dell Latitude 7490 i7-8650U 16 GB 256 GB SSD 14 Zoll Win10 Pro,,18043910425,"8","FIXED_PRICE","EUR",219.0,,,219.0,"0","","","Aug-27-26 05:37:08 PDT","Oct-27-26 06:37:08 PDT","PC Notebooks & Netbooks","177","","","Gebraucht","","","","","","DE","","",""
"307149380741",HP ProBook 440 G6 i5-8265U 32 GB 1280 GB SSD+HDD 14 Zoll Win11 Pro,,17757834093,"8","FIXED_PRICE","EUR",327.0,,,327.0,"0","","","Aug-27-26 05:37:08 PDT","Oct-27-26 06:37:08 PDT","PC Notebooks & Netbooks","177","","","Gebraucht","","","","","","DE","","",""
"307149380742",Lenovo ThinkPad T490 i5-8265U 8 GB 256 GB SSD 14 Zoll Win10 Pro,,14747496524,"8","FIXED_PRICE","EUR",249.0,,,249.0,"0","","","Aug-27-26 05:37:08 PDT","Oct-27-26 06:37:08 PDT","PC Notebooks & Netbooks","177","","","Gebraucht","","","","","","DE","","",""
"307149380743","Lenovo ThinkPad T15 Gen 2 i5-1135G7 i5-1135G7 32 GB 1000 GB SSD 15,6 Zoll Win11",,18655215651,"8","FIXED_PRICE","EUR",593.0,,,593.0,"0","0","0","Aug-27-26 05:37:08 PDT","Oct-27-26 06:37:08 PDT","PC Notebooks & Netbooks","177","","","Gebraucht","","","","","","DE","","",""
"307149380744",HP EliteBook 840 G8 i5-1145G7 32 GB 512 GB SSD 14 Zoll Win11 Pro,,17629721417_20260420133216,"0","FIXED_PRICE","EUR",459.0,,,459.0,"0","","","Aug-27-26 05:37:08 PDT","Oct-27-26 06:37:08 PDT","PC Notebooks & Netbooks","177","","","Gebraucht","","","","","","DE","","",""
"307149380746","Panasonic ToughPad FZ-G1 mk3 i5-5300U 4 GB 120 GB SSD 10,1 Zoll Win10 Pro",,10356_20260812090814,"8","FIXED_PRICE","EUR",136.0,,,136.0,"13","47","0","Aug-27-26 05:37:08 PDT","Oct-27-26 06:37:08 PDT","PC Notebooks & Netbooks","177","","","Gebraucht","","","","","","DE","","",""
"307149380747",Lenovo ThinkPad T490 i5-8265U 16 GB 960 GB SSD 14 Zoll Win10 Pro,,16115732324,"8","FIXED_PRICE","EUR",432.0,,,432.0,"0","","","Aug-27-26 05:37:08 PDT","Oct-27-26 06:37:08 PDT","PC Notebooks & Netbooks","177","","","Gebraucht","","","","","","DE","","",""
"307149380748",Dell Latitude 7490 i7-8650U 16 GB 480 GB SSD 14 Zoll Win10 Pro,,18043919545,"8","FIXED_PRICE","EUR",258.0,,,258.0,"0","","","Aug-27-26 05:37:08 PDT","Oct-27-26 06:37:08 PDT","PC Notebooks & Netbooks","177","","","Gebraucht","","","","","","DE","","",""
"307149380749",HP ProBook 440 G6 i5-8265U 16 GB 480 GB SSD 14 Zoll Win11 Pro,,17757816631,"8","FIXED_PRICE","EUR",247.0,,,247.0,"0","","","Aug-27-26 05:37:08 PDT","Oct-27-26 06:37:08 PDT","PC Notebooks & Netbooks","177","","","Gebraucht","","","","","","DE","","",""
"307149380751",HP ProBook 440 G6 i5-8265U 8 GB 256 GB SSD+HDD 14 Zoll Win11 Pro,,17757696191,"8","FIXED_PRICE","EUR",194.0,,,194.0,"0","","","Aug-27-26 05:37:08 PDT","Oct-27-26 06:37:08 PDT","PC Notebooks & Netbooks","177","","","Gebraucht","","","","","","DE","","",""
"307149380752",Lenovo ThinkPad T14 Gen1 Ryzen 5 PRO 4650U 16 GB 960 GB SSD 14 Zoll Win11 Pro,,18415907958,"0","FIXED_PRICE","EUR",358.0,,,358.0,"0","1","0","Aug-27-26 05:37:08 PDT","Oct-27-26 06:37:08 PDT","PC Notebooks & Netbooks","177","","","Gebraucht","","","","","","DE","","",""
"307149380753",Lenovo ThinkPad T14 Gen1 Ryzen 5 PRO 4650U 16 GB 480 GB SSD 14 Zoll Win11 Pro,,18415912687,"0","FIXED_PRICE","EUR",312.0,,,312.0,"0","0","0","Aug-27-26 05:37:08 PDT","Oct-27-26 06:37:08 PDT","PC Notebooks & Netbooks","177","","","Gebraucht","","","","","","DE","","",""
"307149380755",HP EliteBook 840 G8 i5-1145G7 16 GB 256 GB SSD 14 Zoll Win10 Pro,,18418723367,"0","FIXED_PRICE","EUR",403.0,,,403.0,"0","","","Aug-27-26 05:37:08 PDT","Oct-27-26 06:37:08 PDT","PC Notebooks & Netbooks","177","","","Gebraucht","","","","","","DE","","",""
"307149380757",HP EliteBook 840 G8 i5-1145G7 16 GB 500 GB SSD 14 Zoll Win10 Pro,,18418824496,"0","FIXED_PRICE","EUR",440.0,,,440.0,"0","","","Aug-27-26 05:37:08 PDT","Oct-27-26 06:37:08 PDT","PC Notebooks & Netbooks","177","","","Gebraucht","","","","","","DE","","",""
"307149380758",HP EliteBook 840 G8 i5-1145G7 32 GB 256 GB SSD 14 Zoll Win10 Pro,,18418820473,"0","FIXED_PRICE","EUR",502.0,,,502.0,"0","","","Aug-27-26 05:37:08 PDT","Oct-27-26 06:37:08 PDT","PC Notebooks & Netbooks","177","","","Gebraucht","","","","","","DE","","",""
"307149380759",HP EliteBook 840 G8 i5-1145G7 16 GB 500 GB SSD 14 Zoll Win10 Pro,,18418827252,"0","FIXED_PRICE","EUR",541.0,,,541.0,"0","","","Aug-27-26 05:37:08 PDT","Oct-27-26 06:37:08 PDT","PC Notebooks & Netbooks","177","","","Gebraucht","","","","","","DE","","",""
"307149380760","Lenovo ThinkPad T15 Gen2 i5-1135G7 32 GB 1 TB SSD 15,6 Zoll Win11 Pro",,17622086782_20260609124017,"8","FIXED_PRICE","EUR",603.0,,,603.0,"0","1","0","Aug-27-26 05:37:09 PDT","Oct-27-26 06:37:09 PDT","PC Notebooks & Netbooks","177","","","Gebraucht","","","","","","DE","","",""
"307149380761",HP ZBook 14u G5 i5-7200U 32 GB 960 GB SSD 14 Zoll Win10 Pro,,15615870644,"8","FIXED_PRICE","EUR",504.0,,,504.0,"0","","","Aug-27-26 05:37:09 PDT","Oct-27-26 06:37:09 PDT","PC Notebooks & Netbooks","177","","","Gebraucht","","","","","","DE","","",""
"307149380762",HP ProBook 440 G6 i5-8265U 32 GB 480 GB SSD 14 Zoll Win11 Pro,,17757785153,"8","FIXED_PRICE","EUR",331.0,,,331.0,"0","","","Aug-27-26 05:37:09 PDT","Oct-27-26 06:37:09 PDT","PC Notebooks & Netbooks","177","","","Gebraucht","","","","","","DE","","",""
"307149380763",Dell Latitude 7490 i7-8650U 8 GB 256 GB SSD 14 Zoll Win10 Pro,,18043810208,"8","FIXED_PRICE","EUR",194.0,,,194.0,"0","","","Aug-27-26 05:37:09 PDT","Oct-27-26 06:37:09 PDT","PC Notebooks & Netbooks","177","","","Gebraucht","","","","","","DE","","",""
"307149380765",Lenovo ThinkPad T14 Gen1 Ryzen 5 PRO 4650U 16 GB 960 GB SSD 14 Zoll Win11 Pro,,18415918892,"0","FIXED_PRICE","EUR",381.0,,,381.0,"0","0","0","Aug-27-26 05:37:09 PDT","Oct-27-26 06:37:09 PDT","PC Notebooks & Netbooks","177","","","Gebraucht","","","","","","DE","","",""
"307149380766",Dell Latitude 7490 i7-8650U 32 GB 960 GB SSD 14 Zoll Win10 Pro,,18043940902,"8","FIXED_PRICE","EUR",327.0,,,327.0,"0","","","Aug-27-26 05:37:09 PDT","Oct-27-26 06:37:09 PDT","PC Notebooks & Netbooks","177","","","Gebraucht","","","","","","DE","","",""
"307149380767","Dell Latitude 5580 i5-7300U 16 GB 256 GB SSD 15,6 Zoll Win11 Pro",,18444689217,"8","FIXED_PRICE","EUR",246.0,,,246.0,"0","","","Aug-27-26 05:37:09 PDT","Oct-27-26 06:37:09 PDT","PC Notebooks & Netbooks","177","","","Gebraucht","","","","","","DE","","",""
"307149380769",HP EliteBook 840 G3 i5-6300U 8 GB 128 GB SSD 14 Zoll Win10 Pro,,18496607986,"8","FIXED_PRICE","EUR",142.0,,,142.0,"0","","","Aug-27-26 05:37:09 PDT","Oct-27-26 06:37:09 PDT","PC Notebooks & Netbooks","177","","","Gebraucht","","","","","","DE","","",""
"307149380770","Dell Latitude 5580 i5-7300U 8 GB 120 GB SSD 15,6 Zoll Win11 Pro",,18444699173,"8","FIXED_PRICE","EUR",188.0,,,188.0,"0","","","Aug-27-26 05:37:09 PDT","Oct-27-26 06:37:09 PDT","PC Notebooks & Netbooks","177","","","Gebraucht","","","","","","DE","","",""
"307149380771",HP EliteBook 840 G3 i5-6300U 16 GB 240 GB SSD 14 Zoll Win11 Pro,,18496653733,"8","FIXED_PRICE","EUR",197.0,,,197.0,"0","","","Aug-27-26 05:37:09 PDT","Oct-27-26 06:37:09 PDT","PC Notebooks & Netbooks","177","","","Gebraucht","","","","","","DE","","",""
"307149380773","Fujitsu Lifebook E5510 i7-10510U 8 GB 256 GB SSD 15,6 Zoll Win11 Pro",,18857442563,"8","FIXED_PRICE","EUR",294.0,,,294.0,"0","","","Aug-27-26 05:37:09 PDT","Oct-27-26 06:37:09 PDT","PC Notebooks & Netbooks","177","","","Gebraucht","","","","","","DE","","",""
"307149380774",HP EliteBook 840 G3 i5-6300U 16 GB 240 GB SSD 14 Zoll Win11 Pro,,18496756356,"10","FIXED_PRICE","EUR",237.0,,,237.0,"0","","","Aug-27-26 05:37:09 PDT","Oct-27-26 06:37:09 PDT","PC Notebooks & Netbooks","177","","","Gebraucht","","","","","","DE","","",""
"307149380777",Lenovo ThinkPad T15 GEN1 i5-10210U 16 GB 256 GB SSD 15 Zoll Win11 Pro,,18830654159,"8","FIXED_PRICE","EUR",318.0,,,318.0,"0","","","Aug-27-26 05:37:09 PDT","Oct-27-26 06:37:09 PDT","PC Notebooks & Netbooks","177","","","Gebraucht","","","","","","DE","","",""
"307149380779",HP EliteBook 840 G8 i5-1145G7 32 GB 1000 GB SSD 14 Zoll Win10 Pro,,18547227988,"0","FIXED_PRICE","EUR",585.0,,,585.0,"0","","","Aug-27-26 05:37:09 PDT","Oct-27-26 06:37:09 PDT","PC Notebooks & Netbooks","177","","","Gebraucht","","","","","","DE","","",""
"307149380781",Lenovo ThinkPad T15 GEN1 i5-10210U 16 GB 960 GB SSD 15 Zoll Win11 Pro,,18830678839,"8","FIXED_PRICE","EUR",467.0,,,467.0,"0","","","Aug-27-26 05:37:09 PDT","Oct-27-26 06:37:09 PDT","PC Notebooks & Netbooks","177","","","Gebraucht","","","","","","DE","","",""
"307149380782",Lenovo ThinkPad T15 GEN1 i5-10210U 16 GB 480 GB SSD 15 Zoll Win11 Pro,,18830671208,"10","FIXED_PRICE","EUR",398.0,,,398.0,"0","","","Aug-27-26 05:37:09 PDT","Oct-27-26 06:37:09 PDT","PC Notebooks & Netbooks","177","","","Gebraucht","","","","","","DE","","",""
"307149380783",Lenovo ThinkPad T15 GEN1 i5-10210U 32 GB 256 GB SSD 15 Zoll Win11 Pro,,18830681962,"10","FIXED_PRICE","EUR",444.0,,,444.0,"0","","","Aug-27-26 05:37:09 PDT","Oct-27-26 06:37:09 PDT","PC Notebooks & Netbooks","177","","","Gebraucht","","","","","","DE","","",""
"307149380787",Lenovo ThinkPad T15 GEN1 i5-10210U 32 GB 480 GB SSD 15 Zoll Win11 Pro,,18830691748,"10","FIXED_PRICE","EUR",489.0,,,489.0,"0","","","Aug-27-26 05:37:09 PDT","Oct-27-26 06:37:09 PDT","PC Notebooks & Netbooks","177","","","Gebraucht","","","","","","DE","","",""
"307149380788",Lenovo ThinkPad T15 GEN1 i5-10210U 32 GB 960 GB SSD 15 Zoll Win11 Pro,,18830709358,"10","FIXED_PRICE","EUR",559.0,,,559.0,"0","","","Aug-27-26 05:37:09 PDT","Oct-27-26 06:37:09 PDT","PC Notebooks & Netbooks","177","","","Gebraucht","","","","","","DE","","",""
"307149380790",Lenovo ThinkPad T15 GEN1 i5-10210U 16 GB 480 GB SSD 15 Zoll Win11 Pro,,18830744954,"10","FIXED_PRICE","EUR",363.0,,,363.0,"0","","","Aug-27-26 05:37:09 PDT","Oct-27-26 06:37:09 PDT","PC Notebooks & Netbooks","177","","","Gebraucht","","","","","","DE","","",""
"307149380791",Lenovo ThinkPad T15 GEN1 i5-10210U 32 GB 256 GB SSD 15 Zoll Win11 Pro,,18830770523,"8","FIXED_PRICE","EUR",410.0,,,410.0,"0","","","Aug-27-26 05:37:09 PDT","Oct-27-26 06:37:09 PDT","PC Notebooks & Netbooks","177","","","Gebraucht","","","","","","DE","","",""
"307149380792",Lenovo ThinkPad T15 GEN1 i5-10210U 16 GB 960 GB SSD 15 Zoll Win11 Pro,,18830761562,"10","FIXED_PRICE","EUR",433.0,,,433.0,"0","","","Aug-27-26 05:37:09 PDT","Oct-27-26 06:37:09 PDT","PC Notebooks & Netbooks","177","","","Gebraucht","","","","","","DE","","",""
"307149380793",Lenovo ThinkPad T15 GEN1 i5-10210U 32 GB 480 GB SSD 15 Zoll Win11 Pro,,18830795745,"10","FIXED_PRICE","EUR",455.0,,,455.0,"0","","","Aug-27-26 05:37:09 PDT","Oct-27-26 06:37:09 PDT","PC Notebooks & Netbooks","177","","","Gebraucht","","","","","","DE","","",""
"307149380794",Lenovo ThinkPad T15 GEN1 i5-10210U 32 GB 960 GB SSD 15 Zoll Win11 Pro,,18830797456,"8","FIXED_PRICE","EUR",524.0,,,524.0,"0","","","Aug-27-26 05:37:09 PDT","Oct-27-26 06:37:09 PDT","PC Notebooks & Netbooks","177","","","Gebraucht","","","","","","DE","","",""
"307149380795","Fujitsu Lifebook E5510 i7-10510U 16 GB 256 GB SSD 15,6 Zoll Win11 Pro",,18857466758,"8","FIXED_PRICE","EUR",317.0,,,317.0,"0","","","Aug-27-26 05:37:09 PDT","Oct-27-26 06:37:09 PDT","PC Notebooks & Netbooks","177","","","Gebraucht","","","","","","DE","","",""
"307149380796","Fujitsu Lifebook E5510 i7-10510U 16 GB 480 GB SSD 15,6 Zoll Win11 Pro",,18857473838,"10","FIXED_PRICE","EUR",363.0,,,363.0,"1","1","0","Aug-27-26 05:37:09 PDT","Oct-27-26 06:37:09 PDT","PC Notebooks & Netbooks","177","","","Gebraucht","","","","","","DE","","",""
"307149380799","Fujitsu Lifebook E5510 i7-10510U 16 GB 960 GB SSD 15,6 Zoll Win11 Pro",,18857478224,"10","FIXED_PRICE","EUR",432.0,,,432.0,"0","","","Aug-27-26 05:37:09 PDT","Oct-27-26 06:37:09 PDT","PC Notebooks & Netbooks","177","","","Gebraucht","","","","","","DE","","",""
"307149380800","Fujitsu Lifebook E5510 i7-10510U 32 GB 480 GB SSD 15,6 Zoll Win11 Pro",,18857482509,"8","FIXED_PRICE","EUR",455.0,,,455.0,"0","","","Aug-27-26 05:37:09 PDT","Oct-27-26 06:37:09 PDT","PC Notebooks & Netbooks","177","","","Gebraucht","","","","","","DE","","",""
"307149380801","Fujitsu Lifebook E5510 i7-10510U 32 GB 960 GB SSD 15,6 Zoll Win11 Pro",,18857484203,"10","FIXED_PRICE","EUR",524.0,,,524.0,"0","","","Aug-27-26 05:37:09 PDT","Oct-27-26 06:37:09 PDT","PC Notebooks & Netbooks","177","","","Gebraucht","","","","","","DE","","",""
"307149380802",HP EliteBook 840 G8 i5-1145G7 16 GB 1000 GB SSD 14 Zoll Win11 Pro,,18468755925,"0","FIXED_PRICE","EUR",609.0,,,609.0,"0","","","Aug-27-26 05:37:09 PDT","Oct-27-26 06:37:09 PDT","PC Notebooks & Netbooks","177","","","Gebraucht","","","","","","DE","","",""
"307150894363",HP EliteDesk 800 G4 i5-8500T 8 GB 240 GB SSD Win11 Pro,,3959,"5","FIXED_PRICE","EUR",182.0,,,182.0,"1","0","0","Aug-28-26 03:53:42 PDT","Oct-28-26 04:53:42 PDT","PC Desktops & All-in-Ones","179","","","Gebraucht","","","","","","DE","","",""
"307151036465","HP ProBook 450 G10 i5-1335U 16 GB 256 GB SSD 15,6 Zoll Win11 Home",,18699132458,"0","FIXED_PRICE","EUR",547.0,,,547.0,"0","","","Aug-28-26 06:02:24 PDT","Oct-28-26 07:02:24 PDT","PC Notebooks & Netbooks","177","","","Gebraucht","","","","","","DE","","",""
"307151036467","Dell Precision 7530 i5-8300H 8 GB 256 GB SSD 15,6 Zoll Win11 Pro",,18749440373,"0","FIXED_PRICE","EUR",237.0,,,237.0,"0","0","0","Aug-28-26 06:02:24 PDT","Oct-28-26 07:02:24 PDT","PC Notebooks & Netbooks","177","","","Gebraucht","","","","","","DE","","",""
"307151036468","Dell Precision 7530 i5-8300H 8 GB 256 GB SSD 15,6 Zoll Win11 Pro",,18749421120,"0","FIXED_PRICE","EUR",260.0,,,260.0,"0","","","Aug-28-26 06:02:24 PDT","Oct-28-26 07:02:24 PDT","PC Notebooks & Netbooks","177","","","Gebraucht","","","","","","DE","","",""
"307151036469","Dell Precision 7530 i5-8300H 16 GB 256 GB SSD 15,6 Zoll Win11 Pro",,18749446184,"0","FIXED_PRICE","EUR",317.0,,,317.0,"0","","","Aug-28-26 06:02:24 PDT","Oct-28-26 07:02:24 PDT","PC Notebooks & Netbooks","177","","","Gebraucht","","","","","","DE","","",""
"307151036471","Dell Precision 7530 i5-8300H 16 GB 480 GB SSD 15,6 Zoll Win11 Pro",,18749451783,"0","FIXED_PRICE","EUR",363.0,,,363.0,"0","","","Aug-28-26 06:02:24 PDT","Oct-28-26 07:02:24 PDT","PC Notebooks & Netbooks","177","","","Gebraucht","","","","","","DE","","",""
"307151036473","Dell Precision 7530 i5-8300H 16 GB 960 GB SSD 15,6 Zoll Win11 Pro",,18749460819,"0","FIXED_PRICE","EUR",433.0,,,433.0,"0","","","Aug-28-26 06:02:24 PDT","Oct-28-26 07:02:24 PDT","PC Notebooks & Netbooks","177","","","Gebraucht","","","","","","DE","","",""
"307151036475","Dell Precision 7530 i5-8300H 32 GB 480 GB SSD 15,6 Zoll Win11 Pro",,18749474753,"0","FIXED_PRICE","EUR",443.0,,,443.0,"0","","","Aug-28-26 06:02:24 PDT","Oct-28-26 07:02:24 PDT","PC Notebooks & Netbooks","177","","","Gebraucht","","","","","","DE","","",""
"307151036476","Dell Precision 7530 i5-8300H 32 GB 960 GB SSD 15,6 Zoll Win11 Pro",,18749470825,"0","FIXED_PRICE","EUR",513.0,,,513.0,"0","","","Aug-28-26 06:02:24 PDT","Oct-28-26 07:02:24 PDT","PC Notebooks & Netbooks","177","","","Gebraucht","","","","","","DE","","",""
"307151036478","Dell Precision 7530 i5-8300H 16 GB 256 GB SSD 15,6 Zoll Win11 Pro",,18749479408,"0","FIXED_PRICE","EUR",340.0,,,340.0,"0","","","Aug-28-26 06:02:24 PDT","Oct-28-26 07:02:24 PDT","PC Notebooks & Netbooks","177","","","Gebraucht","","","","","","DE","","",""
"307151036481","Dell Precision 7530 i5-8300H 16 GB 480 GB SSD 15,6 Zoll Win11 Pro",,18749543191,"0","FIXED_PRICE","EUR",386.0,,,386.0,"0","","","Aug-28-26 06:02:24 PDT","Oct-28-26 07:02:24 PDT","PC Notebooks & Netbooks","177","","","Gebraucht","","","","","","DE","","",""
"307151036482","Dell Precision 7530 i5-8300H 16 GB 960 GB SSD 15,6 Zoll Win11 Pro",,18749547249,"0","FIXED_PRICE","EUR",456.0,,,456.0,"0","","","Aug-28-26 06:02:24 PDT","Oct-28-26 07:02:24 PDT","PC Notebooks & Netbooks","177","","","Gebraucht","","","","","","DE","","",""
"307151036483","Dell Precision 7530 i5-8300H 32 GB 960 GB SSD 15,6 Zoll Win11 Pro",,18749560388,"0","FIXED_PRICE","EUR",536.0,,,536.0,"0","","","Aug-28-26 06:02:25 PDT","Oct-28-26 07:02:25 PDT","PC Notebooks & Netbooks","177","","","Gebraucht","","","","","","DE","","",""
"307151036485","Dell Precision 7530 i5-8300H 32 GB 480 GB SSD 15,6 Zoll Win11 Pro",,18749584615,"0","FIXED_PRICE","EUR",466.0,,,466.0,"0","","","Aug-28-26 06:02:25 PDT","Oct-28-26 07:02:25 PDT","PC Notebooks & Netbooks","177","","","Gebraucht","","","","","","DE","","",""
"307151036486",Fujitsu Lifebook U749 i7-8665U 16 GB 256 GB SSD 14 Zoll Win11 Pro,,18806242888,"0","FIXED_PRICE","EUR",222.0,,,222.0,"0","","","Aug-28-26 06:02:25 PDT","Oct-28-26 07:02:25 PDT","PC Notebooks & Netbooks","177","","","Gebraucht","","","","","","DE","","",""
"307151036487",Fujitsu Lifebook U749 i7-8665U 16 GB 480 GB SSD 14 Zoll Win11 Pro,,18806248848,"0","FIXED_PRICE","EUR",266.0,,,266.0,"0","","","Aug-28-26 06:02:25 PDT","Oct-28-26 07:02:25 PDT","PC Notebooks & Netbooks","177","","","Gebraucht","","","","","","DE","","",""
"307151036492",Fujitsu Lifebook U749 i7-8665U 32 GB 480 GB SSD 14 Zoll Win11 Pro,,18806268055,"0","FIXED_PRICE","EUR",346.0,,,346.0,"0","","","Aug-28-26 06:02:25 PDT","Oct-28-26 07:02:25 PDT","PC Notebooks & Netbooks","177","","","Gebraucht","","","","","","DE","","",""
"307151036493",Fujitsu Lifebook U749 i7-8665U 32 GB 960 GB SSD 14 Zoll Win11 Pro,,18806281817,"0","FIXED_PRICE","EUR",416.0,,,416.0,"0","","","Aug-28-26 06:02:25 PDT","Oct-28-26 07:02:25 PDT","PC Notebooks & Netbooks","177","","","Gebraucht","","","","","","DE","","",""
"307151036494","HP 250 G6 i3-6006U 8/128 i3-6006U 8 GB 128 GB SSD 15,6 Zoll Win11 Pro",,18851662532,"0","FIXED_PRICE","EUR",136.0,,,136.0,"0","","","Aug-28-26 06:02:25 PDT","Oct-28-26 07:02:25 PDT","PC Notebooks & Netbooks","177","","","Gebraucht","","","","","","DE","","",""
"307151036498","HP 250 G5 i3-5005U 8 GB 128 GB SSD 15,6 Zoll Win11 Pro",,18851673747,"0","FIXED_PRICE","EUR",130.0,,,130.0,"0","","","Aug-28-26 06:02:25 PDT","Oct-28-26 07:02:25 PDT","PC Notebooks & Netbooks","177","","","Gebraucht","","","","","","DE","","",""
"307151036499","HP 250 G5 i3-5005U 8 GB 256 GB SSD 15,6 Zoll Win11 Pro",,18851705231,"0","FIXED_PRICE","EUR",149.0,,,149.0,"0","","","Aug-28-26 06:02:25 PDT","Oct-28-26 07:02:25 PDT","PC Notebooks & Netbooks","177","","","Gebraucht","","","","","","DE","","",""
"307151036502","Fujitsu Lifebook E756 i7-6500U 8 GB 240 GB SSD 15,6 Zoll Win11 Pro",,18858186864,"0","FIXED_PRICE","EUR",182.0,,,182.0,"0","","","Aug-28-26 06:02:25 PDT","Oct-28-26 07:02:25 PDT","PC Notebooks & Netbooks","177","","","Gebraucht","","","","","","DE","","",""
"307151036503","Fujitsu Lifebook E756 i7-6500U 16 GB 240 GB SSD 15,6 Zoll Win11 Pro",,18858198018,"0","FIXED_PRICE","EUR",228.0,,,228.0,"0","1","0","Aug-28-26 06:02:25 PDT","Oct-28-26 07:02:25 PDT","PC Notebooks & Netbooks","177","","","Gebraucht","","","","","","DE","","",""
"307151036504","Fujitsu Lifebook E756 i7-6500U 16 GB 480 GB SSD 15,6 Zoll Win11 Pro",,18858206297,"0","FIXED_PRICE","EUR",272.0,,,272.0,"0","","","Aug-28-26 06:02:25 PDT","Oct-28-26 07:02:25 PDT","PC Notebooks & Netbooks","177","","","Gebraucht","","","","","","DE","","",""
"307151036505",HP EliteBook 745 G6 Ryzen 7 PRO 3700U 16 GB 256 GB SSD 14 Zoll Win11 Pro,,18873675648,"0","FIXED_PRICE","EUR",271.0,,,271.0,"0","","","Aug-28-26 06:02:25 PDT","Oct-28-26 07:02:25 PDT","PC Notebooks & Netbooks","177","","","Gebraucht","","","","","","DE","","",""
"307151036507",Fujitsu Lifebook U749 i7-8665U 16 GB 960 GB SSD 14 Zoll Win11 Pro,,18806260913,"0","FIXED_PRICE","EUR",335.0,,,335.0,"0","","","Aug-28-26 06:02:25 PDT","Oct-28-26 07:02:25 PDT","PC Notebooks & Netbooks","177","","","Gebraucht","","","","","","DE","","",""
"307151036509",HP EliteBook 745 G6 Ryzen 7 PRO 3700U 16 GB 480 GB SSD 14 Zoll Win11 Pro,,18873683147,"0","FIXED_PRICE","EUR",318.0,,,318.0,"0","","","Aug-28-26 06:02:25 PDT","Oct-28-26 07:02:25 PDT","PC Notebooks & Netbooks","177","","","Gebraucht","","","","","","DE","","",""
"307151036510",HP EliteBook 745 G6 Ryzen 7 PRO 3700U 16 GB 960 GB SSD 14 Zoll Win11 Pro,,18873684542,"0","FIXED_PRICE","EUR",387.0,,,387.0,"0","","","Aug-28-26 06:02:25 PDT","Oct-28-26 07:02:25 PDT","PC Notebooks & Netbooks","177","","","Gebraucht","","","","","","DE","","",""
"307151036513",HP EliteBook 745 G6 Ryzen 7 PRO 3700U 32 GB 960 GB SSD 14 Zoll Win11 Pro,,18873685826,"0","FIXED_PRICE","EUR",467.0,,,467.0,"0","","","Aug-28-26 06:02:25 PDT","Oct-28-26 07:02:25 PDT","PC Notebooks & Netbooks","177","","","Gebraucht","","","","","","DE","","",""
"307151036516",HP EliteBook 745 G6 Ryzen 7 PRO 3700U 16 GB 480 GB SSD 14 Zoll Win11 Pro,,18873707852,"0","FIXED_PRICE","EUR",289.0,,,289.0,"0","","","Aug-28-26 06:02:25 PDT","Oct-28-26 07:02:25 PDT","PC Notebooks & Netbooks","177","","","Gebraucht","","","","","","DE","","",""
"307151036517",HP EliteBook 745 G6 Ryzen 7 PRO 3700U 16 GB 256 GB SSD 14 Zoll Win11 Pro,,18873700579,"0","FIXED_PRICE","EUR",243.0,,,243.0,"0","","","Aug-28-26 06:02:25 PDT","Oct-28-26 07:02:25 PDT","PC Notebooks & Netbooks","177","","","Gebraucht","","","","","","DE","","",""
"307151036520",HP EliteBook 745 G6 Ryzen 7 PRO 3700U 16 GB 960 GB SSD 14 Zoll Win11 Pro,,18873709312,"0","FIXED_PRICE","EUR",358.0,,,358.0,"0","","","Aug-28-26 06:02:25 PDT","Oct-28-26 07:02:25 PDT","PC Notebooks & Netbooks","177","","","Gebraucht","","","","","","DE","","",""
"307151036522",HP EliteBook 745 G6 Ryzen 7 PRO 3700U 32 GB 960 GB SSD 14 Zoll Win11 Pro,,18873710562,"0","FIXED_PRICE","EUR",439.0,,,439.0,"0","","","Aug-28-26 06:02:25 PDT","Oct-28-26 07:02:25 PDT","PC Notebooks & Netbooks","177","","","Gebraucht","","","","","","DE","","",""
"307151036523","HP 430 G5 i5-8250U 8 GB 740 GB SSD+HDD 13,3 Zoll Win10 Pro",,12305976081,"2","FIXED_PRICE","EUR",193.0,,,193.0,"0","","","Aug-28-26 06:02:25 PDT","Oct-28-26 07:02:25 PDT","PC Notebooks & Netbooks","177","","","Gebraucht","","","","","","DE","","",""
"307151036525","Dell Precision 7730 i7-8750H 32 GB 1000 GB SSD 17,3 Zoll Win10 Pro",,18465864151,"0","FIXED_PRICE","EUR",783.0,,,783.0,"0","","","Aug-28-26 06:02:25 PDT","Oct-28-26 07:02:25 PDT","PC Notebooks & Netbooks","177","","","Gebraucht","","","","","","DE","","",""
"307157057587",Dell Latitude E7470 i5-6300U 8 GB 120 GB SSD 14 Zoll Win11 Pro,,18880669190,"0","FIXED_PRICE","EUR",130.0,,,130.0,"0","","","Sep-01-26 06:45:29 PDT","Nov-01-26 06:45:29 PST","PC Notebooks & Netbooks","177","","","Gebraucht","","","","","","DE","","",""
"307157057588",Dell Latitude E7470 i5-6300U 16 GB 256 GB SSD 14 Zoll Win11 Pro,,18880690920,"0","FIXED_PRICE","EUR",182.0,,,182.0,"0","","","Sep-01-26 06:45:29 PDT","Nov-01-26 06:45:29 PST","PC Notebooks & Netbooks","177","","","Gebraucht","","","","","","DE","","",""
"307157057589",Dell Latitude E7470 i5-6300U 16 GB 480 GB SSD 14 Zoll Win11 Pro,,18880695042,"0","FIXED_PRICE","EUR",216.0,,,216.0,"0","","","Sep-01-26 06:45:29 PDT","Nov-01-26 06:45:29 PST","PC Notebooks & Netbooks","177","","","Gebraucht","","","","","","DE","","",""
"307157057591",Dell Latitude E7470 i5-6300U 16 GB 960 GB SSD 14 Zoll Win11 Pro,,18880697487,"0","FIXED_PRICE","EUR",297.0,,,297.0,"0","","","Sep-01-26 06:45:29 PDT","Nov-01-26 06:45:29 PST","PC Notebooks & Netbooks","177","","","Gebraucht","","","","","","DE","","",""
"307157057593",Dell Latitude E7470 i5-6300U 32 GB 960 GB SSD 14 Zoll Win11 Pro,,18880698857,"0","FIXED_PRICE","EUR",378.0,,,378.0,"0","","","Sep-01-26 06:45:30 PDT","Nov-01-26 06:45:30 PST","PC Notebooks & Netbooks","177","","","Gebraucht","","","","","","DE","","",""
"307157057594",Dell Latitude E7470 i5-6300U 8 GB 256 GB SSD 14 Zoll Win11 Pro,,18880705570,"0","FIXED_PRICE","EUR",159.0,,,159.0,"0","","","Sep-01-26 06:45:30 PDT","Nov-01-26 06:45:30 PST","PC Notebooks & Netbooks","177","","","Gebraucht","","","","","","DE","","",""
"307157057595",Dell Latitude E7470 i5-6300U 16 GB 256 GB SSD 14 Zoll Win11 Pro,,18880716276,"0","FIXED_PRICE","EUR",205.0,,,205.0,"0","","","Sep-01-26 06:45:30 PDT","Nov-01-26 06:45:30 PST","PC Notebooks & Netbooks","177","","","Gebraucht","","","","","","DE","","",""
"307157057597",Dell Latitude E7470 i5-6300U 16 GB 480 GB SSD 14 Zoll Win11 Pro,,18880718241,"0","FIXED_PRICE","EUR",240.0,,,240.0,"0","","","Sep-01-26 06:45:30 PDT","Nov-01-26 06:45:30 PST","PC Notebooks & Netbooks","177","","","Gebraucht","","","","","","DE","","",""
"307157057598",Dell Latitude E7470 i5-6300U 16 GB 960 GB SSD 14 Zoll Win11 Pro,,18880722837,"0","FIXED_PRICE","EUR",320.0,,,320.0,"0","","","Sep-01-26 06:45:30 PDT","Nov-01-26 06:45:30 PST","PC Notebooks & Netbooks","177","","","Gebraucht","","","","","","DE","","",""
"307157057600",Dell Latitude E7470 i5-6300U 32 GB 960 GB SSD 14 Zoll Win11 Pro,,18880725455,"0","FIXED_PRICE","EUR",401.0,,,401.0,"0","","","Sep-01-26 06:45:30 PDT","Nov-01-26 06:45:30 PST","PC Notebooks & Netbooks","177","","","Gebraucht","","","","","","DE","","",""
"307157057604",Dell OptiPlex 7050 i3-6100T 8 GB 256 GB SSD Win11 Pro,,5460_20260403122309,"2","FIXED_PRICE","EUR",112.0,,,112.0,"0","1","0","Sep-01-26 06:45:30 PDT","Nov-01-26 06:45:30 PST","PC Desktops & All-in-Ones","179","","","Gebraucht","","","","","","DE","","",""
"307157057606",HP 400 G5 mini i5-9500T 8 GB 240 GB SSD Win11 Pro,,4850_20260123100930,"2","FIXED_PRICE","EUR",198.0,,,198.0,"0","1","0","Sep-01-26 06:45:30 PDT","Nov-01-26 06:45:30 PST","PC Desktops & All-in-Ones","179","","","Gebraucht","","","","","","DE","","",""
"307157057607",Lenovo M920T i5-8500 32 GB 512 GB SSD Win10/11 Pro,,10354_20260512140706,"2","FIXED_PRICE","EUR",546.0,,,546.0,"0","","","Sep-01-26 06:45:30 PDT","Nov-01-26 06:45:30 PST","PC Desktops & All-in-Ones","179","","","Gebraucht","","","","","","DE","","",""
"307157057608",Lenovo M920T i7-8700 16 GB 256 GB SSD Win10/11 Pro,,10354,"2","FIXED_PRICE","EUR",352.0,,,352.0,"0","","","Sep-01-26 06:45:30 PDT","Nov-01-26 06:45:30 PST","PC Desktops & All-in-Ones","179","","","Gebraucht","","","","","","DE","","",""
"307157057609",HP EliteDesk 400 G4 i5-8500T 8 GB 256 GB SSD Win11 Pro,,5653,"5","FIXED_PRICE","EUR",176.0,,,176.0,"0","0","0","Sep-01-26 06:45:30 PDT","Nov-01-26 06:45:30 PST","PC Desktops & All-in-Ones","179","","","Gebraucht","","","","","","DE","","",""
"307157057611",HP Workstation Z440 TW Intel Xeon 16 GB 240 GB SSD+HDD Win11 Home,,5475,"5","FIXED_PRICE","EUR",251.0,,,251.0,"0","","","Sep-01-26 06:45:30 PDT","Nov-01-26 06:45:30 PST","PC Desktops & All-in-Ones","179","","","Gebraucht","","","","","","DE","","",""
"307157057612",Lenovo ThinkCentre M920Q TINY i5-8500T 16 GB 256 GB SSD Win11 Pro,,5009,"0","FIXED_PRICE","EUR",240.0,,,240.0,"0","7","0","Sep-01-26 06:45:30 PDT","Nov-01-26 06:45:30 PST","PC Desktops & All-in-Ones","179","","","Gebraucht","","","","","","DE","","",""
"307157057613",Lenovo ThinkCentre M920Q TINY i5-8500T 8 GB 256 GB SSD Win11 Pro,,5381,"0","FIXED_PRICE","EUR",193.0,,,193.0,"6","19","0","Sep-01-26 06:45:30 PDT","Nov-01-26 06:45:30 PST","PC Desktops & All-in-Ones","179","","","Gebraucht","","","","","","DE","","",""
"307157057615",Dell Optiplex 5050 i5-6600 8 GB 256 GB SSD Win11 Pro,,9926,"5","FIXED_PRICE","EUR",133.0,,,133.0,"0","0","0","Sep-01-26 06:45:30 PDT","Nov-01-26 06:45:30 PST","PC Desktops & All-in-Ones","179","","","Gebraucht","","","","","","DE","","",""
"307157057618",Dell Optiplex 5050 i5-6600 16 GB 480 GB SSD Win11 Pro,,9926_20260610141159,"8","FIXED_PRICE","EUR",224.0,,,224.0,"0","","","Sep-01-26 06:45:30 PDT","Nov-01-26 06:45:30 PST","PC Desktops & All-in-Ones","179","","","Gebraucht","","","","","","DE","","",""
"307178229417","Panasonic ToughPad FZ-G1 mk4 i5-6300U 4 GB 120 GB SSD 10,1 Zoll Win10 Pro",,10356_20260812093350,"0","FIXED_PRICE","EUR",232.0,,,232.0,"0","3","0","Sep-13-26 22:31:59 PDT","Oct-13-26 22:31:59 PDT","PC Notebooks & Netbooks","177","","","Gebraucht","","","","","","DE","","",""
"307178229479","Panasonic ToughPad FZ-G1 mk4 i5-6300U 4 GB 120 GB SSD 10,1 Zoll Win10 Pro",,10356_20260812093001,"5","FIXED_PRICE","EUR",154.0,,,154.0,"3","4","0","Sep-13-26 22:32:04 PDT","Oct-13-26 22:32:04 PDT","PC Notebooks & Netbooks","177","","","Gebraucht","","","","","","DE","","",""
"307178229517","Panasonic ToughPad FZ-G1 mk3 i5-5300U 4 GB 120 GB SSD 10,1 Zoll Win10 Pro",,10356_20260812092214,"2","FIXED_PRICE","EUR",215.0,,,215.0,"3","12","0","Sep-13-26 22:32:10 PDT","Oct-13-26 22:32:10 PDT","PC Notebooks & Netbooks","177","","","Gebraucht","","","","","","DE","","",""
"307178229540","Panasonic ToughPad FZ-G1 mk3 i5-5300U 8 GB 120 GB SSD 10,1 Zoll Win10 Pro",,10356_20260812091709,"0","FIXED_PRICE","EUR",206.0,,,206.0,"0","","","Sep-13-26 22:32:15 PDT","Oct-13-26 22:32:15 PDT","PC Notebooks & Netbooks","177","","","Gebraucht","","","","","","DE","","",""
"307179971748","Panasonic ToughPad FZ-G1 mk3 i5-5300U 8 GB 120 GB SSD 10,1 Zoll Win10 Pro",,10356_20260812092619,"0","FIXED_PRICE","EUR",287.0,,,287.0,"1","1","0","Sep-14-26 23:10:16 PDT","Oct-14-26 23:10:16 PDT","PC Notebooks & Netbooks","177","","","Gebraucht","","","","","","DE","","",""
"307182185648",HP EliteBook 845 G8 Ryzen 5 PRO 5650U 8 GB 256 GB Win11 Pro 24 Monate Garantie,,17618895854GW24,"0","FIXED_PRICE","EUR",287.0,,,287.0,"0","4","0","Sep-16-26 04:24:31 PDT","Oct-16-26 04:24:31 PDT","PC Notebooks & Netbooks","177","","","Gebraucht","","","","","","DE","","",""
"307182185650",Lenovo ThinkPad T14 Gen 1 Ryzen 5 PRO 4650U 16 GB Win11 Pro 24 Monate Garantie,,3888_20250724124155GW24,"0","FIXED_PRICE","EUR",322.0,,,322.0,"0","1","0","Sep-16-26 04:24:32 PDT","Oct-16-26 04:24:32 PDT","PC Notebooks & Netbooks","177","","","Gebraucht","","","","","","DE","","",""
"307182185652",HP EliteBook 845 G8 Ryzen 5 PRO 5650U 32 GB 256 GB Win11 Pro 24 Monate Garantie,,17618895854_20260303112909GW24,"0","FIXED_PRICE","EUR",437.0,,,437.0,"0","1","0","Sep-16-26 04:24:32 PDT","Oct-16-26 04:24:32 PDT","PC Notebooks & Netbooks","177","","","Gebraucht","","","","","","DE","","",""
"307182185654",Lenovo ThinkPad T14 Gen 1 Ryzen 5 PRO 4650U 16 GB Win11 Pro 24 Monate Garantie,,3888_20250724125241GW24,"0","FIXED_PRICE","EUR",294.0,,,294.0,"2","14","0","Sep-16-26 04:24:32 PDT","Oct-16-26 04:24:32 PDT","PC Notebooks & Netbooks","177","","","Gebraucht","","","","","","DE","","",""
"307182185657",Lenovo ThinkPad T590 i5-8365U 8 GB 256 GB SSD Win11 Pro 24 Monate Garantie,,18547290077GW24,"0","FIXED_PRICE","EUR",287.0,,,287.0,"0","","","Sep-16-26 04:24:32 PDT","Oct-16-26 04:24:32 PDT","PC Notebooks & Netbooks","177","","","Gebraucht","","","","","","DE","","",""
"307182185658",Lenovo ThinkPad T590 i5-8365U 8 GB 256 GB SSD Win11 Pro 24 Monate Garantie,,18547336230GW24,"0","FIXED_PRICE","EUR",326.0,,,326.0,"0","","","Sep-16-26 04:24:32 PDT","Oct-16-26 04:24:32 PDT","PC Notebooks & Netbooks","177","","","Gebraucht","","","","","","DE","","",""
"307182185659",Panasonic ToughPad FZ-G1 mk3 i5-5300U 4 GB 120 GB Win10 Pro 24 Monate Garantie,,10356_20260812090814GW24,"8","FIXED_PRICE","EUR",164.0,,,164.0,"1","4","0","Sep-16-26 04:24:32 PDT","Oct-16-26 04:24:32 PDT","PC Notebooks & Netbooks","177","","","Gebraucht","","","","","","DE","","",""
"307182185661",HP EliteBook 845 G8 Ryzen 5 PRO 5650U 16 GB 480 GB Win11 Pro 24 Monate Garantie,,17618895854_20260430121942GW24,"0","FIXED_PRICE","EUR",395.0,,,395.0,"0","1","0","Sep-16-26 04:24:32 PDT","Oct-16-26 04:24:32 PDT","PC Notebooks & Netbooks","177","","","Gebraucht","","","","","","DE","","",""
"307182185664",Lenovo ThinkPad T14 Gen1 Ryzen 5 PRO 4650U 16 GB Win11 Pro 24 Monate Garantie,,18407489881GW24,"0","FIXED_PRICE","EUR",294.0,,,294.0,"0","1","0","Sep-16-26 04:24:32 PDT","Oct-16-26 04:24:32 PDT","PC Notebooks & Netbooks","177","","","Gebraucht","","","","","","DE","","",""
"307184045170","Lenovo ThinkPad T14 Gen 1 Ryzen 5 PRO 4650U 16 GB 256 GB SSD 14"" Win11 Pro",,3888_20250724124155ITT,"0","FIXED_PRICE","EUR",267.0,,,267.0,"1","5","0","Sep-17-26 06:52:10 PDT","Oct-17-26 06:52:10 PDT","Notebook e portatili","177","","","Usato","","","","","","IT","","",""
"307184045182","Lenovo ThinkPad T14 Gen 1 Ryzen 5 PRO 4650U 16 GB 256 GB SSD 14"" Win11 Pro",,3888_20250724125241ITT,"0","FIXED_PRICE","EUR",244.0,,,244.0,"20","64","0","Sep-17-26 06:52:11 PDT","Oct-17-26 06:52:11 PDT","Notebook e portatili","177","","","Usato","","","","","","IT","","",""
"307190581237","Fujitsu Lifebook E5510 i7-10510U 8 GB 256 GB SSD 15,6"" Win11 Pro",,5563_20260819094242ITT,"10","FIXED_PRICE","EUR",297.0,,,297.0,"0","","","Sep-21-26 02:59:27 PDT","Oct-21-26 02:59:27 PDT","Notebook e portatili","177","","","Usato","","","","","","IT","","",""
"307190581241","Fujitsu Lifebook E5510 i7-10510U 16 GB 256 GB SSD 15,6"" Win11 Pro",,5563_20260819142954ITT,"10","FIXED_PRICE","EUR",320.0,,,320.0,"0","","","Sep-21-26 02:59:27 PDT","Oct-21-26 02:59:27 PDT","Notebook e portatili","177","","","Usato","","","","","","IT","","",""
"307190747852","HP EliteBook 840 G8 i5-1145G7 16 GB 256 GB SSD 14"" Win11 Pro",,17629721417ITT,"0","FIXED_PRICE","EUR",324.0,,,324.0,"10","0","0","Sep-21-26 04:45:35 PDT","Oct-21-26 04:45:35 PDT","Notebook e portatili","177","","","Usato","","","","","","IT","","",""
"307190747853","HP ZBook 14u G5 i5-7200U 32 GB 256 GB SSD 14"" Win10 Pro",,15615686905ITT,"10","FIXED_PRICE","EUR",414.0,,,414.0,"0","","","Sep-21-26 04:45:35 PDT","Oct-21-26 04:45:35 PDT","Notebook e portatili","177","","","Usato","","","","","","IT","","",""
"307190747854","HP EliteBook 840 G3 i5-6300U 8 GB 256 GB SSD 14"" Win11 Pro",,5669_20260413101921ITT,"8","FIXED_PRICE","EUR",194.0,,,194.0,"0","","","Sep-21-26 04:45:35 PDT","Oct-21-26 04:45:35 PDT","Notebook e portatili","177","","","Usato","","","","","","IT","","",""
"307190747855","HP ZBook 14u G5 i5-7200U 16 GB 256 GB SSD 14"" Win10 Pro",,15615738508ITT,"10","FIXED_PRICE","EUR",336.0,,,336.0,"0","","","Sep-21-26 04:45:35 PDT","Oct-21-26 04:45:35 PDT","Notebook e portatili","177","","","Usato","","","","","","IT","","",""
"307190747856","HP ProBook 440 G6 i5-8265U 32 GB 480 GB SSD 14"" Win11 Pro",,3939_20260415081208ITT,"10","FIXED_PRICE","EUR",353.0,,,353.0,"0","","","Sep-21-26 04:45:35 PDT","Oct-21-26 04:45:35 PDT","Notebook e portatili","177","","","Usato","","","","","","IT","","",""
"307190747858","Lenovo ThinkPad T490 i5-8265U 32 GB 960 GB SSD 14"" Win10 Pro",,16115738995ITT,"10","FIXED_PRICE","EUR",512.0,,,512.0,"0","","","Sep-21-26 04:45:35 PDT","Oct-21-26 04:45:35 PDT","Notebook e portatili","177","","","Usato","","","","","","IT","","",""
"307190747859","HP ZBook 14u G5 i5-7200U 16 GB 960 GB SSD 14"" Win10 Pro",,15615818025ITT,"10","FIXED_PRICE","EUR",425.0,,,425.0,"0","","","Sep-21-26 04:45:35 PDT","Oct-21-26 04:45:35 PDT","Notebook e portatili","177","","","Usato","","","","","","IT","","",""
"307190747862","Lenovo ThinkPad T14 Gen1 Ryzen 5 PRO 4650U 16 GB 256 GB SSD 14"" Win11 Pro",,17739396731ITT,"0","FIXED_PRICE","EUR",268.0,,,268.0,"0","","","Sep-21-26 04:45:35 PDT","Oct-21-26 04:45:35 PDT","Notebook e portatili","177","","","Usato","","","","","","IT","","",""
"307190747863","HP ZBook 14u G5 i5-7200U 32 GB 480 GB SSD 14"" Win10 Pro",,15615831762ITT,"10","FIXED_PRICE","EUR",463.0,,,463.0,"0","","","Sep-21-26 04:45:35 PDT","Oct-21-26 04:45:35 PDT","Notebook e portatili","177","","","Usato","","","","","","IT","","",""
"307190747865","HP ProBook 440 G6 i5-8265U 16 GB 256 GB SSD 14"" Win11 Pro",,17757645965ITT,"10","FIXED_PRICE","EUR",244.0,,,244.0,"0","","","Sep-21-26 04:45:35 PDT","Oct-21-26 04:45:35 PDT","Notebook e portatili","177","","","Usato","","","","","","IT","","",""
"307190747866","HP ProBook 440 G6 i5-8265U 16 GB 480 GB SSD 14"" Win11 Pro",,17757753341ITT,"10","FIXED_PRICE","EUR",282.0,,,282.0,"0","","","Sep-21-26 04:45:35 PDT","Oct-21-26 04:45:35 PDT","Notebook e portatili","177","","","Usato","","","","","","IT","","",""
"307190747867","HP ProBook 440 G6 i5-8265U 16 GB 960 GB SSD 14"" Win11 Pro",,17757766185ITT,"10","FIXED_PRICE","EUR",301.0,,,301.0,"0","","","Sep-21-26 04:45:35 PDT","Oct-21-26 04:45:35 PDT","Notebook e portatili","177","","","Usato","","","","","","IT","","",""
"307190747869","HP ProBook 440 G6 i5-8265U 32 GB 960 GB SSD+HDD 14"" Win11 Pro",,17757777002ITT,"10","FIXED_PRICE","EUR",362.0,,,362.0,"0","","","Sep-21-26 04:45:35 PDT","Oct-21-26 04:45:35 PDT","Notebook e portatili","177","","","Usato","","","","","","IT","","",""
"307190747870","Dell Latitude 5580 i5-7300U 16 GB 960 GB SSD 15,6"" Win11 Pro",,18444694210ITT,"10","FIXED_PRICE","EUR",361.0,,,361.0,"0","","","Sep-21-26 04:45:35 PDT","Oct-21-26 04:45:35 PDT","Notebook e portatili","177","","","Usato","","","","","","IT","","",""
"307190747872","HP ProBook 440 G6 i5-8265U 16 GB 960 GB SSD 14"" Win11 Pro",,17757818480ITT,"10","FIXED_PRICE","EUR",277.0,,,277.0,"0","","","Sep-21-26 04:45:35 PDT","Oct-21-26 04:45:35 PDT","Notebook e portatili","177","","","Usato","","","","","","IT","","",""
"307190747873","Dell Latitude 7490 i7-8650U 16 GB 960 GB SSD 14"" Win10 Pro",,18043936483ITT,"10","FIXED_PRICE","EUR",279.0,,,279.0,"0","","","Sep-21-26 04:45:35 PDT","Oct-21-26 04:45:35 PDT","Notebook e portatili","177","","","Usato","","","","","","IT","","",""
"307190747874","Dell Latitude 5580 i5-7300U 32 GB 480 GB SSD 15,6"" Win11 Pro",,18444717652ITT,"10","FIXED_PRICE","EUR",371.0,,,371.0,"0","","","Sep-21-26 04:45:35 PDT","Oct-21-26 04:45:35 PDT","Notebook e portatili","177","","","Usato","","","","","","IT","","",""
"307190747876","Dell Latitude 5580 i5-7300U 16 GB 480 GB SSD 15,6"" Win11 Pro",,18444691869ITT,"10","FIXED_PRICE","EUR",291.0,,,291.0,"0","","","Sep-21-26 04:45:35 PDT","Oct-21-26 04:45:35 PDT","Notebook e portatili","177","","","Usato","","","","","","IT","","",""
"307190747877","Dell Latitude 5580 i5-7300U 32 GB 960 GB SSD 15,6"" Win11 Pro",,18444719991ITT,"10","FIXED_PRICE","EUR",441.0,,,441.0,"0","","","Sep-21-26 04:45:35 PDT","Oct-21-26 04:45:35 PDT","Notebook e portatili","177","","","Usato","","","","","","IT","","",""
"307190747879","Dell Latitude 5580 i5-7300U 32 GB 256 GB SSD 15,6"" Win11 Pro",,18444703850ITT,"10","FIXED_PRICE","EUR",326.0,,,326.0,"0","","","Sep-21-26 04:45:35 PDT","Oct-21-26 04:45:35 PDT","Notebook e portatili","177","","","Usato","","","","","","IT","","",""
"307190747881","Dell Latitude 5580 i5-7300U 8 GB 256 GB SSD 15,6"" Win10 Pro",,18444724239ITT,"10","FIXED_PRICE","EUR",225.0,,,225.0,"0","","","Sep-21-26 04:45:35 PDT","Oct-21-26 04:45:35 PDT","Notebook e portatili","177","","","Usato","","","","","","IT","","",""
"307190747884","Dell Latitude 5580 i5-7300U 16 GB 256 GB SSD 15,6"" Win10 Pro",,18444817182ITT,"10","FIXED_PRICE","EUR",271.0,,,271.0,"0","","","Sep-21-26 04:45:35 PDT","Oct-21-26 04:45:35 PDT","Notebook e portatili","177","","","Usato","","","","","","IT","","",""
"307190747886","Dell Latitude 5580 i5-7300U 32 GB 256 GB SSD 15,6"" Win11 Pro",,18444825737ITT,"10","FIXED_PRICE","EUR",352.0,,,352.0,"0","","","Sep-21-26 04:45:35 PDT","Oct-21-26 04:45:35 PDT","Notebook e portatili","177","","","Usato","","","","","","IT","","",""
"307190747888","Dell Latitude 5580 i5-7300U 16 GB 480 GB SSD 15,6"" Win10 Pro",,18444821562ITT,"10","FIXED_PRICE","EUR",316.0,,,316.0,"0","","","Sep-21-26 04:45:35 PDT","Oct-21-26 04:45:35 PDT","Notebook e portatili","177","","","Usato","","","","","","IT","","",""
"307190747889","Dell Latitude 5580 i5-7300U 16 GB 960 GB SSD 15,6"" Win10 Pro",,18444822872ITT,"10","FIXED_PRICE","EUR",386.0,,,386.0,"0","","","Sep-21-26 04:45:35 PDT","Oct-21-26 04:45:35 PDT","Notebook e portatili","177","","","Usato","","","","","","IT","","",""
"307190747890","Dell Latitude 5580 i5-7300U 32 GB 960 GB SSD 15,6"" Win11 Pro",,18444839065ITT,"10","FIXED_PRICE","EUR",464.0,,,464.0,"0","","","Sep-21-26 04:45:35 PDT","Oct-21-26 04:45:35 PDT","Notebook e portatili","177","","","Usato","","","","","","IT","","",""
"307190747891","Dell Latitude 5580 i5-7300U 32 GB 480 GB SSD 15,6"" Win11 Pro",,18444836298ITT,"10","FIXED_PRICE","EUR",396.0,,,396.0,"0","","","Sep-21-26 04:45:35 PDT","Oct-21-26 04:45:35 PDT","Notebook e portatili","177","","","Usato","","","","","","IT","","",""
"307190747894","HP EliteBook 840 G3 i5-6300U 16 GB 480 GB SSD 14"" Win11 Pro",,18496686238ITT,"10","FIXED_PRICE","EUR",244.0,,,244.0,"0","","","Sep-21-26 04:45:35 PDT","Oct-21-26 04:45:35 PDT","Notebook e portatili","177","","","Usato","","","","","","IT","","",""
"307190747895","HP EliteBook 840 G3 i5-6300U 8 GB 240 GB SSD 14"" Win11 Pro",,18496641500ITT,"10","FIXED_PRICE","EUR",154.0,,,154.0,"0","","","Sep-21-26 04:45:35 PDT","Oct-21-26 04:45:35 PDT","Notebook e portatili","177","","","Usato","","","","","","IT","","",""
"307190747896","HP EliteBook 840 G3 i5-6300U 16 GB 960 GB SSD 14"" Win11 Pro",,18496695385ITT,"10","FIXED_PRICE","EUR",314.0,,,314.0,"0","","","Sep-21-26 04:45:35 PDT","Oct-21-26 04:45:35 PDT","Notebook e portatili","177","","","Usato","","","","","","IT","","",""
"307190747897","HP EliteBook 840 G3 i5-6300U 8 GB 240 GB SSD 14"" Win11 Pro",,18496721858ITT,"10","FIXED_PRICE","EUR",171.0,,,171.0,"0","","","Sep-21-26 04:45:35 PDT","Oct-21-26 04:45:35 PDT","Notebook e portatili","177","","","Usato","","","","","","IT","","",""
"307190747899","HP EliteBook 840 G3 i5-6300U 16 GB 240 GB SSD 14"" Win11 Pro",,18496723396ITT,"10","FIXED_PRICE","EUR",216.0,,,216.0,"0","","","Sep-21-26 04:45:35 PDT","Oct-21-26 04:45:35 PDT","Notebook e portatili","177","","","Usato","","","","","","IT","","",""
"307190747900","HP EliteBook 840 G3 i5-6300U 8 GB 240 GB SSD 14"" Win11 Pro",,18496746167ITT,"10","FIXED_PRICE","EUR",194.0,,,194.0,"0","","","Sep-21-26 04:45:35 PDT","Oct-21-26 04:45:35 PDT","Notebook e portatili","177","","","Usato","","","","","","IT","","",""
"307190747901","HP EliteBook 840 G3 i5-6300U 16 GB 480 GB SSD 14"" Win11 Pro",,18496725785ITT,"10","FIXED_PRICE","EUR",261.0,,,261.0,"0","","","Sep-21-26 04:45:35 PDT","Oct-21-26 04:45:35 PDT","Notebook e portatili","177","","","Usato","","","","","","IT","","",""
"307190747902","HP EliteBook 840 G3 i5-6300U 16 GB 960 GB SSD 14"" Win11 Pro",,18496742868ITT,"10","FIXED_PRICE","EUR",331.0,,,331.0,"0","","","Sep-21-26 04:45:35 PDT","Oct-21-26 04:45:35 PDT","Notebook e portatili","177","","","Usato","","","","","","IT","","",""
"307190747903","HP EliteBook 840 G3 i5-6300U 16 GB 960 GB SSD 14"" Win11 Pro",,18496760342ITT,"10","FIXED_PRICE","EUR",354.0,,,354.0,"0","","","Sep-21-26 04:45:35 PDT","Oct-21-26 04:45:35 PDT","Notebook e portatili","177","","","Usato","","","","","","IT","","",""
"307190747904","HP EliteBook 840 G3 i5-6300U 16 GB 240 GB SSD 14"" Win11 Pro",,18496756356ITT,"10","FIXED_PRICE","EUR",239.0,,,239.0,"0","","","Sep-21-26 04:45:35 PDT","Oct-21-26 04:45:35 PDT","Notebook e portatili","177","","","Usato","","","","","","IT","","",""
"307190747905","Dell Latitude 7490 i7-8650U 8 GB 128 GB SSD 14"" Win10 Pro",,18680797158ITT,"10","FIXED_PRICE","EUR",182.0,,,182.0,"0","","","Sep-21-26 04:45:36 PDT","Oct-21-26 04:45:36 PDT","Notebook e portatili","177","","","Usato","","","","","","IT","","",""
"307190747906","HP EliteBook 840 G3 i5-6300U 16 GB 480 GB SSD 14"" Win11 Pro",,18496758847ITT,"10","FIXED_PRICE","EUR",284.0,,,284.0,"0","","","Sep-21-26 04:45:36 PDT","Oct-21-26 04:45:36 PDT","Notebook e portatili","177","","","Usato","","","","","","IT","","",""
"307190747907","Lenovo ThinkPad T15 GEN1 i5-10210U 16 GB 960 GB SSD 15"" Win11 Pro",,18830678839ITT,"8","FIXED_PRICE","EUR",469.0,,,469.0,"0","","","Sep-21-26 04:45:36 PDT","Oct-21-26 04:45:36 PDT","Notebook e portatili","177","","","Usato","","","","","","IT","","",""
"307190747908","Lenovo ThinkPad T15 GEN1 i5-10210U 16 GB 256 GB SSD 15"" Win11 Pro",,18830618521ITT,"10","FIXED_PRICE","EUR",354.0,,,354.0,"0","","","Sep-21-26 04:45:36 PDT","Oct-21-26 04:45:36 PDT","Notebook e portatili","177","","","Usato","","","","","","IT","","",""
"307190747909","Lenovo ThinkPad T15 GEN1 i5-10210U 16 GB 480 GB SSD 15"" Win11 Pro",,18830671208ITT,"10","FIXED_PRICE","EUR",399.0,,,399.0,"0","","","Sep-21-26 04:45:36 PDT","Oct-21-26 04:45:36 PDT","Notebook e portatili","177","","","Usato","","","","","","IT","","",""
"307190747911","Lenovo ThinkPad T15 GEN1 i5-10210U 32 GB 480 GB SSD 15"" Win11 Pro",,18830691748ITT,"10","FIXED_PRICE","EUR",490.0,,,490.0,"0","","","Sep-21-26 04:45:36 PDT","Oct-21-26 04:45:36 PDT","Notebook e portatili","177","","","Usato","","","","","","IT","","",""
"307190747912","Lenovo ThinkPad T15 GEN1 i5-10210U 32 GB 256 GB SSD 15"" Win11 Pro",,18830681962ITT,"10","FIXED_PRICE","EUR",446.0,,,446.0,"0","","","Sep-21-26 04:45:36 PDT","Oct-21-26 04:45:36 PDT","Notebook e portatili","177","","","Usato","","","","","","IT","","",""
"307190747915","Lenovo ThinkPad T15 GEN1 i5-10210U 32 GB 960 GB SSD 15"" Win11 Pro",,18830709358ITT,"10","FIXED_PRICE","EUR",558.0,,,558.0,"0","","","Sep-21-26 04:45:36 PDT","Oct-21-26 04:45:36 PDT","Notebook e portatili","177","","","Usato","","","","","","IT","","",""
"307190747917","Lenovo ThinkPad T15 GEN1 i5-10210U 32 GB 480 GB SSD 15"" Win11 Pro",,18830795745ITT,"10","FIXED_PRICE","EUR",456.0,,,456.0,"0","","","Sep-21-26 04:45:36 PDT","Oct-21-26 04:45:36 PDT","Notebook e portatili","177","","","Usato","","","","","","IT","","",""
"307190747918","Lenovo ThinkPad T15 GEN1 i5-10210U 16 GB 960 GB SSD 15"" Win11 Pro",,18830761562ITT,"10","FIXED_PRICE","EUR",432.0,,,432.0,"0","","","Sep-21-26 04:45:36 PDT","Oct-21-26 04:45:36 PDT","Notebook e portatili","177","","","Usato","","","","","","IT","","",""
"307190747919","Lenovo ThinkPad T15 GEN1 i5-10210U 16 GB 480 GB SSD 15"" Win11 Pro",,18830744954ITT,"10","FIXED_PRICE","EUR",364.0,,,364.0,"0","","","Sep-21-26 04:45:36 PDT","Oct-21-26 04:45:36 PDT","Notebook e portatili","177","","","Usato","","","","","","IT","","",""
"307190747920","Lenovo ThinkPad T15 GEN1 i5-10210U 32 GB 960 GB SSD 15"" Win11 Pro",,18830797456ITT,"8","FIXED_PRICE","EUR",526.0,,,526.0,"0","","","Sep-21-26 04:45:36 PDT","Oct-21-26 04:45:36 PDT","Notebook e portatili","177","","","Usato","","","","","","IT","","",""
"307190747921","Fujitsu Lifebook E5510 i7-10510U 16 GB 960 GB SSD 15,6"" Win11 Pro",,18857478224ITT,"10","FIXED_PRICE","EUR",432.0,,,432.0,"0","","","Sep-21-26 04:45:36 PDT","Oct-21-26 04:45:36 PDT","Notebook e portatili","177","","","Usato","","","","","","IT","","",""
"307190747922","Fujitsu Lifebook E5510 i7-10510U 16 GB 480 GB SSD 15,6"" Win11 Pro",,18857473838ITT,"10","FIXED_PRICE","EUR",364.0,,,364.0,"0","","","Sep-21-26 04:45:36 PDT","Oct-21-26 04:45:36 PDT","Notebook e portatili","177","","","Usato","","","","","","IT","","",""
"307190747923","Fujitsu Lifebook E5510 i7-10510U 32 GB 960 GB SSD 15,6"" Win11 Pro",,18857484203ITT,"10","FIXED_PRICE","EUR",526.0,,,526.0,"0","","","Sep-21-26 04:45:36 PDT","Oct-21-26 04:45:36 PDT","Notebook e portatili","177","","","Usato","","","","","","IT","","",""
"307190747926","HP EliteBook 840 G8 i5-1145G7 16 GB 1 TB SSD 14"" Win11 Pro",,18468755925ITT,"0","FIXED_PRICE","EUR",608.0,,,608.0,"0","","","Sep-21-26 04:45:36 PDT","Oct-21-26 04:45:36 PDT","Notebook e portatili","177","","","Usato","","","","","","IT","","",""
"307190747928","Lenovo ThinkPad T480 fhd i5-8350U 16 GB 480 GB SSD 14"" Win11 Pro",,18660556147ITT,"10","FIXED_PRICE","EUR",319.0,,,319.0,"0","","","Sep-21-26 04:45:36 PDT","Oct-21-26 04:45:36 PDT","Notebook e portatili","177","","","Usato","","","","","","IT","","",""
"307190747929","Lenovo ThinkPad T480 fhd i5-8350U 32 GB 1 TB SSD 14"" Win11 Pro",,18660639414ITT,"10","FIXED_PRICE","EUR",469.0,,,469.0,"0","","","Sep-21-26 04:45:36 PDT","Oct-21-26 04:45:36 PDT","Notebook e portatili","177","","","Usato","","","","","","IT","","",""
"307190747930","Dell Latitude 5500 i5-8265U 8 GB 256 GB SSD 15,6"" Win11 Pro",,17571717043ITT,"10","FIXED_PRICE","EUR",228.0,,,228.0,"0","1","0","Sep-21-26 04:45:36 PDT","Oct-21-26 04:45:36 PDT","Notebook e portatili","177","","","Usato","","","","","","IT","","",""
"307190747931","Toshiba Dynabook Tecra A50-J i5-1135G7 8 GB 256 GB SSD 15,6"" Win11 Pro",,10403ITT,"126","FIXED_PRICE","EUR",366.0,,,366.0,"0","","","Sep-21-26 04:45:36 PDT","Oct-21-26 04:45:36 PDT","Notebook e portatili","177","","","Usato","","","","","","IT","","",""
"307190747932","Lenovo ThinkPad T14 Gen1 Ryzen 5 PRO 4650U 8 GB 256 GB SSD 14"" Win11 Pro",,18528012798ITT,"0","FIXED_PRICE","EUR",222.0,,,222.0,"0","1","0","Sep-21-26 04:45:36 PDT","Oct-21-26 04:45:36 PDT","Notebook e portatili","177","","","Usato","","","","","","IT","","",""
"307190747934","Lenovo ThinkPad T490 i5-8265U 16 GB 480 GB SSD 14"" Win10 Pro",,16115725406ITT,"10","FIXED_PRICE","EUR",365.0,,,365.0,"0","","","Sep-21-26 04:45:36 PDT","Oct-21-26 04:45:36 PDT","Notebook e portatili","177","","","Usato","","","","","","IT","","",""
"307190747935","Lenovo ThinkPad T14 Gen 1 Ryzen 5 PRO 4650U 24 GB 500 GB SSD 14"" Win11 Pro",,3888_20260526083738ITT,"0","FIXED_PRICE","EUR",359.0,,,359.0,"0","1","0","Sep-21-26 04:45:36 PDT","Oct-21-26 04:45:36 PDT","Notebook e portatili","177","","","Usato","","","","","","IT","","",""
"307190747937","Toshiba Toshiba Tecra A50-J i5-1135G7 32 GB 480 GB SSD 15,6"" Win10 Pro",,17388481471ITT,"10","FIXED_PRICE","EUR",389.0,,,389.0,"0","","","Sep-21-26 04:45:36 PDT","Oct-21-26 04:45:36 PDT","Notebook e portatili","177","","","Usato","","","","","","IT","","",""
"307190747939","Toshiba Toshiba Tecra A50-J i5-1135G7 16 GB 960 GB SSD 15,6"" Win10 Pro",,17388475314ITT,"10","FIXED_PRICE","EUR",359.0,,,359.0,"0","","","Sep-21-26 04:45:36 PDT","Oct-21-26 04:45:36 PDT","Notebook e portatili","177","","","Usato","","","","","","IT","","",""
"307190747940","Toshiba Toshiba Tecra A50-J i5-1135G7 8 GB 256 GB SSD 15,6"" Win10 Pro",,17388309317ITT,"10","FIXED_PRICE","EUR",274.0,,,274.0,"0","","","Sep-21-26 04:45:36 PDT","Oct-21-26 04:45:36 PDT","Notebook e portatili","177","","","Usato","","","","","","IT","","",""
"307190747941","Lenovo ThinkPad T14 Gen 1 Ryzen 5 PRO 4650U 24 GB 1 TB SSD 14"" Win11 Pro",,3888_20260526090158ITT,"0","FIXED_PRICE","EUR",416.0,,,416.0,"0","1","0","Sep-21-26 04:45:36 PDT","Oct-21-26 04:45:36 PDT","Notebook e portatili","177","","","Usato","","","","","","IT","","",""
"307190747943","Lenovo ThinkPad T480 i5-8350U 8 GB 256 GB SSD 14"" Win11 Pro",,4579ITT,"10","FIXED_PRICE","EUR",251.0,,,251.0,"0","1","0","Sep-21-26 04:45:36 PDT","Oct-21-26 04:45:36 PDT","Notebook e portatili","177","","","Usato","","","","","","IT","","",""
"307190747945","Toshiba Toshiba Tecra A50-J i5-1135G7 16 GB 480 GB SSD 15,6"" Win10 Pro",,17388472080ITT,"10","FIXED_PRICE","EUR",339.0,,,339.0,"0","","","Sep-21-26 04:45:36 PDT","Oct-21-26 04:45:36 PDT","Notebook e portatili","177","","","Usato","","","","","","IT","","",""
"307190747946","Toshiba Toshiba Tecra A50-J i5-1135G7 16 GB 960 GB SSD 15,6"" Win10 Pro",,17388500905ITT,"10","FIXED_PRICE","EUR",405.0,,,405.0,"0","","","Sep-21-26 04:45:36 PDT","Oct-21-26 04:45:36 PDT","Notebook e portatili","177","","","Usato","","","","","","IT","","",""
"307190747947","Toshiba Toshiba Tecra A50-J i5-1135G7 16 GB 256 GB SSD 15,6"" Win10 Pro",,17388461194ITT,"10","FIXED_PRICE","EUR",301.0,,,301.0,"0","","","Sep-21-26 04:45:36 PDT","Oct-21-26 04:45:36 PDT","Notebook e portatili","177","","","Usato","","","","","","IT","","",""
"307190747948","Toshiba Toshiba Tecra A50-J i5-1135G7 32 GB 256 GB SSD 15,6"" Win10 Pro",,17388478412ITT,"10","FIXED_PRICE","EUR",352.0,,,352.0,"0","","","Sep-21-26 04:45:36 PDT","Oct-21-26 04:45:36 PDT","Notebook e portatili","177","","","Usato","","","","","","IT","","",""
"307190747951","Toshiba Toshiba Tecra A50-J i5-1135G7 8 GB 256 GB SSD 15,6"" Win10 Pro",,17388429809ITT,"10","FIXED_PRICE","EUR",320.0,,,320.0,"0","","","Sep-21-26 04:45:36 PDT","Oct-21-26 04:45:36 PDT","Notebook e portatili","177","","","Usato","","","","","","IT","","",""
"307190747952","Toshiba Toshiba Tecra A50-J i5-1135G7 32 GB 960 GB SSD 15,6"" Win10 Pro",,17388483049ITT,"10","FIXED_PRICE","EUR",409.0,,,409.0,"0","","","Sep-21-26 04:45:36 PDT","Oct-21-26 04:45:36 PDT","Notebook e portatili","177","","","Usato","","","","","","IT","","",""
"307190747953","Toshiba Toshiba Tecra A50-J i5-1135G7 16 GB 256 GB SSD 15,6"" Win10 Pro",,17388484670ITT,"10","FIXED_PRICE","EUR",347.0,,,347.0,"0","","","Sep-21-26 04:45:36 PDT","Oct-21-26 04:45:36 PDT","Notebook e portatili","177","","","Usato","","","","","","IT","","",""
"307190747954","Toshiba Toshiba Tecra A50-J i5-1135G7 16 GB 480 GB SSD 15,6"" Win10 Pro",,17388491282ITT,"10","FIXED_PRICE","EUR",385.0,,,385.0,"0","","","Sep-21-26 04:45:36 PDT","Oct-21-26 04:45:36 PDT","Notebook e portatili","177","","","Usato","","","","","","IT","","",""
"307190747955","Toshiba Toshiba Tecra A50-J i5-1135G7 32 GB 256 GB SSD 15,6"" Win10 Pro",,17388502509ITT,"10","FIXED_PRICE","EUR",398.0,,,398.0,"0","","","Sep-21-26 04:45:36 PDT","Oct-21-26 04:45:36 PDT","Notebook e portatili","177","","","Usato","","","","","","IT","","",""
"307190747956","Lenovo Thinkpad E15 Gen 2 i5 11gen i5-1135G7 32 GB 1 TB SSD 15,6"" Win11 Pro",,18560332764ITT,"0","FIXED_PRICE","EUR",627.0,,,627.0,"0","","","Sep-21-26 04:45:36 PDT","Oct-21-26 04:45:36 PDT","Notebook e portatili","177","","","Usato","","","","","","IT","","",""
"307190747957","Toshiba Toshiba Tecra A50-J i5-1135G7 32 GB 960 GB SSD 15,6"" Win10 Pro",,17388511105ITT,"10","FIXED_PRICE","EUR",455.0,,,455.0,"0","","","Sep-21-26 04:45:36 PDT","Oct-21-26 04:45:36 PDT","Notebook e portatili","177","","","Usato","","","","","","IT","","",""
"307190747958","Toshiba Toshiba Tecra A50-J i5-1135G7 32 GB 480 GB SSD 15,6"" Win10 Pro",,17388504693ITT,"10","FIXED_PRICE","EUR",435.0,,,435.0,"0","","","Sep-21-26 04:45:36 PDT","Oct-21-26 04:45:36 PDT","Notebook e portatili","177","","","Usato","","","","","","IT","","",""
"307190747959","HP EliteBook 845 G8 Ryzen 5 PRO 5650U 8 GB 256 GB SSD 14"" Win11 Pro",,17618878712ITT,"0","FIXED_PRICE","EUR",285.0,,,285.0,"1","1","0","Sep-21-26 04:45:36 PDT","Oct-21-26 04:45:36 PDT","Notebook e portatili","177","","","Usato","","","","","","IT","","",""
"307190747960","Lenovo ThinkPad E15 Gen 2 i5-1135G7 8 GB 256 GB SSD 15,6"" Win11 Pro",,4553_20260216084009ITT,"0","FIXED_PRICE","EUR",297.0,,,297.0,"0","","","Sep-21-26 04:45:36 PDT","Oct-21-26 04:45:36 PDT","Notebook e portatili","177","","","Usato","","","","","","IT","","",""
"307190747961","Lenovo ThinkPad T14 Gen1 Ryzen 5 PRO 4650U 8 GB 256 GB SSD 14"" Win11 Pro",,18528020967ITT,"0","FIXED_PRICE","EUR",245.0,,,245.0,"0","","","Sep-21-26 04:45:36 PDT","Oct-21-26 04:45:36 PDT","Notebook e portatili","177","","","Usato","","","","","","IT","","",""
"307190747963",HP EliteBook 845 G8 Ryzen 5 PRO 5650U 8 GB 256 GB Win11 Pro 24 Monate Garantie,,17618895854GW24ITT,"0","FIXED_PRICE","EUR",287.0,,,287.0,"0","","","Sep-21-26 04:45:36 PDT","Oct-21-26 04:45:36 PDT","Notebook e portatili","177","","","Usato","","","","","","IT","","",""
"307190747964","HP EliteBook 845 G8 Ryzen 5 PRO 5650U 8 GB 256 GB SSD 14"" Win11 Pro",,17618895854ITT,"0","FIXED_PRICE","EUR",239.0,,,239.0,"0","8","0","Sep-21-26 04:45:36 PDT","Oct-21-26 04:45:36 PDT","Notebook e portatili","177","","","Usato","","","","","","IT","","",""
"307190747966","HP EliteBook 845 G8 Ryzen 5 PRO 5650U 16 GB 480 GB SSD 14"" Win11 Pro",,17618895854_20260430121942ITT,"0","FIXED_PRICE","EUR",330.0,,,330.0,"0","7","0","Sep-21-26 04:45:36 PDT","Oct-21-26 04:45:36 PDT","Notebook e portatili","177","","","Usato","","","","","","IT","","",""
"307190747969",HP EliteBook 845 G8 Ryzen 5 PRO 5650U 16 GB 480 GB Win11 Pro 24 Monate Garantie,,17618895854_20260430121942GW24ITT,"0","FIXED_PRICE","EUR",396.0,,,396.0,"0","","","Sep-21-26 04:45:36 PDT","Oct-21-26 04:45:36 PDT","Notebook e portatili","177","","","Usato","","","","","","IT","","",""
"307190747970","HP EliteBook 845 G8 Ryzen 5 PRO 5650U 32 GB 500 GB SSD 14"" Win11 Pro",,17618878712_20260430121402ITT,"0","FIXED_PRICE","EUR",456.0,,,456.0,"0","","","Sep-21-26 04:45:37 PDT","Oct-21-26 04:45:37 PDT","Notebook e portatili","177","","","Usato","","","","","","IT","","",""
"307190747971","HP EliteBook 845 G8 Ryzen 5 PRO 5650U 32 GB 256 GB SSD 14"" Win11 Pro",,17618895854_20260303112909ITT,"0","FIXED_PRICE","EUR",366.0,,,366.0,"0","9","0","Sep-21-26 04:45:37 PDT","Oct-21-26 04:45:37 PDT","Notebook e portatili","177","","","Usato","","","","","","IT","","",""
"307190747972","Lenovo ThinkPad E15 Gen 2 i5-1135G7 16 GB 480 GB SSD 15,6"" Win11 Pro",,4553_20260504140748ITT,"0","FIXED_PRICE","EUR",387.0,,,387.0,"0","1","0","Sep-21-26 04:45:37 PDT","Oct-21-26 04:45:37 PDT","Notebook e portatili","177","","","Usato","","","","","","IT","","",""
"307190747973","HP EliteBook 850 G6 i7-8650U 16 GB 500 GB SSD 15,6"" Win11 Pro",,17574484462_20260723071213ITT,"10","FIXED_PRICE","EUR",399.0,,,399.0,"0","","","Sep-21-26 04:45:37 PDT","Oct-21-26 04:45:37 PDT","Notebook e portatili","177","","","Usato","","","","","","IT","","",""
"307190747974",HP EliteBook 845 G8 Ryzen 5 PRO 5650U 32 GB 256 GB Win11 Pro 24 Monate Garantie,,17618895854_20260303112909GW24ITT,"0","FIXED_PRICE","EUR",437.0,,,437.0,"0","","","Sep-21-26 04:45:37 PDT","Oct-21-26 04:45:37 PDT","Notebook e portatili","177","","","Usato","","","","","","IT","","",""
"307190747975","HP EliteBook 845 G8 Ryzen 5 PRO 5650U 16 GB 256 GB SSD 14"" Win10 Pro",,17619059662ITT,"0","FIXED_PRICE","EUR",331.0,,,331.0,"0","","","Sep-21-26 04:45:37 PDT","Oct-21-26 04:45:37 PDT","Notebook e portatili","177","","","Usato","","","","","","IT","","",""
"307190747976","HP EliteBook 845 G8 Ryzen 5 PRO 5650U 16 GB 1024 GB SSD 14"" Win11 Pro",,18468721441ITT,"0","FIXED_PRICE","EUR",446.0,,,446.0,"0","","","Sep-21-26 04:45:37 PDT","Oct-21-26 04:45:37 PDT","Notebook e portatili","177","","","Usato","","","","","","IT","","",""
"307190747977","HP EliteBook 845 G8 Ryzen 5 PRO 5650U 32 GB 960 GB SSD 14"" Win10 Pro",,17619068356ITT,"0","FIXED_PRICE","EUR",526.0,,,526.0,"0","","","Sep-21-26 04:45:37 PDT","Oct-21-26 04:45:37 PDT","Notebook e portatili","177","","","Usato","","","","","","IT","","",""
"307190747978","HP EliteBook 850 G6 i5-8365U 8 GB 256 GB SSD 15,6"" Win11 Pro",,16232396031_20260326091827ITT,"10","FIXED_PRICE","EUR",274.0,,,274.0,"0","","","Sep-21-26 04:45:37 PDT","Oct-21-26 04:45:37 PDT","Notebook e portatili","177","","","Usato","","","","","","IT","","",""
"307190747980","HP EliteBook 850 G6 i5-8365U 16 GB 500 GB SSD 15,6"" Win11 Pro",,16232396031_20260723070515ITT,"10","FIXED_PRICE","EUR",341.0,,,341.0,"0","","","Sep-21-26 04:45:37 PDT","Oct-21-26 04:45:37 PDT","Notebook e portatili","177","","","Usato","","","","","","IT","","",""
"307190747981","HP EliteBook 845 G8 Ryzen 5 PRO 5650U 32 GB 256 GB SSD 14"" Win10 Pro",,17619062218ITT,"0","FIXED_PRICE","EUR",409.0,,,409.0,"0","","","Sep-21-26 04:45:37 PDT","Oct-21-26 04:45:37 PDT","Notebook e portatili","177","","","Usato","","","","","","IT","","",""
"307190747982","HP EliteBook 840 G6 i5-8365U 8 GB 256 GB SSD 14"" Win11 Pro",,4542ITT,"0","FIXED_PRICE","EUR",205.0,,,205.0,"0","","","Sep-21-26 04:45:37 PDT","Oct-21-26 04:45:37 PDT","Notebook e portatili","177","","","Usato","","","","","","IT","","",""
"307190747983","HP EliteBook 845 G8 Ryzen 5 PRO 5650U 16 GB 480 GB SSD 14"" Win10 Pro",,17619055916ITT,"0","FIXED_PRICE","EUR",376.0,,,376.0,"0","","","Sep-21-26 04:45:37 PDT","Oct-21-26 04:45:37 PDT","Notebook e portatili","177","","","Usato","","","","","","IT","","",""
"307190747985","HP EliteBook 845 G8 Ryzen 5 PRO 5650U 8 GB 480 GB SSD 14"" Win10 Pro",,17619042863ITT,"0","FIXED_PRICE","EUR",330.0,,,330.0,"0","","","Sep-21-26 04:45:37 PDT","Oct-21-26 04:45:37 PDT","Notebook e portatili","177","","","Usato","","","","","","IT","","",""
"307190747986","HP EliteBook 845 G8 Ryzen 5 PRO 5650U 16 GB 500 GB SSD 14"" Win10 Pro",,18418932124ITT,"0","FIXED_PRICE","EUR",400.0,,,400.0,"0","","","Sep-21-26 04:45:37 PDT","Oct-21-26 04:45:37 PDT","Notebook e portatili","177","","","Usato","","","","","","IT","","",""
"307190747987","HP EliteBook 845 G8 Ryzen 5 PRO 5650U 32 GB 500 GB SSD 14"" Win10 Pro",,18418940182ITT,"0","FIXED_PRICE","EUR",478.0,,,478.0,"0","","","Sep-21-26 04:45:37 PDT","Oct-21-26 04:45:37 PDT","Notebook e portatili","177","","","Usato","","","","","","IT","","",""
"307190747988","HP EliteBook 850 G6 i5-8365U 8 GB 256 GB SSD 15,6"" Win11 Pro",,16232396031_20260326092022ITT,"10","FIXED_PRICE","EUR",251.0,,,251.0,"0","","","Sep-21-26 04:45:37 PDT","Oct-21-26 04:45:37 PDT","Notebook e portatili","177","","","Usato","","","","","","IT","","",""
"307190747989","HP EliteBook 840 G6 i5-8365U 8 GB 256 GB SSD 14"" Win11 Pro",,3832ITT,"0","FIXED_PRICE","EUR",228.0,,,228.0,"0","","","Sep-21-26 04:45:37 PDT","Oct-21-26 04:45:37 PDT","Notebook e portatili","177","","","Usato","","","","","","IT","","",""
"307190747990","HP EliteBook 840 G6 i5-8365U 16 GB 500 GB SSD 14"" Win11 Pro",,3832_20260515085807ITT,"0","FIXED_PRICE","EUR",319.0,,,319.0,"0","","","Sep-21-26 04:45:37 PDT","Oct-21-26 04:45:37 PDT","Notebook e portatili","177","","","Usato","","","","","","IT","","",""
"307190747993","HP EliteBook 850 G6 i7-8650U 32 GB 500 GB SSD 15,6"" Win11 Pro",,10400_20260723071439ITT,"10","FIXED_PRICE","EUR",456.0,,,456.0,"0","","","Sep-21-26 04:45:37 PDT","Oct-21-26 04:45:37 PDT","Notebook e portatili","177","","","Usato","","","","","","IT","","",""
"307190747994","Lenovo ThinkPad E15 Gen 2 i5-1135G7 32 GB 1 TB SSD 15,6"" Win11 Pro",,4553_20260504135712ITT,"0","FIXED_PRICE","EUR",582.0,,,582.0,"0","","","Sep-21-26 04:45:37 PDT","Oct-21-26 04:45:37 PDT","Notebook e portatili","177","","","Usato","","","","","","IT","","",""
"307190747995","HP EliteBook 850 G6 i7-8650U 8 GB 256 GB SSD 15,6"" Win11 Pro",,17574484462ITT,"10","FIXED_PRICE","EUR",309.0,,,309.0,"0","","","Sep-21-26 04:45:37 PDT","Oct-21-26 04:45:37 PDT","Notebook e portatili","177","","","Usato","","","","","","IT","","",""
"307190747996","HP EliteBook 845 G8 Ryzen 5 PRO 5650U 32 GB 480 GB SSD 14"" Win10 Pro",,17619065501ITT,"0","FIXED_PRICE","EUR",456.0,,,456.0,"1","0","0","Sep-21-26 04:45:37 PDT","Oct-21-26 04:45:37 PDT","Notebook e portatili","177","","","Usato","","","","","","IT","","",""
"307190747997","HP EliteBook 850 G6 i7-8650U 8 GB 256 GB SSD 15,6"" Win11 Pro",,10400ITT,"10","FIXED_PRICE","EUR",286.0,,,286.0,"3","0","0","Sep-21-26 04:45:37 PDT","Oct-21-26 04:45:37 PDT","Notebook e portatili","177","","","Usato","","","","","","IT","","",""
"307190747998","HP EliteBook 840 G6 i5-8365U 32 GB 1 TB SSD 14"" Win11 Pro",,3832_20260515090057ITT,"0","FIXED_PRICE","EUR",479.0,,,479.0,"0","","","Sep-21-26 04:45:37 PDT","Oct-21-26 04:45:37 PDT","Notebook e portatili","177","","","Usato","","","","","","IT","","",""
"307190747999","Lenovo ThinkPad E15 Gen 2 i5-1135G7 16 GB 2 TB SSD 15,6"" Win11 Pro",,4553_20260504135333ITT,"0","FIXED_PRICE","EUR",581.0,,,581.0,"0","1","0","Sep-21-26 04:45:37 PDT","Oct-21-26 04:45:37 PDT","Notebook e portatili","177","","","Usato","","","","","","IT","","",""
"307190748000","HP EliteBook 840 G6 i5-8365U 32 GB 500 GB SSD 14"" Win11 Pro",,4542_20260515092743ITT,"0","FIXED_PRICE","EUR",376.0,,,376.0,"0","1","0","Sep-21-26 04:45:37 PDT","Oct-21-26 04:45:37 PDT","Notebook e portatili","177","","","Usato","","","","","","IT","","",""
"307190748001","HP EliteBook 845 G8 Ryzen 5 PRO 5650U 8 GB 256 GB SSD 14"" Win10 Pro",,18418837053ITT,"0","FIXED_PRICE","EUR",311.0,,,311.0,"0","","","Sep-21-26 04:45:37 PDT","Oct-21-26 04:45:37 PDT","Notebook e portatili","177","","","Usato","","","","","","IT","","",""
"307190748002","Lenovo Thinkpad E15 Gen 2 i5 11gen i5-1135G7 16 GB 1 TB SSD 15,6"" Win11 Pro",,18560328503ITT,"0","FIXED_PRICE","EUR",501.0,,,501.0,"0","","","Sep-21-26 04:45:37 PDT","Oct-21-26 04:45:37 PDT","Notebook e portatili","177","","","Usato","","","","","","IT","","",""
"307190748003","HP EliteBook 845 G8 Ryzen 5 PRO 5650U 16 GB 960 GB SSD 14"" Win10 Pro",,17619053272ITT,"0","FIXED_PRICE","EUR",446.0,,,446.0,"0","","","Sep-21-26 04:45:37 PDT","Oct-21-26 04:45:37 PDT","Notebook e portatili","177","","","Usato","","","","","","IT","","",""
"307190748005","HP EliteBook 845 G8 Ryzen 5 PRO 5650U 8 GB 960 GB SSD 14"" Win10 Pro",,17619048201ITT,"0","FIXED_PRICE","EUR",400.0,,,400.0,"0","","","Sep-21-26 04:45:37 PDT","Oct-21-26 04:45:37 PDT","Notebook e portatili","177","","","Usato","","","","","","IT","","",""
"307190748006","HP EliteBook 845 G8 Ryzen 5 PRO 5650U 16 GB 256 GB SSD 14"" Win10 Pro",,18418929132ITT,"0","FIXED_PRICE","EUR",363.0,,,363.0,"0","","","Sep-21-26 04:45:37 PDT","Oct-21-26 04:45:37 PDT","Notebook e portatili","177","","","Usato","","","","","","IT","","",""
"307190748007","Dell Latitude 5500 i5-8365U 16 GB 256 GB SSD 15,6"" Win11 Pro",,18560568436ITT,"10","FIXED_PRICE","EUR",297.0,,,297.0,"0","","","Sep-21-26 04:45:37 PDT","Oct-21-26 04:45:37 PDT","Notebook e portatili","177","","","Usato","","","","","","IT","","",""
"307190748009","Dell Latitude 5500 i5-8365U 16 GB 256 GB SSD 15,6"" Win11 Pro",,18561437107ITT,"10","FIXED_PRICE","EUR",320.0,,,320.0,"0","","","Sep-21-26 04:45:37 PDT","Oct-21-26 04:45:37 PDT","Notebook e portatili","177","","","Usato","","","","","","IT","","",""
"307190748010","Dell Latitude 5500 i5-8365U 32 GB 512 GB SSD 15,6"" Win11 Pro",,18560679089ITT,"10","FIXED_PRICE","EUR",421.0,,,421.0,"0","","","Sep-21-26 04:45:37 PDT","Oct-21-26 04:45:37 PDT","Notebook e portatili","177","","","Usato","","","","","","IT","","",""
"307190748011","Dell Latitude 5500 i5-8365U 16 GB 512 GB SSD 15,6"" Win11 Pro",,18560675168ITT,"10","FIXED_PRICE","EUR",341.0,,,341.0,"0","","","Sep-21-26 04:45:37 PDT","Oct-21-26 04:45:37 PDT","Notebook e portatili","177","","","Usato","","","","","","IT","","",""
"307190748012","HP EliteBook 850 G6 i7-8650U 32 GB 480 GB SSD 15,6"" Win10 Pro",,17376895871ITT,"10","FIXED_PRICE","EUR",456.0,,,456.0,"0","","","Sep-21-26 04:45:37 PDT","Oct-21-26 04:45:37 PDT","Notebook e portatili","177","","","Usato","","","","","","IT","","",""
"307190748014","HP EliteBook 850 G6 i7-8650U 32 GB 960 GB SSD 15,6"" Win10 Pro",,17376890404ITT,"10","FIXED_PRICE","EUR",526.0,,,526.0,"0","","","Sep-21-26 04:45:37 PDT","Oct-21-26 04:45:37 PDT","Notebook e portatili","177","","","Usato","","","","","","IT","","",""
"307190748015","HP EliteBook 850 G6 i7-8650U 32 GB 1 TB SSD 15,6"" Win11 Pro",,17376924431ITT,"10","FIXED_PRICE","EUR",559.0,,,559.0,"0","","","Sep-21-26 04:45:37 PDT","Oct-21-26 04:45:37 PDT","Notebook e portatili","177","","","Usato","","","","","","IT","","",""
"307190748016","HP EliteBook 850 G6 i7-8650U 16 GB 480 GB SSD 15,6"" Win10 Pro",,17376880123ITT,"10","FIXED_PRICE","EUR",376.0,,,376.0,"0","","","Sep-21-26 04:45:37 PDT","Oct-21-26 04:45:37 PDT","Notebook e portatili","177","","","Usato","","","","","","IT","","",""
"307190748017","HP EliteBook 850 G6 i7-8650U 8 GB 480 GB SSD 15,6"" Win10 Pro",,17376901449ITT,"10","FIXED_PRICE","EUR",330.0,,,330.0,"0","","","Sep-21-26 04:45:37 PDT","Oct-21-26 04:45:37 PDT","Notebook e portatili","177","","","Usato","","","","","","IT","","",""
"307190748018","HP EliteBook 840 G6 i5-8365U 16 GB 256 GB SSD 14"" Win11 Pro",,18589771410ITT,"0","FIXED_PRICE","EUR",251.0,,,251.0,"0","","","Sep-21-26 04:45:37 PDT","Oct-21-26 04:45:37 PDT","Notebook e portatili","177","","","Usato","","","","","","IT","","",""
"307190748019","HP EliteBook 850 G6 i7-8650U 16 GB 960 GB SSD 15,6"" Win10 Pro",,17376887104ITT,"10","FIXED_PRICE","EUR",446.0,,,446.0,"0","","","Sep-21-26 04:45:37 PDT","Oct-21-26 04:45:37 PDT","Notebook e portatili","177","","","Usato","","","","","","IT","","",""
"307190748020","HP EliteBook 850 G6 i7-8650U 8 GB 960 GB SSD 15,6"" Win10 Pro",,17376915232ITT,"10","FIXED_PRICE","EUR",400.0,,,400.0,"0","","","Sep-21-26 04:45:37 PDT","Oct-21-26 04:45:37 PDT","Notebook e portatili","177","","","Usato","","","","","","IT","","",""
"307190748021","HP EliteBook 840 G6 i5-8365U 16 GB 256 GB SSD 14"" Win11 Pro",,18726194238ITT,"0","FIXED_PRICE","EUR",274.0,,,274.0,"0","","","Sep-21-26 04:45:37 PDT","Oct-21-26 04:45:37 PDT","Notebook e portatili","177","","","Usato","","","","","","IT","","",""
"307190748023","HP EliteBook 840 G6 i5-8365U 32 GB 2 TB SSD 14"" Win11 Pro",,18589774290ITT,"0","FIXED_PRICE","EUR",526.0,,,526.0,"0","","","Sep-21-26 04:45:37 PDT","Oct-21-26 04:45:37 PDT","Notebook e portatili","177","","","Usato","","","","","","IT","","",""
"307190748024","HP EliteBook 840 G6 i5-8365U 32 GB 2 TB SSD 14"" Win11 Pro",,18726210487ITT,"0","FIXED_PRICE","EUR",546.0,,,546.0,"0","","","Sep-21-26 04:45:37 PDT","Oct-21-26 04:45:37 PDT","Notebook e portatili","177","","","Usato","","","","","","IT","","",""
"307190748025","HP EliteBook 840 G6 i5-8365U 16 GB 1 TB SSD 14"" Win11 Pro",,18726200007ITT,"0","FIXED_PRICE","EUR",399.0,,,399.0,"0","","","Sep-21-26 04:45:37 PDT","Oct-21-26 04:45:37 PDT","Notebook e portatili","177","","","Usato","","","","","","IT","","",""
"307190748027",Lenovo ThinkPad T14 Gen 1 Ryzen 5 PRO 4650U 16 GB Win11 Pro 24 Monate Garantie,,3888_20250724125241GW24ITT,"0","FIXED_PRICE","EUR",294.0,,,294.0,"1","4","0","Sep-21-26 04:45:37 PDT","Oct-21-26 04:45:37 PDT","Notebook e portatili","177","","","Usato","","","","","","IT","","",""
"307195974237","Lenovo ThinkPad T590 i5-8365U 12 GB 256 GB SSD 15,6"" Win11 Pro Garanzia",,18893418638ITT,"0","FIXED_PRICE","EUR",297.0,,,297.0,"0","","","Sep-23-26 23:21:55 PDT","Oct-23-26 23:21:55 PDT","Notebook e portatili","177","","","Usato","","","","","","IT","","",""
"307195974238","Lenovo ThinkPad T590 i5-8365U 16 GB 960 GB SSD 15,6"" Win11 Pro Garanzia",,18893447583ITT,"0","FIXED_PRICE","EUR",434.0,,,434.0,"0","","","Sep-23-26 23:21:55 PDT","Oct-23-26 23:21:55 PDT","Notebook e portatili","177","","","Usato","","","","","","IT","","",""
"307195974239","Lenovo ThinkPad T590 i5-8365U 24 GB 960 GB SSD 15,6"" Win11 Pro Garanzia",,18893401347ITT,"0","FIXED_PRICE","EUR",446.0,,,446.0,"0","","","Sep-23-26 23:21:55 PDT","Oct-23-26 23:21:55 PDT","Notebook e portatili","177","","","Usato","","","","","","IT","","",""
"307195974240","HP Zbook 15 G7 i7-10510U 32 GB 1 TB SSD 15,6"" Win11 Pro Garanzia",,18925517772ITT,"2","FIXED_PRICE","EUR",650.0,,,650.0,"0","","","Sep-23-26 23:21:56 PDT","Oct-23-26 23:21:56 PDT","Notebook e portatili","177","","","Usato","","","","","","IT","","",""
"307195974241","HP Zbook 15 G7 i7-10510U 32 GB 480 GB SSD 15,6"" Win11 Pro Garanzia",,18925646959ITT,"2","FIXED_PRICE","EUR",616.0,,,616.0,"0","","","Sep-23-26 23:21:56 PDT","Oct-23-26 23:21:56 PDT","Notebook e portatili","177","","","Usato","","","","","","IT","","",""
"307195974242","Lenovo ThinkPad T590 i5-8365U 16 GB 960 GB SSD 15,6"" Win11 Pro Garanzia",,18893398738ITT,"0","FIXED_PRICE","EUR",400.0,,,400.0,"0","","","Sep-23-26 23:21:56 PDT","Oct-23-26 23:21:56 PDT","Notebook e portatili","177","","","Usato","","","","","","IT","","",""
"307195974243",Lenovo Chromebook 300e 2nd gen Intel Celeron 4 GB 32 GB eMMC Win10 Home Garanzia,,18948562989ITT,"5","FIXED_PRICE","EUR",83.0,,,83.0,"0","1","0","Sep-23-26 23:21:56 PDT","Oct-23-26 23:21:56 PDT","Notebook e portatili","177","","","Usato","","","","","","IT","","",""
"307195974244","Lenovo ThinkPad T590 i5-8365U 16 GB 256 GB SSD 15,6"" Win11 Pro Garanzia",,18893426941ITT,"0","FIXED_PRICE","EUR",320.0,,,320.0,"0","","","Sep-23-26 23:21:56 PDT","Oct-23-26 23:21:56 PDT","Notebook e portatili","177","","","Usato","","","","","","IT","","",""
"307195974245","HP Zbook 15 G7 i7-10510U 16 GB 480 GB SSD 15,6"" Win11 Pro Garanzia",,18925485908ITT,"2","FIXED_PRICE","EUR",479.0,,,479.0,"0","","","Sep-23-26 23:21:56 PDT","Oct-23-26 23:21:56 PDT","Notebook e portatili","177","","","Usato","","","","","","IT","","",""
"307195974246",Acer TravelMate Spin B118 Intel Celeron N3450 4 GB 64 GB Win11 Home Garanzia,,18934072833ITT,"2","FIXED_PRICE","EUR",98.0,,,98.0,"0","","","Sep-23-26 23:21:56 PDT","Oct-23-26 23:21:56 PDT","Notebook e portatili","177","","","Usato","","","","","","IT","","",""
"307195974247","HP Zbook 15 G7 i7-10510U 32 GB 480 GB SSD 15,6"" Win11 Pro Garanzia",,18925547033ITT,"2","FIXED_PRICE","EUR",570.0,,,570.0,"0","","","Sep-23-26 23:21:56 PDT","Oct-23-26 23:21:56 PDT","Notebook e portatili","177","","","Usato","","","","","","IT","","",""
"307195974248","ASUS BR1100FKA Intel Celeron N5100 4 GB 128 GB eMMC 11,6"" Win11 Home Garanzia",,18938382332ITT,"2","FIXED_PRICE","EUR",113.0,,,113.0,"0","1","0","Sep-23-26 23:21:56 PDT","Oct-23-26 23:21:56 PDT","Notebook e portatili","177","","","Usato","","","","","","IT","","",""
"307195974249","HP Zbook 15 G7 i7-10510U 16 GB 1 TB SSD 15,6"" Win11 Pro Garanzia",,18925669621ITT,"2","FIXED_PRICE","EUR",592.0,,,592.0,"0","","","Sep-23-26 23:21:56 PDT","Oct-23-26 23:21:56 PDT","Notebook e portatili","177","","","Usato","","","","","","IT","","",""
"307195974250","HP 430 G5 i5-8250U 8 GB 740 GB SSD+HDD 13,3"" Win10 Pro Garanzia",,12305983676ITT,"2","FIXED_PRICE","EUR",193.0,,,193.0,"0","","","Sep-23-26 23:21:56 PDT","Oct-23-26 23:21:56 PDT","Notebook e portatili","177","","","Usato","","","","","","IT","","",""
"307195974251","HP Zbook 15 G7 i7-10510U 16 GB 1 TB SSD 15,6"" Win11 Pro Garanzia",,18925613548ITT,"2","FIXED_PRICE","EUR",546.0,,,546.0,"0","","","Sep-23-26 23:21:56 PDT","Oct-23-26 23:21:56 PDT","Notebook e portatili","177","","","Usato","","","","","","IT","","",""
"307195974252","Lenovo ThinkPad T590 i5-8365U 24 GB 960 GB SSD 15,6"" Win11 Pro Garanzia",,18893453356ITT,"0","FIXED_PRICE","EUR",480.0,,,480.0,"0","","","Sep-23-26 23:21:56 PDT","Oct-23-26 23:21:56 PDT","Notebook e portatili","177","","","Usato","","","","","","IT","","",""
"307195974253","HP Zbook 15 G7 i7-10510U 32 GB 256 GB SSD 15,6"" Win11 Pro Garanzia",,18925525097ITT,"2","FIXED_PRICE","EUR",569.0,,,569.0,"0","","","Sep-23-26 23:21:56 PDT","Oct-23-26 23:21:56 PDT","Notebook e portatili","177","","","Usato","","","","","","IT","","",""
"307195974254","HP Zbook 15 G7 i7-10510U 32 GB 256 GB SSD 15,6"" Win11 Pro Garanzia",,18925583118ITT,"2","FIXED_PRICE","EUR",526.0,,,526.0,"1","0","0","Sep-23-26 23:21:56 PDT","Oct-23-26 23:21:56 PDT","Notebook e portatili","177","","","Usato","","","","","","IT","","",""
"307195974255","Lenovo ThinkPad T590 i5-8365U 16 GB 256 GB SSD 15,6"" Win11 Pro Garanzia",,18893391043ITT,"0","FIXED_PRICE","EUR",285.0,,,285.0,"2","0","0","Sep-23-26 23:21:56 PDT","Oct-23-26 23:21:56 PDT","Notebook e portatili","177","","","Usato","","","","","","IT","","",""
"307195974256","HP Zbook 15 G7 i7-10510U 16 GB 256 GB SSD 15,6"" Win11 Pro Garanzia",,18925428173ITT,"2","FIXED_PRICE","EUR",480.0,,,480.0,"0","","","Sep-23-26 23:21:56 PDT","Oct-23-26 23:21:56 PDT","Notebook e portatili","177","","","Usato","","","","","","IT","","",""
"307195974257","Lenovo ThinkPad T590 i5-8365U 16 GB 480 GB SSD 15,6"" Win11 Pro Garanzia",,18893394722ITT,"0","FIXED_PRICE","EUR",330.0,,,330.0,"0","","","Sep-23-26 23:21:56 PDT","Oct-23-26 23:21:56 PDT","Notebook e portatili","177","","","Usato","","","","","","IT","","",""
"307195974258","Lenovo ThinkPad T590 i5-8365U 8 GB 256 GB SSD 15,6"" Win11 Pro Garanzia 24 mesi",,18547336230GW24ITT,"0","FIXED_PRICE","EUR",329.0,,,329.0,"0","","","Sep-23-26 23:21:56 PDT","Oct-23-26 23:21:56 PDT","Notebook e portatili","177","","","Usato","","","","","","IT","","",""
"307195974259","Lenovo ThinkPad T590 i5-8365U 16 GB 480 GB SSD 15,6"" Win11 Pro Garanzia",,18893428586ITT,"0","FIXED_PRICE","EUR",364.0,,,364.0,"0","","","Sep-23-26 23:21:56 PDT","Oct-23-26 23:21:56 PDT","Notebook e portatili","177","","","Usato","","","","","","IT","","",""
"307195974260","HP Zbook 15 G7 i7-10510U 16 GB 256 GB SSD 15,6"" Win11 Pro Garanzia",,18925604967ITT,"2","FIXED_PRICE","EUR",434.0,,,434.0,"0","","","Sep-23-26 23:21:56 PDT","Oct-23-26 23:21:56 PDT","Notebook e portatili","177","","","Usato","","","","","","IT","","",""
"307195974261","HP Zbook 15 G7 i7-10510U 16 GB 480 GB SSD 15,6"" Win11 Pro Garanzia",,18925657776ITT,"2","FIXED_PRICE","EUR",524.0,,,524.0,"0","","","Sep-23-26 23:21:56 PDT","Oct-23-26 23:21:56 PDT","Notebook e portatili","177","","","Usato","","","","","","IT","","",""
"307195974262","HP Zbook 15 G7 i7-10510U 32 GB 1 TB SSD 15,6"" Win11 Pro Garanzia",,18925650171ITT,"2","FIXED_PRICE","EUR",684.0,,,684.0,"0","","","Sep-23-26 23:21:56 PDT","Oct-23-26 23:21:56 PDT","Notebook e portatili","177","","","Usato","","","","","","IT","","",""
"307195974263",Lenovo Chromebook 300e 2nd gen Intel Celeron 4 GB 32 GB eMMC Win10 Home Garanzia,,18948519574ITT,"5","FIXED_PRICE","EUR",88.0,,,88.0,"0","","","Sep-23-26 23:21:56 PDT","Oct-23-26 23:21:56 PDT","Notebook e portatili","177","","","Usato","","","","","","IT","","",""
"307195974264","Dell Precision 7730 i7-8750H 64 GB 960 GB SSD 17,3"" Win10 Pro Garanzia",,18465830621ITT,"2","FIXED_PRICE","EUR",965.0,,,965.0,"0","1","0","Sep-23-26 23:21:56 PDT","Oct-23-26 23:21:56 PDT","Notebook e portatili","177","","","Usato","","","","","","IT","","",""
"307195974265",Lenovo ThinkPad T14 Gen 1 Ryzen 5 PRO 4650U 16 GB Win11 Pro Garanzia 24 mesi,,3888_20250724124155GW24ITT,"0","FIXED_PRICE","EUR",322.0,,,322.0,"0","1","0","Sep-23-26 23:21:56 PDT","Oct-23-26 23:21:56 PDT","Notebook e portatili","177","","","Usato","","","","","","IT","","",""
"307195974266",Panasonic ToughPad FZ-G1 mk3 i5-5300U 4 GB 120 GB SSD Win10 Pro Garanzia 24 mesi,,10356_20260812090814GW24ITT,"8","FIXED_PRICE","EUR",164.0,,,164.0,"0","","","Sep-23-26 23:21:56 PDT","Oct-23-26 23:21:56 PDT","Notebook e portatili","177","","","Usato","","","","","","IT","","",""
"307195974267","HP EliteBook 840 G6 i5-8350U 32 GB 960 GB SSD 14"" Win10 Pro Garanzia",,18468856898ITT,"0","FIXED_PRICE","EUR",480.0,,,480.0,"0","","","Sep-23-26 23:21:56 PDT","Oct-23-26 23:21:56 PDT","Notebook e portatili","177","","","Usato","","","","","","IT","","",""
"307195974268",Acer TravelMate Spin B311 Intel Celeron N4020 4 GB 128 GB Win11 Home Garanzia,,18938266623ITT,"2","FIXED_PRICE","EUR",113.0,,,113.0,"0","0","0","Sep-23-26 23:21:56 PDT","Oct-23-26 23:21:56 PDT","Notebook e portatili","177","","","Usato","","","","","","IT","","",""
"307195974269","Lenovo ThinkPad T590 i5-8365U 8 GB 256 GB SSD 15,6"" Win11 Pro Garanzia 24 mesi",,18547290077GW24ITT,"0","FIXED_PRICE","EUR",287.0,,,287.0,"0","","","Sep-23-26 23:21:56 PDT","Oct-23-26 23:21:56 PDT","Notebook e portatili","177","","","Usato","","","","","","IT","","",""
"307195974270","HP 430 G5 i5-8250U 8 GB 740 GB SSD+HDD 13,3"" Win10 Pro Garanzia",,12305976081ITT,"2","FIXED_PRICE","EUR",193.0,,,193.0,"0","","","Sep-23-26 23:21:56 PDT","Oct-23-26 23:21:56 PDT","Notebook e portatili","177","","","Usato","","","","","","IT","","",""
"307195974271",ASUS Chromebook Flip CR 1100 Intel Celeron 4 GB 32 GB eMMC ChromeOS Garanzia,,18948616154ITT,"2","FIXED_PRICE","EUR",90.0,,,90.0,"0","","","Sep-23-26 23:21:56 PDT","Oct-23-26 23:21:56 PDT","Notebook e portatili","177","","","Usato","","","","","","IT","","",""
"307195974272",Lenovo ThinkPad T14 Gen1 Ryzen 5 PRO 4650U 16 GB Win11 Pro Garanzia 24 mesi,,18407489881GW24ITT,"0","FIXED_PRICE","EUR",294.0,,,294.0,"0","","","Sep-23-26 23:21:56 PDT","Oct-23-26 23:21:56 PDT","Notebook e portatili","177","","","Usato","","","","","","IT","","",""
"307195974273","HP ZBook 15 G2 i7-4710MQ 32 GB 256 GB SSD 15,6"" Win10 Pro Garanzia",,7618740191ITT,"2","FIXED_PRICE","EUR",331.0,,,331.0,"0","","","Sep-23-26 23:21:56 PDT","Oct-23-26 23:21:56 PDT","Notebook e portatili","177","","","Usato","","","","","","IT","","",""
"307196075469",Dell Optiplex 5060 i5-9500 8 GB 240 GB SSD Win11 Pro Garanzia,,3940ITT,"2","FIXED_PRICE","EUR",216.0,,,216.0,"0","","","Sep-24-26 01:02:22 PDT","Oct-24-26 01:02:22 PDT","Desktop PC","179","","","Usato","","","","","","IT","","",""
"307196075470",HP EliteDesk 800 G4 i5-8500T 8 GB 240 GB SSD Win11 Pro Garanzia,,3959ITT,"5","FIXED_PRICE","EUR",182.0,,,182.0,"0","1","0","Sep-24-26 01:02:22 PDT","Oct-24-26 01:02:22 PDT","Desktop PC","179","","","Usato","","","","","","IT","","",""
"307196075472","Lenovo HP Z440 TW 32 GB 480 GB SSD 23"" Win11 Home Garanzia",,5108ITT,"2","FIXED_PRICE","EUR",456.0,,,456.0,"0","","","Sep-24-26 01:02:22 PDT","Oct-24-26 01:02:22 PDT","Desktop PC","179","","","Usato","","","","","","IT","","",""
"307196075473",HP T630 Thin Client 4 GB 32 GB SSD Win10 Garanzia,,3962ITT,"5","FIXED_PRICE","EUR",56.0,,,56.0,"2","3","0","Sep-24-26 01:02:22 PDT","Oct-24-26 01:02:22 PDT","Desktop PC","179","","","Usato","","","","","","IT","","",""
"307196075474",HP Workstation Z440 TW Intel Xeon 16 GB 240 GB SSD+HDD Win11 Home Garanzia,,5475ITT,"5","FIXED_PRICE","EUR",251.0,,,251.0,"0","2","0","Sep-24-26 01:02:22 PDT","Oct-24-26 01:02:22 PDT","Desktop PC","179","","","Usato","","","","","","IT","","",""
"307196075478",Lenovo ThinkCentre M715Q Ryzen 5 PRO 2400GE 8 GB 256 GB SSD Win11 Pro Garanzia,,5487ITT,"61","FIXED_PRICE","EUR",136.0,,,136.0,"3","6","0","Sep-24-26 01:02:23 PDT","Oct-24-26 01:02:23 PDT","Desktop PC","179","","","Usato","","","","","","IT","","",""
"307196075480",HP EliteDesk 400 G4 i5-8500T 8 GB 256 GB SSD Win11 Pro Garanzia,,5653ITT,"5","FIXED_PRICE","EUR",176.0,,,176.0,"0","2","0","Sep-24-26 01:02:23 PDT","Oct-24-26 01:02:23 PDT","Desktop PC","179","","","Usato","","","","","","IT","","",""
"307196075481",HP T630 Thin Client 8 GB 128 GB SSD Win10 Garanzia,,6060ITT,"7","FIXED_PRICE","EUR",74.0,,,74.0,"1","1","0","Sep-24-26 01:02:23 PDT","Oct-24-26 01:02:23 PDT","Desktop PC","179","","","Usato","","","","","","IT","","",""
"307196075482",HP Compaq 8200 SFF 8 GB 240 GB SSD Win10 Pro Garanzia,,6007ITT,"0","FIXED_PRICE","EUR",88.0,,,88.0,"0","","","Sep-24-26 01:02:23 PDT","Oct-24-26 01:02:23 PDT","Desktop PC","179","","","Usato","","","","","","IT","","",""
"307196075483",HP ProDesk 600 G5 i5-9500 8 GB 256 GB SSD Win11 Home Garanzia,,6076ITT,"5","FIXED_PRICE","EUR",222.0,,,222.0,"0","","","Sep-24-26 01:02:23 PDT","Oct-24-26 01:02:23 PDT","Desktop PC","179","","","Usato","","","","","","IT","","",""
"307196075486",Dell Optiplex 5070 8 GB 240 GB SSD Win11 Pro Garanzia,,6184ITT,"2","FIXED_PRICE","EUR",228.0,,,228.0,"0","","","Sep-24-26 01:02:23 PDT","Oct-24-26 01:02:23 PDT","Desktop PC","179","","","Usato","","","","","","IT","","",""
"307204728736",Lenovo ThinkPad T490 i5-8265U 32 GB 960 GB SSD 14 Zoll Win10 Pro,,16115711196,"8","FIXED_PRICE","EUR",489.0,,,489.0,"0","","","Sep-28-26 23:46:20 PDT","Oct-29-26 00:46:20 PDT","PC Notebooks & Netbooks","177","","","Gebraucht","","","","","","DE","","",""
"307204729633",Lenovo ThinkPad T14 Gen 1 Ryzen 5 PRO 4650U 16 GB 256 GB SSD 14 Zoll Win11 Pro,,3888_20250724124155,"0","FIXED_PRICE","EUR",266.0,,,266.0,"2","14","0","Sep-28-26 23:47:32 PDT","Oct-29-26 00:47:32 PDT","PC Notebooks & Netbooks","177","","","Gebraucht","","","","","","DE","","",""
"307204732031",HP EliteBook 845 G8 Ryzen 5 PRO 5650U 8 GB 256 GB SSD 14 Zoll Win11 Pro,,17618895854,"0","FIXED_PRICE","EUR",238.0,,,238.0,"1","9","0","Sep-28-26 23:51:37 PDT","Oct-29-26 00:51:37 PDT","PC Notebooks & Netbooks","177","","","Gebraucht","","","","","","DE","","",""
"307204732032",Lenovo ThinkPad T14 Gen1 Ryzen 5 PRO 4650U 16 GB 256 GB SSD 14 Zoll Win11 Pro,,18407489881,"0","FIXED_PRICE","EUR",244.0,,,244.0,"10","23","0","Sep-28-26 23:51:37 PDT","Oct-29-26 00:51:37 PDT","PC Notebooks & Netbooks","177","","","Gebraucht","","","","","","DE","","",""
"307204733526","HP EliteBook 850 G6 i5-8365U 32 GB 960 GB SSD 15,6 Zoll Win11 Pro",,18444593404,"2","FIXED_PRICE","EUR",490.0,,,490.0,"0","","","Sep-28-26 23:53:18 PDT","Oct-29-26 00:53:18 PDT","PC Notebooks & Netbooks","177","","","Gebraucht","","","","","","DE","","",""
"307204733527","HP EliteBook 850 G6 i5-8365U 32 GB 256 GB SSD 15,6 Zoll Win11 Pro",,18444588989,"2","FIXED_PRICE","EUR",374.0,,,374.0,"0","","","Sep-28-26 23:53:18 PDT","Oct-29-26 00:53:18 PDT","PC Notebooks & Netbooks","177","","","Gebraucht","","","","","","DE","","",""
"307204733528","Fujitsu Lifebook U729 i5-8250U 8 GB 120 GB SSD 12,5 Zoll Win11 Pro",,18563448038,"0","FIXED_PRICE","EUR",148.0,,,148.0,"0","","","Sep-28-26 23:53:18 PDT","Oct-29-26 00:53:18 PDT","PC Notebooks & Netbooks","177","","","Gebraucht","","","","","","DE","","",""
"307204733530",Apple MacBook Pro 16 A2141 2019r. i9-9880H 32 GB 1000 GB SSD 16 Zoll,,16028383060,"2","FIXED_PRICE","EUR",616.0,,,616.0,"0","1","0","Sep-28-26 23:53:18 PDT","Oct-29-26 00:53:18 PDT","Apple Notebooks","111422","","","Gebraucht","","","","","","DE","","",""
"307204733531",HP EliteBook 745 G5 Ryzen 7 2700U 8 GB 256 GB SSD 14 Zoll Win11 Pro,,5912_20251106091003,"0","FIXED_PRICE","EUR",171.0,,,171.0,"0","","","Sep-28-26 23:53:18 PDT","Oct-29-26 00:53:18 PDT","PC Notebooks & Netbooks","177","","","Gebraucht","","","","","","DE","","",""
"307204733532",HP EliteBook 845 G8 Ryzen 5 PRO 5650U 32 GB 256 GB SSD 14 Zoll Win11 Pro,,17618895854_20260303112909,"0","FIXED_PRICE","EUR",363.0,,,363.0,"0","2","0","Sep-28-26 23:53:18 PDT","Oct-29-26 00:53:18 PDT","PC Notebooks & Netbooks","177","","","Gebraucht","","","","","","DE","","",""
"307204733534","Lenovo ThinkPad X13 Yoga Gen1 i5-10210U 16 GB 256 GB SSD 13,3 Zoll Win11 Pro",,17622540577_20260611120323,"0","FIXED_PRICE","EUR",250.0,,,250.0,"0","","","Sep-28-26 23:53:18 PDT","Oct-29-26 00:53:18 PDT","PC Notebooks & Netbooks","177","","","Gebraucht","","","","","","DE","","",""
"307204733535","HP Chromebook x360 11 G4 EE Intel Celeron N5100 8 GB 64 GB eMMC 11,6 Zoll",,17891158046,"2","FIXED_PRICE","EUR",119.0,,,119.0,"0","","","Sep-28-26 23:53:18 PDT","Oct-29-26 00:53:18 PDT","PC Notebooks & Netbooks","177","","","Gebraucht","","","","","","DE","","",""
"307204733536","Lenovo ThinkPad X13 Yoga Gen1 i7-10610U 16 GB 256 GB SSD 13,3 Zoll Win11 Pro",,17622540577_20260714122616,"5","FIXED_PRICE","EUR",272.0,,,272.0,"0","0","0","Sep-28-26 23:53:18 PDT","Oct-29-26 00:53:18 PDT","PC Notebooks & Netbooks","177","","","Gebraucht","","","","","","DE","","",""
"307204733537",HP EliteBook 845 G8 Ryzen 5 PRO 5650U 32 GB 500 GB SSD 14 Zoll Win11 Pro,,17618878712_20260430121402,"0","FIXED_PRICE","EUR",455.0,,,455.0,"0","","","Sep-28-26 23:53:18 PDT","Oct-29-26 00:53:18 PDT","PC Notebooks & Netbooks","177","","","Gebraucht","","","","","","DE","","",""
"307204733538",Lenovo ThinkPad T480 i5-8350U 8 GB 256 GB SSD 14 Zoll Win11 Pro,,4579,"1","FIXED_PRICE","EUR",253.0,,,253.0,"0","","","Sep-28-26 23:53:18 PDT","Oct-29-26 00:53:18 PDT","PC Notebooks & Netbooks","177","","","Gebraucht","","","","","","DE","","",""
"307204733539","Panasonic ToughBook CF-31 MK5 i5-5300U 16 GB 120 GB SSD 13,3 Zoll Win10 Pro",,10356,"0","FIXED_PRICE","EUR",277.0,,,277.0,"0","2","0","Sep-28-26 23:53:18 PDT","Oct-29-26 00:53:18 PDT","PC Notebooks & Netbooks","177","","","Gebraucht","","","","","","DE","","",""
"307204733540","HP HP ZBook 15 G2 i7-4700MQ 16 GB 480 GB SSD 15,6 Zoll Win10 Pro",,13916140560,"2","FIXED_PRICE","EUR",272.0,,,272.0,"0","","","Sep-28-26 23:53:18 PDT","Oct-29-26 00:53:18 PDT","PC Notebooks & Netbooks","177","","","Gebraucht","","","","","","DE","","",""
"307204733541","Apple Apple MacBook Pro A1990 2019r. i9-9880H 32 GB 512 GB SSD 15,6 Zoll macOS",,5604,"0","FIXED_PRICE","EUR",479.0,,,479.0,"0","","","Sep-28-26 23:53:18 PDT","Oct-29-26 00:53:18 PDT","Apple Notebooks","111422","","","Gebraucht","","","","","","DE","","",""
"307204733543","HP HP ProBook x360 11 G5 EE Intel Pentium Silver N5030 4 GB 128 GB SSD 11,6 Zoll",,18567164607,"0","FIXED_PRICE","EUR",136.0,,,136.0,"1","1","0","Sep-28-26 23:53:18 PDT","Oct-29-26 00:53:18 PDT","PC Notebooks & Netbooks","177","","","Gebraucht","","","","","","DE","","",""
"307204733544",Lenovo ThinkPad L14 Gen1 Ryzen 5 8 GB 256 GB SSD 14 Zoll Win11 Pro,,5253_20260213135937,"0","FIXED_PRICE","EUR",203.0,,,203.0,"0","1","0","Sep-28-26 23:53:18 PDT","Oct-29-26 00:53:18 PDT","PC Notebooks & Netbooks","177","","","Gebraucht","","","","","","DE","","",""
"307204733545","Lenovo ThinkPad E15 Gen 2 i5-1135G7 8 GB 256 GB SSD 15,6 Zoll Win11 Pro",,4553_20260216084009,"0","FIXED_PRICE","EUR",295.0,,,295.0,"0","","","Sep-28-26 23:53:18 PDT","Oct-29-26 00:53:18 PDT","PC Notebooks & Netbooks","177","","","Gebraucht","","","","","","DE","","",""
"307204733546",Apple MacBook Pro A2141 2019r. i9-9880H 32 GB 1 TB SSD 16 Zoll macOS,,4590,"2","FIXED_PRICE","EUR",616.0,,,616.0,"0","1","0","Sep-28-26 23:53:18 PDT","Oct-29-26 00:53:18 PDT","Apple Notebooks","111422","","","Gebraucht","","","","","","DE","","",""
"307204733547","Lenovo ThinkPad E15 Gen 2 i5-1135G7 16 GB 480 GB SSD 15,6 Zoll Win11 Pro",,4553_20260504140748,"0","FIXED_PRICE","EUR",386.0,,,386.0,"0","","","Sep-28-26 23:53:18 PDT","Oct-29-26 00:53:18 PDT","PC Notebooks & Netbooks","177","","","Gebraucht","","","","","","DE","","",""
"307204733548","Lenovo Thinkpad E15 Gen 2 i5-1135G7 8 GB 256 GB SSD 15,6 Zoll Win11 Pro",,18330801304,"0","FIXED_PRICE","EUR",295.0,,,295.0,"0","","","Sep-28-26 23:53:18 PDT","Oct-29-26 00:53:18 PDT","PC Notebooks & Netbooks","177","","","Gebraucht","","","","","","DE","","",""
"307204733550",HP EliteBook 840 G8 i5-1145G7 16 GB 256 GB SSD 14 Zoll Win11 Pro,,17629721417,"0","FIXED_PRICE","EUR",324.0,,,324.0,"0","","","Sep-28-26 23:53:18 PDT","Oct-29-26 00:53:18 PDT","PC Notebooks & Netbooks","177","","","Gebraucht","","","","","","DE","","",""
"307204733551","HP Probook 450 G5 i5-7200U 16 GB 256 GB SSD 15,6 Zoll Win11 Pro",,18832433310,"0","FIXED_PRICE","EUR",214.0,,,214.0,"0","","","Sep-28-26 23:53:18 PDT","Oct-29-26 00:53:18 PDT","PC Notebooks & Netbooks","177","","","Gebraucht","","","","","","DE","","",""
"307204733552",HP EliteBook 745 G5 Ryzen 7 2700U 16 GB 256 GB SSD 14 Zoll Win11 Pro,,5912_20260430090212,"5","FIXED_PRICE","EUR",215.0,,,215.0,"0","","","Sep-28-26 23:53:18 PDT","Oct-29-26 00:53:18 PDT","PC Notebooks & Netbooks","177","","","Gebraucht","","","","","","DE","","",""
"307204733553","Dell XPS 13 7390 i5-10210U 8 GB 256 GB SSD 13,3 Zoll Win11 Pro",,3792_20251219130026,"0","FIXED_PRICE","EUR",272.0,,,272.0,"0","","","Sep-28-26 23:53:18 PDT","Oct-29-26 00:53:18 PDT","PC Notebooks & Netbooks","177","","","Gebraucht","","","","","","DE","","",""
"307204733554",HP EliteBook 745 G6 Ryzen 7 PRO 3700U 8 GB 256 GB SSD 14 Zoll Win11 Pro,,17578283219,"2","FIXED_PRICE","EUR",198.0,,,198.0,"0","2","0","Sep-28-26 23:53:18 PDT","Oct-29-26 00:53:18 PDT","PC Notebooks & Netbooks","177","","","Gebraucht","","","","","","DE","","",""
"307204733555",Lenovo ThinkPad P52 Pro series GAMING CAD nVidia QUADRO i7-8750H 32 GB 512 GB,,17269034479,"0","FIXED_PRICE","EUR",495.0,,,495.0,"0","","","Sep-28-26 23:53:18 PDT","Oct-29-26 00:53:18 PDT","PC Notebooks & Netbooks","177","","","Gebraucht","","","","","","DE","","",""
"307204733556","HP Chromebook x360 11 G4 EE Intel Celeron N5100 8 GB 64 GB eMMC 11,6 Zoll",,17891169915,"2","FIXED_PRICE","EUR",113.0,,,113.0,"1","0","0","Sep-28-26 23:53:18 PDT","Oct-29-26 00:53:18 PDT","PC Notebooks & Netbooks","177","","","Gebraucht","","","","","","DE","","",""
"307204733557",HP ProBook 440 G7 i5-10210U 16 GB 256 GB SSD 14 Zoll Win11 Pro,,6104_20260109120318,"0","FIXED_PRICE","EUR",218.0,,,218.0,"0","","","Sep-28-26 23:53:18 PDT","Oct-29-26 00:53:18 PDT","PC Notebooks & Netbooks","177","","","Gebraucht","","","","","","DE","","",""
"307204733558","Panasonic ToughBook CF-31 MK3 i5-3340M 16 GB 120 GB SSD 13,3 Zoll Win10 Pro",,10365,"0","FIXED_PRICE","EUR",231.0,,,231.0,"0","1","0","Sep-28-26 23:53:18 PDT","Oct-29-26 00:53:18 PDT","PC Notebooks & Netbooks","177","","","Gebraucht","","","","","","DE","","",""
"307204733559",Lenovo ThinkPad L14 Gen1 Ryzen 5 PRO 4650U 8 GB 256 GB SSD 14 Zoll Win11 Pro,,5253_20260213134746,"0","FIXED_PRICE","EUR",215.0,,,215.0,"0","","","Sep-28-26 23:53:18 PDT","Oct-29-26 00:53:18 PDT","PC Notebooks & Netbooks","177","","","Gebraucht","","","","","","DE","","",""
"307204733560","Apple Apple MacBook Pro A1707 2017r. i7-7820HQ 16 GB 500 GB SSD 15,6 Zoll macOS",,4771,"5","FIXED_PRICE","EUR",363.0,,,363.0,"0","","","Sep-28-26 23:53:18 PDT","Oct-29-26 00:53:18 PDT","Apple Notebooks","111422","","","Gebraucht","","","","","","DE","","",""
"307204733562","Apple Apple MacBook Pro A1707 2017r. i7-7700HQ 16 GB 256 GB SSD 15,4 Zoll macOS",,6200,"2","FIXED_PRICE","EUR",318.0,,,318.0,"0","","","Sep-28-26 23:53:18 PDT","Oct-29-26 00:53:18 PDT","Apple Notebooks","111422","","","Gebraucht","","","","","","DE","","",""
"307204733563","Dell Precision 7740 i7-9850H 16 GB 512 GB SSD 17,3 Zoll Win11 Pro",,4760_20250908073747,"2","FIXED_PRICE","EUR",743.0,,,743.0,"0","","","Sep-28-26 23:53:18 PDT","Oct-29-26 00:53:18 PDT","PC Notebooks & Netbooks","177","","","Gebraucht","","","","","","DE","","",""
"307204733566","HP EliteBook 830 G6 i5-8365U 8 GB 256 GB SSD 13,3 Zoll Win11 Pro",,3808,"5","FIXED_PRICE","EUR",177.0,,,177.0,"0","","","Sep-28-26 23:53:18 PDT","Oct-29-26 00:53:18 PDT","PC Notebooks & Netbooks","177","","","Gebraucht","","","","","","DE","","",""
"307204733568",Lenovo ThinkPad T14 Gen1 Ryzen 5 PRO 4650U 8 GB 256 GB SSD 14 Zoll Win11 Pro,,18528012798,"0","FIXED_PRICE","EUR",221.0,,,221.0,"0","2","0","Sep-28-26 23:53:19 PDT","Oct-29-26 00:53:19 PDT","PC Notebooks & Netbooks","177","","","Gebraucht","","","","","","DE","","",""
"307204733569",Lenovo ThinkPad L14 Gen1 Ryzen 5 PRO 4650U 8 GB 256 GB SSD 14 Zoll Win11 Pro,,5253_20260213134353,"0","FIXED_PRICE","EUR",238.0,,,238.0,"0","","","Sep-28-26 23:53:19 PDT","Oct-29-26 00:53:19 PDT","PC Notebooks & Netbooks","177","","","Gebraucht","","","","","","DE","","",""
"307204733570",Lenovo ThinkPad L14 Gen 1 Ryzen 5 4500U 8 GB 256 GB SSD 14 Zoll Win11 Home,,18678706527,"0","FIXED_PRICE","EUR",194.0,,,194.0,"0","","","Sep-28-26 23:53:19 PDT","Oct-29-26 00:53:19 PDT","PC Notebooks & Netbooks","177","","","Gebraucht","","","","","","DE","","",""
"307204733571","Lenovo ThinkPad T15 Gen2 i5-1135G7 16 GB 256 GB SSD 15,6 Zoll Win11 Pro",,17622086782_20260609112545,"8","FIXED_PRICE","EUR",387.0,,,387.0,"0","0","0","Sep-28-26 23:53:19 PDT","Oct-29-26 00:53:19 PDT","PC Notebooks & Netbooks","177","","","Gebraucht","","","","","","DE","","",""
"307204733572",Lenovo ThinkPad T14 Gen 1 Ryzen 5 PRO 4650U 24 GB 500 GB SSD 14 Zoll Win11 Pro,,3888_20260526083738,"0","FIXED_PRICE","EUR",358.0,,,358.0,"0","1","0","Sep-28-26 23:53:19 PDT","Oct-29-26 00:53:19 PDT","PC Notebooks & Netbooks","177","","","Gebraucht","","","","","","DE","","",""
"307204733573",HP EliteBook 845 G8 Ryzen 5 PRO 5650U 8 GB 256 GB SSD 14 Zoll Win11 Pro,,17618878712,"0","FIXED_PRICE","EUR",284.0,,,284.0,"0","2","0","Sep-28-26 23:53:19 PDT","Oct-29-26 00:53:19 PDT","PC Notebooks & Netbooks","177","","","Gebraucht","","","","","","DE","","",""
"307204733574",HP EliteBook 745 G5 Ryzen 7 2700U 8 GB 256 GB SSD 14 Zoll Win11 Pro,,5912,"5","FIXED_PRICE","EUR",194.0,,,194.0,"0","","","Sep-28-26 23:53:19 PDT","Oct-29-26 00:53:19 PDT","PC Notebooks & Netbooks","177","","","Gebraucht","","","","","","DE","","",""
"307204733575","Lenovo ThinkPad T590 i5-8365U 8 GB 256 GB SSD 15,6 Zoll Win11 Pro",,18547290077,"0","FIXED_PRICE","EUR",237.0,,,237.0,"0","","","Sep-28-26 23:53:19 PDT","Oct-29-26 00:53:19 PDT","PC Notebooks & Netbooks","177","","","Gebraucht","","","","","","DE","","",""
"307204733576",HP EliteBook 745 G5 Ryzen 7 2700U 32 GB 960 GB SSD 14 Zoll Win11 Pro,,5912_20260430091005,"5","FIXED_PRICE","EUR",443.0,,,443.0,"0","","","Sep-28-26 23:53:19 PDT","Oct-29-26 00:53:19 PDT","PC Notebooks & Netbooks","177","","","Gebraucht","","","","","","DE","","",""
"307204733577","Lenovo ThinkPad X13 Yoga Gen1 i7-10610U 16 GB 256 GB SSD 13,3 Zoll Win11 Pro",,17622540577_20260714122104,"5","FIXED_PRICE","EUR",308.0,,,308.0,"1","5","0","Sep-28-26 23:53:19 PDT","Oct-29-26 00:53:19 PDT","PC Notebooks & Netbooks","177","","","Gebraucht","","","","","","DE","","",""
"307204733578","Fujitsu Lifebook U729 i5-8250U 8 GB 240 GB SSD 12,5 Zoll Win11 Pro",,5563_20260506095908,"0","FIXED_PRICE","EUR",183.0,,,183.0,"0","","","Sep-28-26 23:53:19 PDT","Oct-29-26 00:53:19 PDT","PC Notebooks & Netbooks","177","","","Gebraucht","","","","","","DE","","",""
"307204735534",HP EliteBook 745 G5 Ryzen 7 PRO 2700U 32 GB 256 GB SSD 14 Zoll Win11 Pro,,18059488352,"2","FIXED_PRICE","EUR",295.0,,,295.0,"0","","","Sep-28-26 23:55:38 PDT","Oct-29-26 00:55:38 PDT","PC Notebooks & Netbooks","177","","","Gebraucht","","","","","","DE","","",""
"307204774010","HP ProBook 450 G10 i5-1335U 16 GB 256 GB SSD 15,6 Zoll Win11 Pro",,18422411444_20260615074207,"0","FIXED_PRICE","EUR",500.0,,,500.0,"0","","","Sep-29-26 00:23:54 PDT","Oct-29-26 01:23:54 PDT","PC Notebooks & Netbooks","177","","","Gebraucht","","","","","","DE","","",""
"307204774016","Dell Latitude 5500 i7-8650U 8 GB 240 GB SSD 15,6 Zoll Win11 Pro",,6222_20260617121257,"5","FIXED_PRICE","EUR",237.0,,,237.0,"0","","","Sep-29-26 00:23:54 PDT","Oct-29-26 01:23:54 PDT","PC Notebooks & Netbooks","177","","","Gebraucht","","","","","","DE","","",""
"307204774017","Dell Latitude 5500 i5-8265U 8 GB 240 GB SSD 15,6 Zoll Win11 Pro",,6222_20260617120719,"0","FIXED_PRICE","EUR",203.0,,,203.0,"0","","","Sep-29-26 00:23:54 PDT","Oct-29-26 01:23:54 PDT","PC Notebooks & Netbooks","177","","","Gebraucht","","","","","","DE","","",""
"307204774020","Dell Latitude 5500 i7-8650U 8 GB 240 GB SSD 15,6 Zoll Win11 Pro",,6222_20260617122910,"5","FIXED_PRICE","EUR",294.0,,,294.0,"0","","","Sep-29-26 00:23:54 PDT","Oct-29-26 01:23:54 PDT","PC Notebooks & Netbooks","177","","","Gebraucht","","","","","","DE","","",""
"307204774022",Lenovo M920T i5-8500 8 GB 256 GB SSD Win10/11 Pro,,10354_20260701121324,"0","FIXED_PRICE","EUR",249.0,,,249.0,"0","","","Sep-29-26 00:23:54 PDT","Oct-29-26 01:23:54 PDT","PC Desktops & All-in-Ones","179","","","Gebraucht","","","","","","DE","","",""
"307204774023",HP EliteBook 840 G6 i7-8665U 8 GB 256 GB SSD 14 Zoll Win11 Pro,,4542_20260702081634,"0","FIXED_PRICE","EUR",249.0,,,249.0,"0","","","Sep-29-26 00:23:54 PDT","Oct-29-26 01:23:54 PDT","PC Notebooks & Netbooks","177","","","Gebraucht","","","","","","DE","","",""
"307204774028",HP EliteBook 840 G6 i7-8665U 8 GB 256 GB SSD 14 Zoll Win11 Pro,,4542_20260702082421,"0","FIXED_PRICE","EUR",272.0,,,272.0,"0","","","Sep-29-26 00:23:55 PDT","Oct-29-26 01:23:55 PDT","PC Notebooks & Netbooks","177","","","Gebraucht","","","","","","DE","","",""
"307204774029",Dell Latitude 7420 i7-1185G7 16 GB 256 GB SSD 14 Zoll Win11 Pro,,5703_20260703121404,"0","FIXED_PRICE","EUR",317.0,,,317.0,"0","","","Sep-29-26 00:23:55 PDT","Oct-29-26 01:23:55 PDT","PC Notebooks & Netbooks","177","","","Gebraucht","","","","","","DE","","",""
"307204774033",Dell Latitude 5490 i5-8350U 8 GB 256 GB SSD 14 Zoll Win11 Pro,,18743355682,"2","FIXED_PRICE","EUR",198.0,,,198.0,"0","","","Sep-29-26 00:23:55 PDT","Oct-29-26 01:23:55 PDT","PC Notebooks & Netbooks","177","","","Gebraucht","","","","","","DE","","",""
"307204774034","Dell XPS 13 9310 i5-1135G7 8 GB 256 GB SSD 13,3 Zoll Win11 Pro",,18678849641,"0","FIXED_PRICE","EUR",374.0,,,374.0,"0","","","Sep-29-26 00:23:55 PDT","Oct-29-26 01:23:55 PDT","PC Notebooks & Netbooks","177","","","Gebraucht","","","","","","DE","","",""
"307204774037","Dell XPS 13 9300 i5-1035G1 8 GB 256 GB SSD 13,3 Zoll Win11 Pro",,18179622873,"1","FIXED_PRICE","EUR",329.0,,,329.0,"0","","","Sep-29-26 00:23:55 PDT","Oct-29-26 01:23:55 PDT","PC Notebooks & Netbooks","177","","","Gebraucht","","","","","","DE","","",""
"307204774043","Dell Precision 7530 i5-8300H 8 GB 256 GB SSD 15,6 Zoll Win11 Pro",,3809_20260709135124,"0","FIXED_PRICE","EUR",272.0,,,272.0,"0","","","Sep-29-26 00:23:55 PDT","Oct-29-26 01:23:55 PDT","PC Notebooks & Netbooks","177","","","Gebraucht","","","","","","DE","","",""
"307204774045","Dell XPS 13 9310 i5-1135G7 8 GB 256 GB SSD 13,3 Zoll Win11 Pro",,18680687846,"0","FIXED_PRICE","EUR",340.0,,,340.0,"0","","","Sep-29-26 00:23:55 PDT","Oct-29-26 01:23:55 PDT","PC Notebooks & Netbooks","177","","","Gebraucht","","","","","","DE","","",""
"307204774046",HP EliteBook 840 G5 i5-7300U 8 GB 256 GB SSD 14 Zoll Win11 Pro,,18760144860,"2","FIXED_PRICE","EUR",157.0,,,157.0,"0","1","0","Sep-29-26 00:23:55 PDT","Oct-29-26 01:23:55 PDT","PC Notebooks & Netbooks","177","","","Gebraucht","","","","","","DE","","",""
"307204774049","Dell Precision 7530 i5-8300H 8 GB 256 GB SSD 15,6 Zoll Win11 Pro",,3809_20260709135705,"0","FIXED_PRICE","EUR",294.0,,,294.0,"0","","","Sep-29-26 00:23:55 PDT","Oct-29-26 01:23:55 PDT","PC Notebooks & Netbooks","177","","","Gebraucht","","","","","","DE","","",""
"307204774051",HP EliteBook 840 G5 i5-7300U 8 GB 256 GB SSD 14 Zoll Win11 Pro,,18760168918,"0","FIXED_PRICE","EUR",180.0,,,180.0,"0","","","Sep-29-26 00:23:55 PDT","Oct-29-26 01:23:55 PDT","PC Notebooks & Netbooks","177","","","Gebraucht","","","","","","DE","","",""
"307204774054",HP EliteDesk 600 G4 i5-8500T 8 GB 240 GB SSD Win11 Pro,,10397_20260722144457,"0","FIXED_PRICE","EUR",180.0,,,180.0,"0","","","Sep-29-26 00:23:55 PDT","Oct-29-26 01:23:55 PDT","PC Desktops & All-in-Ones","179","","","Gebraucht","","","","","","DE","","",""
"307204774058","HP EliteBook 850 G6 i5-8365U 16 GB 500 GB SSD 15,6 Zoll Win11 Pro",,16232396031_20260723070515,"10","FIXED_PRICE","EUR",340.0,,,340.0,"0","1","0","Sep-29-26 00:23:55 PDT","Oct-29-26 01:23:55 PDT","PC Notebooks & Netbooks","177","","","Gebraucht","","","","","","DE","","",""
"307204774063",Fujitsu Lifebook U748 i7-8650U 8 GB 256 GB SSD 14 Zoll Win11 Pro,,18806124322,"0","FIXED_PRICE","EUR",169.0,,,169.0,"1","1","0","Sep-29-26 00:23:55 PDT","Oct-29-26 01:23:55 PDT","PC Notebooks & Netbooks","177","","","Gebraucht","","","","","","DE","","",""
"307204774064","HP ProBook 450 G5 i5-8250U 8 GB 256 GB SSD 15,6 Zoll Win11 Pro",,17570806481_20260811071523,"0","FIXED_PRICE","EUR",214.0,,,214.0,"0","","","Sep-29-26 00:23:55 PDT","Oct-29-26 01:23:55 PDT","PC Notebooks & Netbooks","177","","","Gebraucht","","","","","","DE","","",""
"307204774065",Fujitsu Lifebook U749 i7-8665U 8 GB 256 GB SSD 14 Zoll Win11 Pro,,18806218248,"0","FIXED_PRICE","EUR",175.0,,,175.0,"0","","","Sep-29-26 00:23:55 PDT","Oct-29-26 01:23:55 PDT","PC Notebooks & Netbooks","177","","","Gebraucht","","","","","","DE","","",""
"307204774067","HP ProBook 450 G5 i5-8250U 8 GB 256 GB SSD 15,6 Zoll Win11 Pro",,17570806481_20260811071657,"0","FIXED_PRICE","EUR",180.0,,,180.0,"0","","","Sep-29-26 00:23:55 PDT","Oct-29-26 01:23:55 PDT","PC Notebooks & Netbooks","177","","","Gebraucht","","","","","","DE","","",""
"307204774072","Dell Latitude 3310 i3-8145U 8 GB 120 GB SSD 13,3 Zoll Win11 Pro",,5015_20260813082256,"0","FIXED_PRICE","EUR",180.0,,,180.0,"0","","","Sep-29-26 00:23:55 PDT","Oct-29-26 01:23:55 PDT","PC Notebooks & Netbooks","177","","","Gebraucht","","","","","","DE","","",""
"307204774079","Dell Latitude 3310 i3-8145U 8 GB 120 GB SSD 13,3 Zoll Win11 Pro",,5015_20260813084333,"0","FIXED_PRICE","EUR",146.0,,,146.0,"0","","","Sep-29-26 00:23:55 PDT","Oct-29-26 01:23:55 PDT","PC Notebooks & Netbooks","177","","","Gebraucht","","","","","","DE","","",""
"307204774082","Fujitsu Lifebook E756 i7-6500U 8 GB 240 GB SSD 15,6 Zoll Win11 Pro",,5276_20260820135205,"0","FIXED_PRICE","EUR",226.0,,,226.0,"0","","","Sep-29-26 00:23:55 PDT","Oct-29-26 01:23:55 PDT","PC Notebooks & Netbooks","177","","","Gebraucht","","","","","","DE","","",""
"307204774085","Fujitsu Lifebook E756 i7-6500U 8 GB 240 GB SSD 15,6 Zoll Win11 Pro",,5276_20260820135657,"0","FIXED_PRICE","EUR",180.0,,,180.0,"0","0","0","Sep-29-26 00:23:55 PDT","Oct-29-26 01:23:55 PDT","PC Notebooks & Netbooks","177","","","Gebraucht","","","","","","DE","","",""
"307204774089",Dell Optiplex 3000 i5-12500T 16 GB 256 GB SSD Win11 Pro,,5914_20260826142938,"0","FIXED_PRICE","EUR",420.0,,,420.0,"0","1","0","Sep-29-26 00:23:55 PDT","Oct-29-26 01:23:55 PDT","PC Desktops & All-in-Ones","179","","","Gebraucht","","","","","","DE","","",""
"307204774092",Dell Optiplex 3090 i5-10500T 16 GB 256 GB SSD Win11 Pro,,5914_20260826153150,"0","FIXED_PRICE","EUR",374.0,,,374.0,"0","1","0","Sep-29-26 00:23:55 PDT","Oct-29-26 01:23:55 PDT","PC Desktops & All-in-Ones","179","","","Gebraucht","","","","","","DE","","",""
"307204774093",Dell Elite 600 G9 i5-12500T 16 GB 256 GB SSD Win11 Pro,,5914_20260827150330,"0","FIXED_PRICE","EUR",466.0,,,466.0,"0","","","Sep-29-26 00:23:55 PDT","Oct-29-26 01:23:55 PDT","PC Desktops & All-in-Ones","179","","","Gebraucht","","","","","","DE","","",""
"307204774099",HP EliteDesk 800 G4 i5-8500T 8 GB 240 GB SSD Win11 Pro,,3959_20260917132919,"8","FIXED_PRICE","EUR",192.0,,,192.0,"0","","","Sep-29-26 00:23:56 PDT","Oct-29-26 01:23:56 PDT","PC Desktops & All-in-Ones","179","","","Gebraucht","","","","","","DE","","",""
"307204774100",HP EliteBook 840 G5 i5-7200U 8 GB 256 GB SSD 14 Zoll Win11 Pro,,18760168918_20260922100914,"2","FIXED_PRICE","EUR",175.0,,,175.0,"0","","","Sep-29-26 00:23:56 PDT","Oct-29-26 01:23:56 PDT","PC Notebooks & Netbooks","177","","","Gebraucht","","","","","","DE","","",""
"307204774105","Lenovo ThinkPad X13 Gen3 i5-1245U 16 GB 256 GB SSD 13,3 Zoll Win11 Pro",,17622296963_20260924130001,"0","FIXED_PRICE","EUR",363.0,,,363.0,"0","0","0","Sep-29-26 00:23:56 PDT","Oct-29-26 01:23:56 PDT","PC Notebooks & Netbooks","177","","","Gebraucht","","","","","","DE","","",""
"307204774106",Dell 5070 Thin Client Intel Celeron J4105 4 GB 32 GB SSD,,4462_20260924093627,"5","FIXED_PRICE","EUR",73.0,,,73.0,"0","1","0","Sep-29-26 00:23:56 PDT","Oct-29-26 01:23:56 PDT","PC Desktops & All-in-Ones","179","","","Gebraucht","","","","","","DE","","",""
"307204774109",Dell Optiplex 7070 i5-8500 8 GB 240 GB SSD Win11 Pro,,10342_20260924103809,"0","FIXED_PRICE","EUR",260.0,,,260.0,"0","","","Sep-29-26 00:23:56 PDT","Oct-29-26 01:23:56 PDT","PC Desktops & All-in-Ones","179","","","Gebraucht","","","","","","DE","","",""
"307204774112",HP ZBook 14u G5 i5-7200U 32 GB 256 GB SSD 14 Zoll Win10 Pro,,12079039722,"8","FIXED_PRICE","EUR",377.0,,,377.0,"0","","","Sep-29-26 00:23:56 PDT","Oct-29-26 01:23:56 PDT","PC Notebooks & Netbooks","177","","","Gebraucht","","","","","","DE","","",""
"307204774120","Lenovo W540 i7-4700MQ 32 GB 240 GB SSD 15,6 Zoll Win10 Pro",,12618860388,"0","FIXED_PRICE","EUR",372.0,,,372.0,"0","","","Sep-29-26 00:23:56 PDT","Oct-29-26 01:23:56 PDT","PC Notebooks & Netbooks","177","","","Gebraucht","","","","","","DE","","",""
"307204774124","Lenovo W540 i7-4700MQ 32 GB 480 GB SSD 15,6 Zoll Win10 Pro",,12618871183,"0","FIXED_PRICE","EUR",418.0,,,418.0,"0","","","Sep-29-26 00:23:56 PDT","Oct-29-26 01:23:56 PDT","PC Notebooks & Netbooks","177","","","Gebraucht","","","","","","DE","","",""
"307204774125","Dell Latitude 5580 i5-7200U 16 GB 480 GB SSD 15,6 Zoll Win10 Pro",,12668051384,"5","FIXED_PRICE","EUR",317.0,,,317.0,"0","","","Sep-29-26 00:23:56 PDT","Oct-29-26 01:23:56 PDT","PC Notebooks & Netbooks","177","","","Gebraucht","","","","","","DE","","",""
"307204774126",HP EliteBook 840 G3 i5-6300U 16 GB 256 GB SSD 14 Zoll Win10 Pro,,12878141673,"5","FIXED_PRICE","EUR",225.0,,,225.0,"0","","","Sep-29-26 00:23:56 PDT","Oct-29-26 01:23:56 PDT","PC Notebooks & Netbooks","177","","","Gebraucht","","","","","","DE","","",""
"307204774127","Dell Latitude 5580 i5-7200U 8 GB 480 GB SSD 15,6 Zoll Win10 Pro",,12668059671,"5","FIXED_PRICE","EUR",301.0,,,301.0,"0","","","Sep-29-26 00:23:56 PDT","Oct-29-26 01:23:56 PDT","PC Notebooks & Netbooks","177","","","Gebraucht","","","","","","DE","","",""
"307204774134","Apple MacBook Pro A1707 2017r. i7-7700HQ 16 GB 256 GB SSD 15,6 Zoll",,13279889861,"5","FIXED_PRICE","EUR",386.0,,,386.0,"0","","","Sep-29-26 00:23:56 PDT","Oct-29-26 01:23:56 PDT","Apple Notebooks","111422","","","Gebraucht","","","","","","DE","","",""
"307204774135",HP EliteBook 840 G3 i5-6300U 8 GB 240 GB SSD 14 Zoll Win10 Pro,,13706448901,"5","FIXED_PRICE","EUR",188.0,,,188.0,"0","","","Sep-29-26 00:23:56 PDT","Oct-29-26 01:23:56 PDT","PC Notebooks & Netbooks","177","","","Gebraucht","","","","","","DE","","",""
"307204774136","Lenovo ThinkPad P52 i7-8750H 32 GB 1 TB SSD 15,6 Zoll Win10 Pro",,13896446359,"0","FIXED_PRICE","EUR",543.0,,,543.0,"0","","","Sep-29-26 00:23:56 PDT","Oct-29-26 01:23:56 PDT","PC Notebooks & Netbooks","177","","","Gebraucht","","","","","","DE","","",""
"307204774139",Dell Dell Latitude 7480 i7-6600U 16 GB 512 GB SSD 14 Zoll Win10 Pro,,13897593209,"5","FIXED_PRICE","EUR",290.0,,,290.0,"0","","","Sep-29-26 00:23:56 PDT","Oct-29-26 01:23:56 PDT","PC Notebooks & Netbooks","177","","","Gebraucht","","","","","","DE","","",""
"307204774142","HP HP ZBook 15 G2 i7-4600M 16 GB 480 GB SSD 15,6 Zoll Win10 Pro",,13916163607,"2","FIXED_PRICE","EUR",208.0,,,208.0,"0","","","Sep-29-26 00:23:56 PDT","Oct-29-26 01:23:56 PDT","PC Notebooks & Netbooks","177","","","Gebraucht","","","","","","DE","","",""
"307204774143","Dell Latitude 5580 i5-6440HQ 32 GB 480 GB SSD 15,6 Zoll Win10 Pro",,14488869662,"5","FIXED_PRICE","EUR",400.0,,,400.0,"0","","","Sep-29-26 00:23:56 PDT","Oct-29-26 01:23:56 PDT","PC Notebooks & Netbooks","177","","","Gebraucht","","","","","","DE","","",""
"307204774145",Dell Latitude 7490 16 480 nvme i7-8650U 16 GB 480 GB SSD 14 Zoll Win10 Pro,,14337656675,"0","FIXED_PRICE","EUR",292.0,,,292.0,"0","","","Sep-29-26 00:23:56 PDT","Oct-29-26 01:23:56 PDT","PC Notebooks & Netbooks","177","","","Gebraucht","","","","","","DE","","",""
"307204774152","HP Zbook 15 G3 i7-6700HQ 16 GB 756 GB SSD+HDD 15,6 Zoll Win10 Pro",,14512080799,"5","FIXED_PRICE","EUR",253.0,,,253.0,"0","","","Sep-29-26 00:23:56 PDT","Oct-29-26 01:23:56 PDT","PC Notebooks & Netbooks","177","","","Gebraucht","","","","","","DE","","",""
"307204774154","HP Zbook 15 G3 i7-6700HQ 32 GB 756 GB SSD+HDD 15,6 Zoll Win10 Pro",,14512190531,"5","FIXED_PRICE","EUR",395.0,,,395.0,"0","","","Sep-29-26 00:23:56 PDT","Oct-29-26 01:23:56 PDT","PC Notebooks & Netbooks","177","","","Gebraucht","","","","","","DE","","",""
"307204774158","Dell Precision 7520 i7-6820HQ 64 GB 960 GB SSD 15,6 Zoll Win10 Pro",,14524134569,"0","FIXED_PRICE","EUR",564.0,,,564.0,"0","","","Sep-29-26 00:23:56 PDT","Oct-29-26 01:23:56 PDT","PC Notebooks & Netbooks","177","","","Gebraucht","","","","","","DE","","",""
"307204774159","Dell Latitude 5580 i7-7820HQ 32 GB 480 GB SSD 15,6 Zoll Win10 Pro",,14623654526,"0","FIXED_PRICE","EUR",416.0,,,416.0,"0","","","Sep-29-26 00:23:56 PDT","Oct-29-26 01:23:56 PDT","PC Notebooks & Netbooks","177","","","Gebraucht","","","","","","DE","","",""
"307204774161","Dell Precision 7520 i7-6820HQ 64 GB 960 GB SSD 15,6 Zoll Win10 Pro",,14729760510,"0","FIXED_PRICE","EUR",610.0,,,610.0,"0","","","Sep-29-26 00:23:56 PDT","Oct-29-26 01:23:56 PDT","PC Notebooks & Netbooks","177","","","Gebraucht","","","","","","DE","","",""
"307204774165","Dell Precision 5520 i7-6820HQ 32 GB 480 GB SSD 15,6 Zoll Win10 Pro",,14778016183,"0","FIXED_PRICE","EUR",491.0,,,491.0,"0","","","Sep-29-26 00:23:56 PDT","Oct-29-26 01:23:56 PDT","PC Notebooks & Netbooks","177","","","Gebraucht","","","","","","DE","","",""
"307204774168","Dell Precision 7540 i7-9750H 64 GB 512 GB SSD 15,6 Zoll Win10 Pro",,14730001987,"0","FIXED_PRICE","EUR",911.0,,,911.0,"0","","","Sep-29-26 00:23:56 PDT","Oct-29-26 01:23:56 PDT","PC Notebooks & Netbooks","177","","","Gebraucht","","","","","","DE","","",""
"307204774171","Dell Precision 5520 i7-6820HQ 32 GB 480 GB SSD 15,6 Zoll Win10 Pro",,14778101876,"2","FIXED_PRICE","EUR",445.0,,,445.0,"0","","","Sep-29-26 00:23:57 PDT","Oct-29-26 01:23:57 PDT","PC Notebooks & Netbooks","177","","","Gebraucht","","","","","","DE","","",""
"307204774172",HP EliteBook 745 G5 Ryzen 7 2700 16 GB 256 GB SSD 14 Zoll Win11 Pro,,14803361142,"2","FIXED_PRICE","EUR",214.0,,,214.0,"0","","","Sep-29-26 00:23:57 PDT","Oct-29-26 01:23:57 PDT","PC Notebooks & Netbooks","177","","","Gebraucht","","","","","","DE","","",""
"307204774173","HP EliteBook 850 G3 i7-6500U 8 GB 440 GB SSD+HDD 15,6 Zoll Win10 Pro",,14856081849,"0","FIXED_PRICE","EUR",294.0,,,294.0,"0","","","Sep-29-26 00:23:57 PDT","Oct-29-26 01:23:57 PDT","PC Notebooks & Netbooks","177","","","Gebraucht","","","","","","DE","","",""
"307204774179","Dell Precision 7540 i5-9400H 32 GB 512 GB SSD 15,6 Zoll Win10 Pro",,14891611802,"0","FIXED_PRICE","EUR",651.0,,,651.0,"0","","","Sep-29-26 00:23:57 PDT","Oct-29-26 01:23:57 PDT","PC Notebooks & Netbooks","177","","","Gebraucht","","","","","","DE","","",""
"307204774181","HP EliteBook 850 G3 i7-6500U 8 GB 120 GB SSD+HDD 15,6 Zoll Win10 Pro",,14856091648,"0","FIXED_PRICE","EUR",272.0,,,272.0,"0","","","Sep-29-26 00:23:57 PDT","Oct-29-26 01:23:57 PDT","PC Notebooks & Netbooks","177","","","Gebraucht","","","","","","DE","","",""
"307204774185","Dell Precision 7540 i5-9400H 64 GB 512 GB SSD 15,6 Zoll Win10 Pro",,14891617491,"2","FIXED_PRICE","EUR",706.0,,,706.0,"0","","","Sep-29-26 00:23:57 PDT","Oct-29-26 01:23:57 PDT","PC Notebooks & Netbooks","177","","","Gebraucht","","","","","","DE","","",""
"307204774186",Dell Latitude 7490 16 480 nvme i5-8250U 16 GB 480 GB SSD 14 Zoll Win10 Pro,,14966126692,"0","FIXED_PRICE","EUR",260.0,,,260.0,"0","","","Sep-29-26 00:23:57 PDT","Oct-29-26 01:23:57 PDT","PC Notebooks & Netbooks","177","","","Gebraucht","","","","","","DE","","",""
"307204774190",Dell Latitude 5410 i5-10310U 16 GB 480 GB SSD 14 Zoll Win11 Pro,,15091894833,"5","FIXED_PRICE","EUR",349.0,,,349.0,"0","","","Sep-29-26 00:23:57 PDT","Oct-29-26 01:23:57 PDT","PC Notebooks & Netbooks","177","","","Gebraucht","","","","","","DE","","",""
"307204774191","HP ZBook 15 G2 i7-4700MQ 32 GB 480 GB SSD 15,6 Zoll Win10 Pro",,15120755410,"2","FIXED_PRICE","EUR",322.0,,,322.0,"0","","","Sep-29-26 00:23:57 PDT","Oct-29-26 01:23:57 PDT","PC Notebooks & Netbooks","177","","","Gebraucht","","","","","","DE","","",""
"307204774193",Lenovo lenovo ThinkPad T480 i5-8350U 8 GB 256 GB SSD 14 Zoll Win10 Pro,,15051507225,"5","FIXED_PRICE","EUR",249.0,,,249.0,"0","","","Sep-29-26 00:23:57 PDT","Oct-29-26 01:23:57 PDT","PC Notebooks & Netbooks","177","","","Gebraucht","","","","","","DE","","",""
"307204774196",HP EliteBook 840 G5 i5-8350U 8 GB 256 GB SSD 14 Zoll Win10 Pro,,15120782369,"2","FIXED_PRICE","EUR",192.0,,,192.0,"0","","","Sep-29-26 00:23:57 PDT","Oct-29-26 01:23:57 PDT","PC Notebooks & Netbooks","177","","","Gebraucht","","","","","","DE","","",""
"307204774199","Lenovo ThinkPad L380 i3-8130U 16 GB 512 GB SSD 13,3 Zoll Win10 Pro",,15333635502,"0","FIXED_PRICE","EUR",246.0,,,246.0,"0","","","Sep-29-26 00:23:57 PDT","Oct-29-26 01:23:57 PDT","PC Notebooks & Netbooks","177","","","Gebraucht","","","","","","DE","","",""
"307204774201","HP EliteBook 850 G5 i7 i7-8650U 16 GB 512 GB SSD 15,6 Zoll Win10 Pro",,15272423854,"0","FIXED_PRICE","EUR",429.0,,,429.0,"0","","","Sep-29-26 00:23:57 PDT","Oct-29-26 01:23:57 PDT","PC Notebooks & Netbooks","177","","","Gebraucht","","","","","","DE","","",""
"307204774203",Dell Dell Latitude 7480 i7-6600U 32 GB 1 TB SSD 14 Zoll Win10 Pro,,15344915722,"5","FIXED_PRICE","EUR",356.0,,,356.0,"0","","","Sep-29-26 00:23:57 PDT","Oct-29-26 01:23:57 PDT","PC Notebooks & Netbooks","177","","","Gebraucht","","","","","","DE","","",""
"307204774205",Dell Dell Latitude 7480 i7-7600U 16 GB 512 GB SSD 14 Zoll Win10 Pro,,15365033750,"5","FIXED_PRICE","EUR",283.0,,,283.0,"0","","","Sep-29-26 00:23:57 PDT","Oct-29-26 01:23:57 PDT","PC Notebooks & Netbooks","177","","","Gebraucht","","","","","","DE","","",""
"307204774209",Dell Dell Latitude 7480 i7-7600U 32 GB 1 TB SSD 14 Zoll Win10 Pro,,15365045149,"5","FIXED_PRICE","EUR",349.0,,,349.0,"0","","","Sep-29-26 00:23:57 PDT","Oct-29-26 01:23:57 PDT","PC Notebooks & Netbooks","177","","","Gebraucht","","","","","","DE","","",""
"307204774216","HP ZBook 15u G3 i7-6500U 16 GB 1012 GB SSD+HDD 15,6 Zoll Win10 Pro",,15563503501,"2","FIXED_PRICE","EUR",310.0,,,310.0,"0","","","Sep-29-26 00:23:57 PDT","Oct-29-26 01:23:57 PDT","PC Notebooks & Netbooks","177","","","Gebraucht","","","","","","DE","","",""
"307204774217","HP ZBook 15u G3 i7-6500U 32 GB 1012 GB SSD+HDD 15,6 Zoll Win10 Pro",,15563511530,"2","FIXED_PRICE","EUR",361.0,,,361.0,"0","","","Sep-29-26 00:23:57 PDT","Oct-29-26 01:23:57 PDT","PC Notebooks & Netbooks","177","","","Gebraucht","","","","","","DE","","",""
"307204774219","HP ZBook 15u G3 i7-6500U 16 GB 1012 GB SSD+HDD 15,6 Zoll Win10 Pro",,15563556111,"2","FIXED_PRICE","EUR",276.0,,,276.0,"0","","","Sep-29-26 00:23:57 PDT","Oct-29-26 01:23:57 PDT","PC Notebooks & Netbooks","177","","","Gebraucht","","","","","","DE","","",""
"307204774220","HP ZBook 15u G3 i7-6500U 32 GB 1460 GB SSD+HDD 15,6 Zoll Win10 Pro",,15563526447,"2","FIXED_PRICE","EUR",349.0,,,349.0,"0","","","Sep-29-26 00:23:57 PDT","Oct-29-26 01:23:57 PDT","PC Notebooks & Netbooks","177","","","Gebraucht","","","","","","DE","","",""
"307204774222","HP ZBook 15u G3 i7-6500U 32 GB 1012 GB SSD+HDD 15,6 Zoll Win10 Pro",,15563568256,"2","FIXED_PRICE","EUR",326.0,,,326.0,"0","","","Sep-29-26 00:23:57 PDT","Oct-29-26 01:23:57 PDT","PC Notebooks & Netbooks","177","","","Gebraucht","","","","","","DE","","",""
"307204774226",HP ZBook 14u G5 i5-7200U 32 GB 256 GB SSD 14 Zoll Win10 Pro,,15615686905,"10","FIXED_PRICE","EUR",411.0,,,411.0,"0","","","Sep-29-26 00:23:57 PDT","Oct-29-26 01:23:57 PDT","PC Notebooks & Netbooks","177","","","Gebraucht","","","","","","DE","","",""
"307204774228",HP ZBook 14u G5 i5-7200U 16 GB 256 GB SSD 14 Zoll Win10 Pro,,15615738508,"10","FIXED_PRICE","EUR",333.0,,,333.0,"0","","","Sep-29-26 00:23:57 PDT","Oct-29-26 01:23:57 PDT","PC Notebooks & Netbooks","177","","","Gebraucht","","","","","","DE","","",""
"307204774234",HP ZBook 14u G5 i5-7200U 32 GB 480 GB SSD 14 Zoll Win10 Pro,,15615831762,"10","FIXED_PRICE","EUR",461.0,,,461.0,"0","","","Sep-29-26 00:23:57 PDT","Oct-29-26 01:23:57 PDT","PC Notebooks & Netbooks","177","","","Gebraucht","","","","","","DE","","",""
"307204774235",HP ZBook 14u G5 i5-7200U 16 GB 960 GB SSD 14 Zoll Win10 Pro,,15615818025,"10","FIXED_PRICE","EUR",425.0,,,425.0,"0","","","Sep-29-26 00:23:57 PDT","Oct-29-26 01:23:57 PDT","PC Notebooks & Netbooks","177","","","Gebraucht","","","","","","DE","","",""
"307204774236",Microsoft Surface GO 1824 Intel Pentium 8 GB 128 GB SSD 10 Zoll Win10 Pro,,15780026971,"5","FIXED_PRICE","EUR",146.0,,,146.0,"0","","","Sep-29-26 00:23:57 PDT","Oct-29-26 01:23:57 PDT","PC Notebooks & Netbooks","177","","","Gebraucht","","","","","","DE","","",""
"307204774240","Dell Dell Precision 7740 i7-9850H 32 GB 512 GB SSD 17,3 Zoll Win11 Pro",,15818128143,"0","FIXED_PRICE","EUR",948.0,,,948.0,"0","","","Sep-29-26 00:23:58 PDT","Oct-29-26 01:23:58 PDT","PC Notebooks & Netbooks","177","","","Gebraucht","","","","","","DE","","",""
"307204774244","HP EliteBook 830 G5 i5-8350U 8 GB 256 GB SSD 13,3 Zoll Win10 Pro",,15844463078,"0","FIXED_PRICE","EUR",203.0,,,203.0,"0","","","Sep-29-26 00:23:58 PDT","Oct-29-26 01:23:58 PDT","PC Notebooks & Netbooks","177","","","Gebraucht","","","","","","DE","","",""
"307204774249","HP EliteBook 830 G6 i5-8365U 8 GB 480 GB SSD 13,3 Zoll Win10 Pro",,15844762527,"5","FIXED_PRICE","EUR",220.0,,,220.0,"0","","","Sep-29-26 00:23:58 PDT","Oct-29-26 01:23:58 PDT","PC Notebooks & Netbooks","177","","","Gebraucht","","","","","","DE","","",""
"307204774250","Dell Latitude 5510 i5-10310U 16 GB 480 GB SSD 15,6 Zoll Win10 Pro",,15977789307,"0","FIXED_PRICE","EUR",420.0,,,420.0,"0","","","Sep-29-26 00:23:58 PDT","Oct-29-26 01:23:58 PDT","PC Notebooks & Netbooks","177","","","Gebraucht","","","","","","DE","","",""
"307204774252","Dell Precision 7530 i5-8400H 32 GB 512 GB SSD 15,6 Zoll Win11 Pro",,15888509292,"2","FIXED_PRICE","EUR",555.0,,,555.0,"0","","","Sep-29-26 00:23:58 PDT","Oct-29-26 01:23:58 PDT","PC Notebooks & Netbooks","177","","","Gebraucht","","","","","","DE","","",""
"307204774259","Dell Latitude 5510 i5-10310U 32 GB 480 GB SSD 15,6 Zoll Win10 Pro",,15977831126,"2","FIXED_PRICE","EUR",500.0,,,500.0,"0","","","Sep-29-26 00:23:58 PDT","Oct-29-26 01:23:58 PDT","PC Notebooks & Netbooks","177","","","Gebraucht","","","","","","DE","","",""
"307204774263","Dell Latitude 5510 i5-10310U 32 GB 960 GB SSD 15,6 Zoll Win10 Pro",,15977841616,"2","FIXED_PRICE","EUR",569.0,,,569.0,"0","","","Sep-29-26 00:23:58 PDT","Oct-29-26 01:23:58 PDT","PC Notebooks & Netbooks","177","","","Gebraucht","","","","","","DE","","",""
"307204774269","Dell Latitude 5510 i5-10310U 16 GB 960 GB SSD 15,6 Zoll Win10 Pro",,15977887759,"2","FIXED_PRICE","EUR",489.0,,,489.0,"0","","","Sep-29-26 00:23:58 PDT","Oct-29-26 01:23:58 PDT","PC Notebooks & Netbooks","177","","","Gebraucht","","","","","","DE","","",""
"307204774271",Apple MacBook Pro A2141 2019r i9-9880H 32 GB 1 TB SSD 16 Zoll,,16028351278,"2","FIXED_PRICE","EUR",729.0,,,729.0,"0","","","Sep-29-26 00:23:58 PDT","Oct-29-26 01:23:58 PDT","Apple Notebooks","111422","","","Gebraucht","","","","","","DE","","",""
"307204774272",Lenovo ThinkPad T490 i5-8265U 16 GB 480 GB SSD 14 Zoll Win10 Pro,,16115725406,"10","FIXED_PRICE","EUR",363.0,,,363.0,"0","","","Sep-29-26 00:23:58 PDT","Oct-29-26 01:23:58 PDT","PC Notebooks & Netbooks","177","","","Gebraucht","","","","","","DE","","",""
"307204774273",Apple MacBook Pro A2141 2019 i9-9880H 32 GB 1 TB SSD 16 Zoll,,16156080383,"0","FIXED_PRICE","EUR",729.0,,,729.0,"0","","","Sep-29-26 00:23:58 PDT","Oct-29-26 01:23:58 PDT","Apple Notebooks","111422","","","Gebraucht","","","","","","DE","","",""
"307204774275",Lenovo ThinkPad T490 i5-8265U 32 GB 960 GB SSD 14 Zoll Win10 Pro,,16115738995,"10","FIXED_PRICE","EUR",512.0,,,512.0,"0","","","Sep-29-26 00:23:58 PDT","Oct-29-26 01:23:58 PDT","PC Notebooks & Netbooks","177","","","Gebraucht","","","","","","DE","","",""
"307204774277",HP EliteBook 840 G3 i5 i5-6300U 16 GB 512 GB SSD 14 Zoll Win11 Pro,,16161870822,"5","FIXED_PRICE","EUR",364.0,,,364.0,"0","","","Sep-29-26 00:23:58 PDT","Oct-29-26 01:23:58 PDT","PC Notebooks & Netbooks","177","","","Gebraucht","","","","","","DE","","",""
"307204774281","HP EliteBook 830 G6 i5-8365U 16 GB 480 GB SSD 13,3 Zoll Win10 Pro",,16334585040,"5","FIXED_PRICE","EUR",266.0,,,266.0,"0","","","Sep-29-26 00:23:58 PDT","Oct-29-26 01:23:58 PDT","PC Notebooks & Netbooks","177","","","Gebraucht","","","","","","DE","","",""
"307204774283","HP EliteBook 830 G6 i5-8365U 16 GB 960 GB SSD 13,3 Zoll Win10 Pro",,16334665305,"5","FIXED_PRICE","EUR",335.0,,,335.0,"0","","","Sep-29-26 00:23:58 PDT","Oct-29-26 01:23:58 PDT","PC Notebooks & Netbooks","177","","","Gebraucht","","","","","","DE","","",""
"307204774284","HP ProBook 430 G5 i5-8250U 8 GB 240 GB SSD+HDD 13,3 Zoll Win10 Pro",,16515068995,"0","FIXED_PRICE","EUR",192.0,,,192.0,"0","","","Sep-29-26 00:23:58 PDT","Oct-29-26 01:23:58 PDT","PC Notebooks & Netbooks","177","","","Gebraucht","","","","","","DE","","",""
"307204774286",HP ProBook 640 G5 i5-8365U 16 GB 256 GB SSD 14 Zoll Win10 Pro,,16646442267,"2","FIXED_PRICE","EUR",219.0,,,219.0,"0","","","Sep-29-26 00:23:58 PDT","Oct-29-26 01:23:58 PDT","PC Notebooks & Netbooks","177","","","Gebraucht","","","","","","DE","","",""
"307204774289","Lenovo Lenovo ThinkPad P52 i7-8750H 16 GB 512 GB SSD 15,6 Zoll Win11 Home",,16696504818,"0","FIXED_PRICE","EUR",509.0,,,509.0,"0","1","0","Sep-29-26 00:23:58 PDT","Oct-29-26 01:23:58 PDT","PC Notebooks & Netbooks","177","","","Gebraucht","","","","","","DE","","",""
"307204774291",Lenovo ThinkPad P52 i7-8850H NVIDIA QUADRO P1000 32GB 512 i7-8850H Win11 Pro,,16696530118,"0","FIXED_PRICE","EUR",559.0,,,559.0,"0","","","Sep-29-26 00:23:58 PDT","Oct-29-26 01:23:58 PDT","PC Notebooks & Netbooks","177","","","Gebraucht","","","","","","DE","","",""
"307204774292",HP EliteBook 840 G5 i7-8650U 8 GB 256 GB SSD 14 Zoll Win11 Pro,,16779609624,"0","FIXED_PRICE","EUR",272.0,,,272.0,"0","","","Sep-29-26 00:23:58 PDT","Oct-29-26 01:23:58 PDT","PC Notebooks & Netbooks","177","","","Gebraucht","","","","","","DE","","",""
"307204774295","Panasonic ToughBook CF-31 i5-3340M 8 GB 240 GB SSD 13,3 Zoll Win10 Pro",,16820940558,"0","FIXED_PRICE","EUR",140.0,,,140.0,"0","","","Sep-29-26 00:23:58 PDT","Oct-29-26 01:23:58 PDT","PC Notebooks & Netbooks","177","","","Gebraucht","","","","","","DE","","",""
"307204774301",HP EliteBook 840 G3 i5-6300U 8 GB 240 GB SSD 14 Zoll Win10 Pro,,17121822097,"5","FIXED_PRICE","EUR",200.0,,,200.0,"0","","","Sep-29-26 00:23:58 PDT","Oct-29-26 01:23:58 PDT","PC Notebooks & Netbooks","177","","","Gebraucht","","","","","","DE","","",""
"307204774303",HP EliteBook 745 G5 Ryzen 7 PRO 2700U 8 GB 256 GB SSD 14 Zoll Win11 Pro,,16998898397,"5","FIXED_PRICE","EUR",192.0,,,192.0,"0","","","Sep-29-26 00:23:58 PDT","Oct-29-26 01:23:58 PDT","PC Notebooks & Netbooks","177","","","Gebraucht","","","","","","DE","","",""
"307204774306","Dell Precision 7750 i7 i7-10850H 32 GB 512 GB SSD 17,3 Zoll Win11 Pro",,17264564952,"2","FIXED_PRICE","EUR",1108.0,,,1108.0,"0","","","Sep-29-26 00:23:58 PDT","Oct-29-26 01:23:58 PDT","PC Notebooks & Netbooks","177","","","Gebraucht","","","","","","DE","","",""
"307204774307",HP ELITEBOOK 840 G7 i5-10310U 16 GB 1 TB SSD 14 Zoll Win10 Pro,,17002879322,"2","FIXED_PRICE","EUR",379.0,,,379.0,"0","","","Sep-29-26 00:23:58 PDT","Oct-29-26 01:23:58 PDT","PC Notebooks & Netbooks","177","","","Gebraucht","","","","","","DE","","",""
"307204774315",Fujitsu Lifebook U748 i7-8650U 16 GB 480 GB SSD 14 Zoll Win10 Pro,,17293272320,"0","FIXED_PRICE","EUR",269.0,,,269.0,"0","","","Sep-29-26 00:23:59 PDT","Oct-29-26 01:23:59 PDT","PC Notebooks & Netbooks","177","","","Gebraucht","","","","","","DE","","",""
"307204774318","Panasonic ToughBook CF-31 i5-3320M 16 GB 256 GB SSD 13,3 Zoll Win10 Pro",,17290390340,"0","FIXED_PRICE","EUR",230.0,,,230.0,"0","","","Sep-29-26 00:23:59 PDT","Oct-29-26 01:23:59 PDT","PC Notebooks & Netbooks","177","","","Gebraucht","","","","","","DE","","",""
"307204774321",Fujitsu Lifebook U748 i7-8650U 32 GB 480 GB SSD 14 Zoll Win10 Pro,,17293292818,"0","FIXED_PRICE","EUR",320.0,,,320.0,"0","","","Sep-29-26 00:23:59 PDT","Oct-29-26 01:23:59 PDT","PC Notebooks & Netbooks","177","","","Gebraucht","","","","","","DE","","",""
"307204774324",Fujitsu Lifebook U749 i7-8665U 32 GB 960 GB SSD 14 Zoll Win10 Pro,,17293726097,"0","FIXED_PRICE","EUR",372.0,,,372.0,"0","","","Sep-29-26 00:23:59 PDT","Oct-29-26 01:23:59 PDT","PC Notebooks & Netbooks","177","","","Gebraucht","","","","","","DE","","",""
"307204774325",Fujitsu Lifebook U748 i7-8650U 32 GB 960 GB SSD 14 Zoll Win10 Pro,,17293297131,"0","FIXED_PRICE","EUR",338.0,,,338.0,"0","","","Sep-29-26 00:23:59 PDT","Oct-29-26 01:23:59 PDT","PC Notebooks & Netbooks","177","","","Gebraucht","","","","","","DE","","",""
"307204774327",Fujitsu Lifebook U749 i7-8665U 16 GB 480 GB SSD 14 Zoll Win10 Pro,,17293787975,"0","FIXED_PRICE","EUR",304.0,,,304.0,"0","","","Sep-29-26 00:23:59 PDT","Oct-29-26 01:23:59 PDT","PC Notebooks & Netbooks","177","","","Gebraucht","","","","","","DE","","",""
"307204774330","Panasonic Toughbook CF-31 MK5 i5-5300U 16 GB 240 GB SSD 13,3 Zoll Win10 Pro",,17304381928,"0","FIXED_PRICE","EUR",283.0,,,283.0,"0","","","Sep-29-26 00:23:59 PDT","Oct-29-26 01:23:59 PDT","PC Notebooks & Netbooks","177","","","Gebraucht","","","","","","DE","","",""
"307204774334","Panasonic Toughbook CF-31 MK5 i5-5300U 16 GB 480 GB SSD 13,3 Zoll Win10 Pro",,17304389540,"0","FIXED_PRICE","EUR",322.0,,,322.0,"0","","","Sep-29-26 00:23:59 PDT","Oct-29-26 01:23:59 PDT","PC Notebooks & Netbooks","177","","","Gebraucht","","","","","","DE","","",""
"307204774335","Panasonic Toughbook CF-31 MK5 i5-5300U 16 GB 960 GB SSD 13,3 Zoll Win10 Pro",,17304399262,"0","FIXED_PRICE","EUR",340.0,,,340.0,"0","","","Sep-29-26 00:23:59 PDT","Oct-29-26 01:23:59 PDT","PC Notebooks & Netbooks","177","","","Gebraucht","","","","","","DE","","",""
"307204774340","HP EliteBook 850 G6 i7-8650U 16 GB 480 GB SSD 15,6 Zoll Win10 Pro",,17376880123,"10","FIXED_PRICE","EUR",374.0,,,374.0,"0","","","Sep-29-26 00:23:59 PDT","Oct-29-26 01:23:59 PDT","PC Notebooks & Netbooks","177","","","Gebraucht","","","","","","DE","","",""
"307204774341","HP EliteBook 850 G6 i7-8650U 16 GB 960 GB SSD 15,6 Zoll Win10 Pro",,17376887104,"10","FIXED_PRICE","EUR",443.0,,,443.0,"0","","","Sep-29-26 00:23:59 PDT","Oct-29-26 01:23:59 PDT","PC Notebooks & Netbooks","177","","","Gebraucht","","","","","","DE","","",""
"307204774342","HP EliteBook 850 G6 i7-8650U 32 GB 960 GB SSD 15,6 Zoll Win10 Pro",,17376890404,"10","FIXED_PRICE","EUR",523.0,,,523.0,"0","","","Sep-29-26 00:23:59 PDT","Oct-29-26 01:23:59 PDT","PC Notebooks & Netbooks","177","","","Gebraucht","","","","","","DE","","",""
"307204774344","HP EliteBook 850 G6 i7-8650U 32 GB 480 GB SSD 15,6 Zoll Win10 Pro",,17376895871,"10","FIXED_PRICE","EUR",455.0,,,455.0,"0","","","Sep-29-26 00:23:59 PDT","Oct-29-26 01:23:59 PDT","PC Notebooks & Netbooks","177","","","Gebraucht","","","","","","DE","","",""
"307204774350","Toshiba Toshiba Tecra A50-J i5-1135G7 8 GB 256 GB SSD 15,6 Zoll Win10 Pro",,17388429809,"10","FIXED_PRICE","EUR",317.0,,,317.0,"0","","","Sep-29-26 00:23:59 PDT","Oct-29-26 01:23:59 PDT","PC Notebooks & Netbooks","177","","","Gebraucht","","","","","","DE","","",""
"307204774351","Toshiba Toshiba Tecra A50-J i5-1135G7 8 GB 256 GB SSD 15,6 Zoll Win10 Pro",,17388309317,"10","FIXED_PRICE","EUR",272.0,,,272.0,"0","","","Sep-29-26 00:23:59 PDT","Oct-29-26 01:23:59 PDT","PC Notebooks & Netbooks","177","","","Gebraucht","","","","","","DE","","",""
"307204774352","HP EliteBook 850 G6 i7-8650U 8 GB 960 GB SSD 15,6 Zoll Win10 Pro",,17376915232,"10","FIXED_PRICE","EUR",397.0,,,397.0,"0","","","Sep-29-26 00:23:59 PDT","Oct-29-26 01:23:59 PDT","PC Notebooks & Netbooks","177","","","Gebraucht","","","","","","DE","","",""
"307204774357","Toshiba Toshiba Tecra A50-J i5-1135G7 16 GB 256 GB SSD 15,6 Zoll Win10 Pro",,17388461194,"10","FIXED_PRICE","EUR",299.0,,,299.0,"0","","","Sep-29-26 00:23:59 PDT","Oct-29-26 01:23:59 PDT","PC Notebooks & Netbooks","177","","","Gebraucht","","","","","","DE","","",""
"307204774358","Toshiba Toshiba Tecra A50-J i5-1135G7 16 GB 480 GB SSD 15,6 Zoll Win10 Pro",,17388472080,"10","FIXED_PRICE","EUR",338.0,,,338.0,"0","","","Sep-29-26 00:23:59 PDT","Oct-29-26 01:23:59 PDT","PC Notebooks & Netbooks","177","","","Gebraucht","","","","","","DE","","",""
"307204774363","Toshiba Toshiba Tecra A50-J i5-1135G7 32 GB 480 GB SSD 15,6 Zoll Win10 Pro",,17388481471,"10","FIXED_PRICE","EUR",388.0,,,388.0,"0","","","Sep-29-26 00:23:59 PDT","Oct-29-26 01:23:59 PDT","PC Notebooks & Netbooks","177","","","Gebraucht","","","","","","DE","","",""
"307204774365","Toshiba Toshiba Tecra A50-J i5-1135G7 32 GB 256 GB SSD 15,6 Zoll Win10 Pro",,17388478412,"10","FIXED_PRICE","EUR",349.0,,,349.0,"0","","","Sep-29-26 00:23:59 PDT","Oct-29-26 01:23:59 PDT","PC Notebooks & Netbooks","177","","","Gebraucht","","","","","","DE","","",""
"307204774366","Toshiba Toshiba Tecra A50-J i5-1135G7 32 GB 960 GB SSD 15,6 Zoll Win10 Pro",,17388483049,"10","FIXED_PRICE","EUR",406.0,,,406.0,"0","","","Sep-29-26 00:23:59 PDT","Oct-29-26 01:23:59 PDT","PC Notebooks & Netbooks","177","","","Gebraucht","","","","","","DE","","",""
"307204774368","Toshiba Toshiba Tecra A50-J i5-1135G7 16 GB 480 GB SSD 15,6 Zoll Win10 Pro",,17388491282,"10","FIXED_PRICE","EUR",384.0,,,384.0,"0","","","Sep-29-26 00:23:59 PDT","Oct-29-26 01:23:59 PDT","PC Notebooks & Netbooks","177","","","Gebraucht","","","","","","DE","","",""
"307204774370","Toshiba Toshiba Tecra A50-J i5-1135G7 16 GB 256 GB SSD 15,6 Zoll Win10 Pro",,17388484670,"10","FIXED_PRICE","EUR",345.0,,,345.0,"0","","","Sep-29-26 00:23:59 PDT","Oct-29-26 01:23:59 PDT","PC Notebooks & Netbooks","177","","","Gebraucht","","","","","","DE","","",""
"307204774373","Toshiba Toshiba Tecra A50-J i5-1135G7 16 GB 960 GB SSD 15,6 Zoll Win10 Pro",,17388500905,"10","FIXED_PRICE","EUR",402.0,,,402.0,"0","","","Sep-29-26 00:23:59 PDT","Oct-29-26 01:23:59 PDT","PC Notebooks & Netbooks","177","","","Gebraucht","","","","","","DE","","",""
"307204774375","Toshiba Toshiba Tecra A50-J i5-1135G7 32 GB 256 GB SSD 15,6 Zoll Win10 Pro",,17388502509,"10","FIXED_PRICE","EUR",395.0,,,395.0,"0","","","Sep-29-26 00:23:59 PDT","Oct-29-26 01:23:59 PDT","PC Notebooks & Netbooks","177","","","Gebraucht","","","","","","DE","","",""
"307204774384","Toshiba Toshiba Tecra A50-J i5-1135G7 32 GB 960 GB SSD 15,6 Zoll Win10 Pro",,17388511105,"10","FIXED_PRICE","EUR",452.0,,,452.0,"0","","","Sep-29-26 00:24:00 PDT","Oct-29-26 01:24:00 PDT","PC Notebooks & Netbooks","177","","","Gebraucht","","","","","","DE","","",""
"307204774385","Toshiba Toshiba Tecra A50-J i5-1135G7 32 GB 480 GB SSD 15,6 Zoll Win10 Pro",,17388504693,"10","FIXED_PRICE","EUR",434.0,,,434.0,"0","","","Sep-29-26 00:24:00 PDT","Oct-29-26 01:24:00 PDT","PC Notebooks & Netbooks","177","","","Gebraucht","","","","","","DE","","",""
"307204774386","Dell Latitude 5500 i5-8365U 8 GB 256 GB SSD 15,6 Zoll Win10 Pro",,17431196942,"8","FIXED_PRICE","EUR",203.0,,,203.0,"0","","","Sep-29-26 00:24:00 PDT","Oct-29-26 01:24:00 PDT","PC Notebooks & Netbooks","177","","","Gebraucht","","","","","","DE","","",""
"307204774388","Dell Latitude 5500 i5-8265U 8 GB 256 GB SSD 15,6 Zoll Win11 Pro",,17571717043,"10","FIXED_PRICE","EUR",226.0,,,226.0,"0","","","Sep-29-26 00:24:00 PDT","Oct-29-26 01:24:00 PDT","PC Notebooks & Netbooks","177","","","Gebraucht","","","","","","DE","","",""
"307204774392",Dell Precision 5540 Super Wydajny QUADRO i7-9750H 32 GB 1 TB SSD Win11 Pro,,17591332172,"0","FIXED_PRICE","EUR",612.0,,,612.0,"0","","","Sep-29-26 00:24:00 PDT","Oct-29-26 01:24:00 PDT","PC Notebooks & Netbooks","177","","","Gebraucht","","","","","","DE","","",""
"307204774395",HP EliteBook 845 G8 Ryzen 5 PRO 5650U 16 GB 960 GB SSD 14 Zoll Win10 Pro,,17619053272,"0","FIXED_PRICE","EUR",443.0,,,443.0,"0","","","Sep-29-26 00:24:00 PDT","Oct-29-26 01:24:00 PDT","PC Notebooks & Netbooks","177","","","Gebraucht","","","","","","DE","","",""
"307204774396",HP EliteBook 845 G8 Ryzen 5 PRO 5650U 16 GB 256 GB SSD 14 Zoll Win10 Pro,,17619059662,"0","FIXED_PRICE","EUR",329.0,,,329.0,"0","1","0","Sep-29-26 00:24:00 PDT","Oct-29-26 01:24:00 PDT","PC Notebooks & Netbooks","177","","","Gebraucht","","","","","","DE","","",""
"307204774397",HP EliteBook 845 G8 Ryzen 5 PRO 5650U 16 GB 480 GB SSD 14 Zoll Win10 Pro,,17619055916,"0","FIXED_PRICE","EUR",374.0,,,374.0,"0","","","Sep-29-26 00:24:00 PDT","Oct-29-26 01:24:00 PDT","PC Notebooks & Netbooks","177","","","Gebraucht","","","","","","DE","","",""
"307204774401",HP EliteBook 845 G8 Ryzen 5 PRO 5650U 32 GB 256 GB SSD 14 Zoll Win10 Pro,,17619062218,"0","FIXED_PRICE","EUR",409.0,,,409.0,"0","","","Sep-29-26 00:24:00 PDT","Oct-29-26 01:24:00 PDT","PC Notebooks & Netbooks","177","","","Gebraucht","","","","","","DE","","",""
"307204774405",HP EliteBook 845 G8 Ryzen 5 PRO 5650U 32 GB 960 GB SSD 14 Zoll Win10 Pro,,17619068356,"0","FIXED_PRICE","EUR",523.0,,,523.0,"0","","","Sep-29-26 00:24:00 PDT","Oct-29-26 01:24:00 PDT","PC Notebooks & Netbooks","177","","","Gebraucht","","","","","","DE","","",""
"307204774406","HP HP EliteBook 830 G7 i5-10310U 16 GB 480 GB SSD 13,3 Zoll Win11 Pro",,17643004837,"0","FIXED_PRICE","EUR",304.0,,,304.0,"0","","","Sep-29-26 00:24:00 PDT","Oct-29-26 01:24:00 PDT","PC Notebooks & Netbooks","177","","","Gebraucht","","","","","","DE","","",""
"307204774409","HP HP EliteBook 830 G7 i5-10310U 16 GB 960 GB SSD 13,3 Zoll Win11 Pro",,17643046710,"2","FIXED_PRICE","EUR",322.0,,,322.0,"0","","","Sep-29-26 00:24:00 PDT","Oct-29-26 01:24:00 PDT","PC Notebooks & Netbooks","177","","","Gebraucht","","","","","","DE","","",""
"307204774410","HP HP EliteBook 830 G7 i5-10310U 32 GB 960 GB SSD 13,3 Zoll Win11 Pro",,17643048194,"2","FIXED_PRICE","EUR",372.0,,,372.0,"0","","","Sep-29-26 00:24:00 PDT","Oct-29-26 01:24:00 PDT","PC Notebooks & Netbooks","177","","","Gebraucht","","","","","","DE","","",""
"307204774412","HP HP EliteBook 830 G7 i5-10310U 32 GB 480 GB SSD 13,3 Zoll Win11 Pro",,17643049910,"2","FIXED_PRICE","EUR",354.0,,,354.0,"0","","","Sep-29-26 00:24:00 PDT","Oct-29-26 01:24:00 PDT","PC Notebooks & Netbooks","177","","","Gebraucht","","","","","","DE","","",""
"307204774414","HP HP EliteBook 830 G7 i5-10310U 32 GB 256 GB SSD 13,3 Zoll Win11 Pro",,17643052431,"2","FIXED_PRICE","EUR",315.0,,,315.0,"0","","","Sep-29-26 00:24:00 PDT","Oct-29-26 01:24:00 PDT","PC Notebooks & Netbooks","177","","","Gebraucht","","","","","","DE","","",""
"307204774415","HP HP EliteBook 830 G7 i5-10310U 16 GB 480 GB SSD 13,3 Zoll Win11 Pro",,17643060877,"2","FIXED_PRICE","EUR",338.0,,,338.0,"0","","","Sep-29-26 00:24:00 PDT","Oct-29-26 01:24:00 PDT","PC Notebooks & Netbooks","177","","","Gebraucht","","","","","","DE","","",""
"307204774419","HP HP EliteBook 830 G7 i5-10310U 16 GB 960 GB SSD 13,3 Zoll Win11 Pro",,17643077877,"2","FIXED_PRICE","EUR",356.0,,,356.0,"0","","","Sep-29-26 00:24:00 PDT","Oct-29-26 01:24:00 PDT","PC Notebooks & Netbooks","177","","","Gebraucht","","","","","","DE","","",""
"307204774421","HP HP EliteBook 830 G7 i5-10310U 32 GB 960 GB SSD 13,3 Zoll Win11 Pro",,17643101728,"2","FIXED_PRICE","EUR",406.0,,,406.0,"0","","","Sep-29-26 00:24:00 PDT","Oct-29-26 01:24:00 PDT","PC Notebooks & Netbooks","177","","","Gebraucht","","","","","","DE","","",""
"307204774422","HP HP EliteBook 830 G7 i5-10310U 32 GB 256 GB SSD 13,3 Zoll Win11 Pro",,17643130098,"2","FIXED_PRICE","EUR",349.0,,,349.0,"0","1","0","Sep-29-26 00:24:00 PDT","Oct-29-26 01:24:00 PDT","PC Notebooks & Netbooks","177","","","Gebraucht","","","","","","DE","","",""
"307204774423","HP HP EliteBook 830 G7 i5-10310U 32 GB 480 GB SSD 13,3 Zoll Win11 Pro",,17643128223,"0","FIXED_PRICE","EUR",388.0,,,388.0,"0","","","Sep-29-26 00:24:00 PDT","Oct-29-26 01:24:00 PDT","PC Notebooks & Netbooks","177","","","Gebraucht","","","","","","DE","","",""
"307204774427",HP ProBook 440 G6 i5-8265U 16 GB 256 GB SSD 14 Zoll Win11 Pro,,17757645965,"10","FIXED_PRICE","EUR",242.0,,,242.0,"0","","","Sep-29-26 00:24:00 PDT","Oct-29-26 01:24:00 PDT","PC Notebooks & Netbooks","177","","","Gebraucht","","","","","","DE","","",""
"307204774429",HP ProBook 440 G6 i5-8265U 16 GB 480 GB SSD 14 Zoll Win11 Pro,,17757753341,"10","FIXED_PRICE","EUR",281.0,,,281.0,"0","","","Sep-29-26 00:24:00 PDT","Oct-29-26 01:24:00 PDT","PC Notebooks & Netbooks","177","","","Gebraucht","","","","","","DE","","",""
"307204774434",HP ProBook 440 G6 i5-8265U 16 GB 960 GB SSD 14 Zoll Win11 Pro,,17757818480,"10","FIXED_PRICE","EUR",276.0,,,276.0,"0","","","Sep-29-26 00:24:00 PDT","Oct-29-26 01:24:00 PDT","PC Notebooks & Netbooks","177","","","Gebraucht","","","","","","DE","","",""
"307204774435",HP ProBook 440 G6 i5-8265U 32 GB 960 GB SSD+HDD 14 Zoll Win11 Pro,,17757777002,"10","FIXED_PRICE","EUR",361.0,,,361.0,"0","","","Sep-29-26 00:24:00 PDT","Oct-29-26 01:24:00 PDT","PC Notebooks & Netbooks","177","","","Gebraucht","","","","","","DE","","",""
"307204774437",HP ProBook 440 G6 i5-8265U 16 GB 960 GB SSD 14 Zoll Win11 Pro,,17757766185,"10","FIXED_PRICE","EUR",299.0,,,299.0,"0","","","Sep-29-26 00:24:00 PDT","Oct-29-26 01:24:00 PDT","PC Notebooks & Netbooks","177","","","Gebraucht","","","","","","DE","","",""
"307204774439",Dell Latitude 7410 i5-10310U 8 GB 256 GB SSD 14 Zoll Win11 Pro,,17760464389,"2","FIXED_PRICE","EUR",249.0,,,249.0,"0","","","Sep-29-26 00:24:00 PDT","Oct-29-26 01:24:00 PDT","PC Notebooks & Netbooks","177","","","Gebraucht","","","","","","DE","","",""
"307204774441",Dell Latitude 7410 i5-10310U 8 GB 960 GB SSD 14 Zoll Win11 Pro,,17760475449,"2","FIXED_PRICE","EUR",306.0,,,306.0,"0","","","Sep-29-26 00:24:01 PDT","Oct-29-26 01:24:01 PDT","PC Notebooks & Netbooks","177","","","Gebraucht","","","","","","DE","","",""
"307204774442",Dell Latitude 7410 i5-10310U 8 GB 480 GB SSD 14 Zoll Win11 Pro,,17760473913,"2","FIXED_PRICE","EUR",288.0,,,288.0,"0","","","Sep-29-26 00:24:01 PDT","Oct-29-26 01:24:01 PDT","PC Notebooks & Netbooks","177","","","Gebraucht","","","","","","DE","","",""
"307204774449",Dell Latitude 7410 i5-10310U 8 GB 960 GB SSD 14 Zoll Win11 Pro,,17760483594,"2","FIXED_PRICE","EUR",272.0,,,272.0,"0","","","Sep-29-26 00:24:01 PDT","Oct-29-26 01:24:01 PDT","PC Notebooks & Netbooks","177","","","Gebraucht","","","","","","DE","","",""
"307204774451",Dell Latitude 7410 i5-10310U 8 GB 256 GB SSD 14 Zoll Win11 Pro,,17760490240,"2","FIXED_PRICE","EUR",214.0,,,214.0,"0","","","Sep-29-26 00:24:01 PDT","Oct-29-26 01:24:01 PDT","PC Notebooks & Netbooks","177","","","Gebraucht","","","","","","DE","","",""
"307204774452",Dell Latitude 7410 i5-10310U 8 GB 480 GB SSD 14 Zoll Win11 Pro,,17760488496,"2","FIXED_PRICE","EUR",253.0,,,253.0,"0","","","Sep-29-26 00:24:01 PDT","Oct-29-26 01:24:01 PDT","PC Notebooks & Netbooks","177","","","Gebraucht","","","","","","DE","","",""
"307204774453","Dell Precision 7760 i7-11850H 32 GB 512 GB SSD 17,3 Zoll Win11 Pro",,17942101286,"0","FIXED_PRICE","EUR",1092.0,,,1092.0,"0","","","Sep-29-26 00:24:01 PDT","Oct-29-26 01:24:01 PDT","PC Notebooks & Netbooks","177","","","Gebraucht","","","","","","DE","","",""
"307204774455","Dell Precision 7530 i5-8400H 16 GB 256 GB SSD 15,6 Zoll Win11 Pro",,18016761644,"2","FIXED_PRICE","EUR",363.0,,,363.0,"0","1","0","Sep-29-26 00:24:01 PDT","Oct-29-26 01:24:01 PDT","PC Notebooks & Netbooks","177","","","Gebraucht","","","","","","DE","","",""
"307204774460",Dell Dell Latitude 7480 i7-7600U 8 GB 480 GB SSD 14 Zoll Win11 Pro,,18043452718,"5","FIXED_PRICE","EUR",242.0,,,242.0,"0","","","Sep-29-26 00:24:01 PDT","Oct-29-26 01:24:01 PDT","PC Notebooks & Netbooks","177","","","Gebraucht","","","","","","DE","","",""
"307204774461",Dell laptop Dell Latitude 7480 i7-6600U 16 GB 256 GB SSD 14 Zoll Win11 Pro,,18043316872,"5","FIXED_PRICE","EUR",226.0,,,226.0,"0","","","Sep-29-26 00:24:01 PDT","Oct-29-26 01:24:01 PDT","PC Notebooks & Netbooks","177","","","Gebraucht","","","","","","DE","","",""
"307204774462",Dell Dell Latitude 7480 i7-7600U 8 GB 256 GB SSD 14 Zoll Win11 Pro,,18043355686,"5","FIXED_PRICE","EUR",203.0,,,203.0,"0","","","Sep-29-26 00:24:01 PDT","Oct-29-26 01:24:01 PDT","PC Notebooks & Netbooks","177","","","Gebraucht","","","","","","DE","","",""
"307204774465",Dell Dell Latitude 7480 i7-7600U 16 GB 256 GB SSD 14 Zoll Win11 Pro,,18043465648,"5","FIXED_PRICE","EUR",242.0,,,242.0,"0","","","Sep-29-26 00:24:01 PDT","Oct-29-26 01:24:01 PDT","PC Notebooks & Netbooks","177","","","Gebraucht","","","","","","DE","","",""
"307204774469",Dell Dell Latitude 7480 i7-7600U 16 GB 960 GB SSD 14 Zoll Win11 Pro,,18043470882,"5","FIXED_PRICE","EUR",299.0,,,299.0,"0","","","Sep-29-26 00:24:01 PDT","Oct-29-26 01:24:01 PDT","PC Notebooks & Netbooks","177","","","Gebraucht","","","","","","DE","","",""
"307204774472",Dell Dell Latitude 7480 i7-7600U 8 GB 256 GB SSD 14 Zoll Win11 Pro,,18043475365,"5","FIXED_PRICE","EUR",180.0,,,180.0,"0","","","Sep-29-26 00:24:01 PDT","Oct-29-26 01:24:01 PDT","PC Notebooks & Netbooks","177","","","Gebraucht","","","","","","DE","","",""
"307204774475",Dell Dell Latitude 7480 i7-7600U 16 GB 480 GB SSD 14 Zoll Win11 Pro,,18043513583,"5","FIXED_PRICE","EUR",258.0,,,258.0,"0","","","Sep-29-26 00:24:01 PDT","Oct-29-26 01:24:01 PDT","PC Notebooks & Netbooks","177","","","Gebraucht","","","","","","DE","","",""
"307204774476",Dell Dell Latitude 7480 i7-7600U 16 GB 256 GB SSD 14 Zoll Win11 Pro,,18043503450,"5","FIXED_PRICE","EUR",219.0,,,219.0,"0","","","Sep-29-26 00:24:01 PDT","Oct-29-26 01:24:01 PDT","PC Notebooks & Netbooks","177","","","Gebraucht","","","","","","DE","","",""
"307204774482",Dell Dell Latitude 7480 i7-7600U 16 GB 960 GB SSD 14 Zoll Win11 Pro,,18043521260,"5","FIXED_PRICE","EUR",276.0,,,276.0,"0","","","Sep-29-26 00:24:01 PDT","Oct-29-26 01:24:01 PDT","PC Notebooks & Netbooks","177","","","Gebraucht","","","","","","DE","","",""
"307204774485",Dell Dell Latitude 7480 i7-7600U 32 GB 960 GB SSD 14 Zoll Win11 Pro,,18043524203,"5","FIXED_PRICE","EUR",361.0,,,361.0,"0","","","Sep-29-26 00:24:01 PDT","Oct-29-26 01:24:01 PDT","PC Notebooks & Netbooks","177","","","Gebraucht","","","","","","DE","","",""
"307204774493",Dell Latitude 7490 16 480 nvme i7-8650U 16 GB 256 GB SSD 14 Zoll Win10 Pro,,18043842568,"0","FIXED_PRICE","EUR",253.0,,,253.0,"0","","","Sep-29-26 00:24:01 PDT","Oct-29-26 01:24:01 PDT","PC Notebooks & Netbooks","177","","","Gebraucht","","","","","","DE","","",""
"307204774494",Dell Latitude 7490 i7-8650U 32 GB 960 GB SSD 14 Zoll Win10 Pro,,18043888856,"0","FIXED_PRICE","EUR",361.0,,,361.0,"0","","","Sep-29-26 00:24:01 PDT","Oct-29-26 01:24:01 PDT","PC Notebooks & Netbooks","177","","","Gebraucht","","","","","","DE","","",""
"307204774495","Dell Latitude 5580 i7-7820HQ 16 GB 256 GB SSD 15,6 Zoll Win11 Pro",,18050609564,"2","FIXED_PRICE","EUR",322.0,,,322.0,"0","","","Sep-29-26 00:24:01 PDT","Oct-29-26 01:24:01 PDT","PC Notebooks & Netbooks","177","","","Gebraucht","","","","","","DE","","",""
"307204774497",Dell Latitude 7490 i7-8650U 16 GB 960 GB SSD 14 Zoll Win10 Pro,,18043936483,"10","FIXED_PRICE","EUR",276.0,,,276.0,"0","","","Sep-29-26 00:24:01 PDT","Oct-29-26 01:24:01 PDT","PC Notebooks & Netbooks","177","","","Gebraucht","","","","","","DE","","",""
"307204774501","Dell Latitude 5580 i7-7820HQ 16 GB 960 GB SSD 15,6 Zoll Win11 Pro",,18050616890,"2","FIXED_PRICE","EUR",379.0,,,379.0,"0","","","Sep-29-26 00:24:01 PDT","Oct-29-26 01:24:01 PDT","PC Notebooks & Netbooks","177","","","Gebraucht","","","","","","DE","","",""
"307204774502","Dell Latitude 5580 i7-7820HQ 16 GB 480 GB SSD 15,6 Zoll Win11 Pro",,18050612751,"2","FIXED_PRICE","EUR",360.0,,,360.0,"0","","","Sep-29-26 00:24:01 PDT","Oct-29-26 01:24:01 PDT","PC Notebooks & Netbooks","177","","","Gebraucht","","","","","","DE","","",""
"307204774508","Dell Latitude E5570 i7-6820HQ 16 GB 256 GB SSD 15,6 Zoll Win11 Pro",,18051192717,"2","FIXED_PRICE","EUR",288.0,,,288.0,"0","","","Sep-29-26 00:24:02 PDT","Oct-29-26 01:24:02 PDT","PC Notebooks & Netbooks","177","","","Gebraucht","","","","","","DE","","",""
"307204774509","Dell Latitude 5580 i7-7820HQ 32 GB 960 GB SSD 15,6 Zoll Win11 Pro",,18050619208,"2","FIXED_PRICE","EUR",429.0,,,429.0,"0","","","Sep-29-26 00:24:02 PDT","Oct-29-26 01:24:02 PDT","PC Notebooks & Netbooks","177","","","Gebraucht","","","","","","DE","","",""
"307204774510","Dell Latitude E5570 i7-6820HQ 16 GB 480 GB SSD 15,6 Zoll Win11 Pro",,18051203218,"2","FIXED_PRICE","EUR",326.0,,,326.0,"0","","","Sep-29-26 00:24:02 PDT","Oct-29-26 01:24:02 PDT","PC Notebooks & Netbooks","177","","","Gebraucht","","","","","","DE","","",""
"307204774518","Dell Latitude E5570 i7-6820HQ 16 GB 960 GB SSD 15,6 Zoll Win11 Pro",,18051211311,"2","FIXED_PRICE","EUR",345.0,,,345.0,"0","","","Sep-29-26 00:24:02 PDT","Oct-29-26 01:24:02 PDT","PC Notebooks & Netbooks","177","","","Gebraucht","","","","","","DE","","",""
"307204774519","Dell Latitude E5570 i7-6820HQ 16 GB 256 GB SSD 15,6 Zoll Win11 Pro",,18051256918,"2","FIXED_PRICE","EUR",265.0,,,265.0,"0","","","Sep-29-26 00:24:02 PDT","Oct-29-26 01:24:02 PDT","PC Notebooks & Netbooks","177","","","Gebraucht","","","","","","DE","","",""
"307204774520","Dell Latitude E5570 i7-6820HQ 32 GB 960 GB SSD 15,6 Zoll Win11 Pro",,18051221962,"2","FIXED_PRICE","EUR",395.0,,,395.0,"0","","","Sep-29-26 00:24:02 PDT","Oct-29-26 01:24:02 PDT","PC Notebooks & Netbooks","177","","","Gebraucht","","","","","","DE","","",""
"307204774523","Dell Latitude E5570 i7-6820HQ 16 GB 480 GB SSD 15,6 Zoll Win11 Pro",,18051259500,"2","FIXED_PRICE","EUR",303.0,,,303.0,"0","","","Sep-29-26 00:24:02 PDT","Oct-29-26 01:24:02 PDT","PC Notebooks & Netbooks","177","","","Gebraucht","","","","","","DE","","",""
"307204774525","Dell Latitude E5570 i7-6820HQ 16 GB 960 GB SSD 15,6 Zoll Win11 Pro",,18051266526,"2","FIXED_PRICE","EUR",322.0,,,322.0,"0","","","Sep-29-26 00:24:02 PDT","Oct-29-26 01:24:02 PDT","PC Notebooks & Netbooks","177","","","Gebraucht","","","","","","DE","","",""
"307204774527","Dell Latitude E5570 i7-6820HQ 32 GB 960 GB SSD 15,6 Zoll Win11 Pro",,18051268548,"2","FIXED_PRICE","EUR",372.0,,,372.0,"0","","","Sep-29-26 00:24:02 PDT","Oct-29-26 01:24:02 PDT","PC Notebooks & Netbooks","177","","","Gebraucht","","","","","","DE","","",""
"307204774528",HP EliteBook 745 G5 Ryzen 7 PRO 2700U 16 GB 256 GB SSD 14 Zoll Win11 Pro,,18059364495,"5","FIXED_PRICE","EUR",237.0,,,237.0,"0","","","Sep-29-26 00:24:02 PDT","Oct-29-26 01:24:02 PDT","PC Notebooks & Netbooks","177","","","Gebraucht","","","","","","DE","","",""
"307204774529",HP EliteBook 745 G5 Ryzen 7 PRO 2700U 16 GB 480 GB SSD 14 Zoll Win11 Pro,,18059371645,"5","FIXED_PRICE","EUR",283.0,,,283.0,"0","","","Sep-29-26 00:24:02 PDT","Oct-29-26 01:24:02 PDT","PC Notebooks & Netbooks","177","","","Gebraucht","","","","","","DE","","",""
"307204774534",HP EliteBook 745 G5 Ryzen 7 PRO 2700U 16 GB 960 GB SSD 14 Zoll Win11 Pro,,18059391852,"5","FIXED_PRICE","EUR",340.0,,,340.0,"0","","","Sep-29-26 00:24:02 PDT","Oct-29-26 01:24:02 PDT","PC Notebooks & Netbooks","177","","","Gebraucht","","","","","","DE","","",""
"307204774538",HP EliteBook 745 G5 Ryzen 7 PRO 2700U 32 GB 256 GB SSD 14 Zoll Win11 Pro,,18059406536,"5","FIXED_PRICE","EUR",317.0,,,317.0,"0","1","0","Sep-29-26 00:24:02 PDT","Oct-29-26 01:24:02 PDT","PC Notebooks & Netbooks","177","","","Gebraucht","","","","","","DE","","",""
"307204774540",HP EliteBook 745 G5 Ryzen 7 PRO 2700U 32 GB 480 GB SSD 14 Zoll Win11 Pro,,18059412316,"5","FIXED_PRICE","EUR",363.0,,,363.0,"0","","","Sep-29-26 00:24:02 PDT","Oct-29-26 01:24:02 PDT","PC Notebooks & Netbooks","177","","","Gebraucht","","","","","","DE","","",""
"307204774544",HP EliteBook 745 G5 Ryzen 7 PRO 2700U 32 GB 960 GB SSD 14 Zoll Win11 Pro,,18059414992,"5","FIXED_PRICE","EUR",432.0,,,432.0,"0","","","Sep-29-26 00:24:02 PDT","Oct-29-26 01:24:02 PDT","PC Notebooks & Netbooks","177","","","Gebraucht","","","","","","DE","","",""
"307204774549",HP EliteBook 745 G5 Ryzen 7 PRO 2700U 16 GB 960 GB SSD 14 Zoll Win11 Pro,,18059476982,"5","FIXED_PRICE","EUR",317.0,,,317.0,"0","","","Sep-29-26 00:24:02 PDT","Oct-29-26 01:24:02 PDT","PC Notebooks & Netbooks","177","","","Gebraucht","","","","","","DE","","",""
"307204774551",HP EliteBook 745 G5 Ryzen 7 PRO 2700U 16 GB 480 GB SSD 14 Zoll Win11 Pro,,18059458236,"2","FIXED_PRICE","EUR",260.0,,,260.0,"0","","","Sep-29-26 00:24:02 PDT","Oct-29-26 01:24:02 PDT","PC Notebooks & Netbooks","177","","","Gebraucht","","","","","","DE","","",""
"307204774553",HP EliteBook 745 G5 Ryzen 7 PRO 2700U 32 GB 480 GB SSD 14 Zoll Win11 Pro,,18059515528,"5","FIXED_PRICE","EUR",340.0,,,340.0,"0","","","Sep-29-26 00:24:02 PDT","Oct-29-26 01:24:02 PDT","PC Notebooks & Netbooks","177","","","Gebraucht","","","","","","DE","","",""
"307204774557",HP EliteBook 745 G5 Ryzen 7 PRO 2700U 32 GB 960 GB SSD 14 Zoll Win11 Pro,,18059528269,"2","FIXED_PRICE","EUR",397.0,,,397.0,"0","","","Sep-29-26 00:24:02 PDT","Oct-29-26 01:24:02 PDT","PC Notebooks & Netbooks","177","","","Gebraucht","","","","","","DE","","",""
"307204774561",Dell Latitude 5410 i5-10310U 16 GB 480 GB SSD 14 Zoll Win11 Pro,,18060119648,"5","FIXED_PRICE","EUR",338.0,,,338.0,"0","","","Sep-29-26 00:24:02 PDT","Oct-29-26 01:24:02 PDT","PC Notebooks & Netbooks","177","","","Gebraucht","","","","","","DE","","",""
"307204774564",Dell Latitude 5410 i5-10310U 16 GB 960 GB SSD 14 Zoll Win11 Pro,,18060126128,"5","FIXED_PRICE","EUR",356.0,,,356.0,"0","","","Sep-29-26 00:24:02 PDT","Oct-29-26 01:24:02 PDT","PC Notebooks & Netbooks","177","","","Gebraucht","","","","","","DE","","",""
"307204774568",Dell Latitude 5410 i5-10310U 32 GB 256 GB SSD 14 Zoll Win11 Pro,,18060136071,"5","FIXED_PRICE","EUR",349.0,,,349.0,"0","","","Sep-29-26 00:24:02 PDT","Oct-29-26 01:24:02 PDT","PC Notebooks & Netbooks","177","","","Gebraucht","","","","","","DE","","",""
"307204774573",Dell Latitude 5410 i5-10310U 32 GB 960 GB SSD 14 Zoll Win11 Pro,,18062225083,"5","FIXED_PRICE","EUR",406.0,,,406.0,"0","","","Sep-29-26 00:24:02 PDT","Oct-29-26 01:24:02 PDT","PC Notebooks & Netbooks","177","","","Gebraucht","","","","","","DE","","",""
"307204774574",Dell Latitude 5420 i5-1135G7 16 GB 480 GB SSD 14 Zoll Win11 Pro,,18062502404,"5","FIXED_PRICE","EUR",383.0,,,383.0,"0","","","Sep-29-26 00:24:02 PDT","Oct-29-26 01:24:02 PDT","PC Notebooks & Netbooks","177","","","Gebraucht","","","","","","DE","","",""
"307204774581",Dell Latitude 5420 i5-1135G7 16 GB 960 GB SSD 14 Zoll Win11 Pro,,18062634335,"5","FIXED_PRICE","EUR",402.0,,,402.0,"0","","","Sep-29-26 00:24:02 PDT","Oct-29-26 01:24:02 PDT","PC Notebooks & Netbooks","177","","","Gebraucht","","","","","","DE","","",""
"307204774584",Dell Latitude 5420 i5-1135G7 32 GB 480 GB SSD 14 Zoll Win11 Pro,,18062647458,"5","FIXED_PRICE","EUR",416.0,,,416.0,"0","","","Sep-29-26 00:24:03 PDT","Oct-29-26 01:24:03 PDT","PC Notebooks & Netbooks","177","","","Gebraucht","","","","","","DE","","",""
"307204774585",Dell Latitude 5420 i5-1135G7 32 GB 960 GB SSD 14 Zoll Win11 Pro,,18062650522,"5","FIXED_PRICE","EUR",452.0,,,452.0,"0","","","Sep-29-26 00:24:03 PDT","Oct-29-26 01:24:03 PDT","PC Notebooks & Netbooks","177","","","Gebraucht","","","","","","DE","","",""
"307204774588",Dell Latitude 5420 i5-1135G7 16 GB 960 GB SSD 14 Zoll Win11 Pro,,18062795870,"5","FIXED_PRICE","EUR",379.0,,,379.0,"0","","","Sep-29-26 00:24:03 PDT","Oct-29-26 01:24:03 PDT","PC Notebooks & Netbooks","177","","","Gebraucht","","","","","","DE","","",""
"307204774589",Dell Latitude 5420 i5-1135G7 32 GB 960 GB SSD 14 Zoll Win11 Pro,,18062816670,"5","FIXED_PRICE","EUR",429.0,,,429.0,"0","","","Sep-29-26 00:24:03 PDT","Oct-29-26 01:24:03 PDT","PC Notebooks & Netbooks","177","","","Gebraucht","","","","","","DE","","",""
"307204774591",Dell Latitude 5420 i5-1135G7 16 GB 256 GB SSD 14 Zoll Win11 Pro,,18062827484,"2","FIXED_PRICE","EUR",288.0,,,288.0,"0","","","Sep-29-26 00:24:03 PDT","Oct-29-26 01:24:03 PDT","PC Notebooks & Netbooks","177","","","Gebraucht","","","","","","DE","","",""
"307204774592",Dell Latitude 5420 i5-1135G7 16 GB 480 GB SSD 14 Zoll Win11 Pro,,18062835468,"2","FIXED_PRICE","EUR",326.0,,,326.0,"0","","","Sep-29-26 00:24:03 PDT","Oct-29-26 01:24:03 PDT","PC Notebooks & Netbooks","177","","","Gebraucht","","","","","","DE","","",""
"307204774595",Dell Latitude 5420 i5-1135G7 16 GB 960 GB SSD 14 Zoll Win11 Pro,,18062842304,"2","FIXED_PRICE","EUR",345.0,,,345.0,"0","","","Sep-29-26 00:24:03 PDT","Oct-29-26 01:24:03 PDT","PC Notebooks & Netbooks","177","","","Gebraucht","","","","","","DE","","",""
"307204774597",Dell Latitude 5420 i5-1135G7 32 GB 960 GB SSD 14 Zoll Win11 Pro,,18062853452,"2","FIXED_PRICE","EUR",395.0,,,395.0,"0","","","Sep-29-26 00:24:03 PDT","Oct-29-26 01:24:03 PDT","PC Notebooks & Netbooks","177","","","Gebraucht","","","","","","DE","","",""
"307204774599",Dell Latitude 5420 i5-1135G7 16 GB 480 GB SSD 14 Zoll Win11 Pro,,18062905434,"2","FIXED_PRICE","EUR",349.0,,,349.0,"0","","","Sep-29-26 00:24:03 PDT","Oct-29-26 01:24:03 PDT","PC Notebooks & Netbooks","177","","","Gebraucht","","","","","","DE","","",""
"307204774600",Dell Latitude 5420 i5-1135G7 16 GB 256 GB SSD 14 Zoll Win11 Pro,,18062877382,"2","FIXED_PRICE","EUR",310.0,,,310.0,"0","","","Sep-29-26 00:24:03 PDT","Oct-29-26 01:24:03 PDT","PC Notebooks & Netbooks","177","","","Gebraucht","","","","","","DE","","",""
"307204774603",Dell Latitude 5420 i5-1135G7 16 GB 960 GB SSD 14 Zoll Win11 Pro,,18062968018,"2","FIXED_PRICE","EUR",368.0,,,368.0,"0","","","Sep-29-26 00:24:03 PDT","Oct-29-26 01:24:03 PDT","PC Notebooks & Netbooks","177","","","Gebraucht","","","","","","DE","","",""
"307204774606",Dell Latitude 5420 i5-1135G7 32 GB 960 GB SSD 14 Zoll Win11 Pro,,18063029785,"2","FIXED_PRICE","EUR",418.0,,,418.0,"0","","","Sep-29-26 00:24:03 PDT","Oct-29-26 01:24:03 PDT","PC Notebooks & Netbooks","177","","","Gebraucht","","","","","","DE","","",""
"307204774609","Dell Latitude 5520 i5-1135G7 16 GB 480 GB SSD 15,6 Zoll Win11 Pro",,18117669227,"5","FIXED_PRICE","EUR",413.0,,,413.0,"0","","","Sep-29-26 00:24:03 PDT","Oct-29-26 01:24:03 PDT","PC Notebooks & Netbooks","177","","","Gebraucht","","","","","","DE","","",""
"307204774613","HP ProBook 650 G2 i5-6200U 8 GB 256 GB SSD 15,6 Zoll Win11 Pro",,18118359093,"5","FIXED_PRICE","EUR",169.0,,,169.0,"0","","","Sep-29-26 00:24:03 PDT","Oct-29-26 01:24:03 PDT","PC Notebooks & Netbooks","177","","","Gebraucht","","","","","","DE","","",""
"307204774614","HP ProBook 650 G2 i5-6200U 8 GB 256 GB SSD 15,6 Zoll Win11 Pro",,18118350066,"2","FIXED_PRICE","EUR",157.0,,,157.0,"0","","","Sep-29-26 00:24:03 PDT","Oct-29-26 01:24:03 PDT","PC Notebooks & Netbooks","177","","","Gebraucht","","","","","","DE","","",""
"307204774620","HP ProBook 650 G2 i5-6200U 8 GB 256 GB SSD 15,6 Zoll Win11 Pro",,18118361525,"5","FIXED_PRICE","EUR",192.0,,,192.0,"0","","","Sep-29-26 00:24:03 PDT","Oct-29-26 01:24:03 PDT","PC Notebooks & Netbooks","177","","","Gebraucht","","","","","","DE","","",""
"307204774622","HP ProBook 650 G2 i5-6200U 16 GB 256 GB SSD 15,6 Zoll Win11 Pro",,18120426114,"5","FIXED_PRICE","EUR",219.0,,,219.0,"0","","","Sep-29-26 00:24:03 PDT","Oct-29-26 01:24:03 PDT","PC Notebooks & Netbooks","177","","","Gebraucht","","","","","","DE","","",""
"307204774625","HP ProBook 650 G2 i5-6200U 16 GB 480 GB SSD 15,6 Zoll Win11 Pro",,18120430141,"5","FIXED_PRICE","EUR",258.0,,,258.0,"0","","","Sep-29-26 00:24:03 PDT","Oct-29-26 01:24:03 PDT","PC Notebooks & Netbooks","177","","","Gebraucht","","","","","","DE","","",""
"307204774631","HP ProBook 650 G2 i5-6200U 16 GB 960 GB SSD 15,6 Zoll Win11 Pro",,18120432714,"5","FIXED_PRICE","EUR",288.0,,,288.0,"0","","","Sep-29-26 00:24:03 PDT","Oct-29-26 01:24:03 PDT","PC Notebooks & Netbooks","177","","","Gebraucht","","","","","","DE","","",""
"307204774636","HP ProBook 650 G2 i5-6200U 16 GB 256 GB SSD 15,6 Zoll Win11 Pro",,18120440689,"5","FIXED_PRICE","EUR",196.0,,,196.0,"0","","","Sep-29-26 00:24:03 PDT","Oct-29-26 01:24:03 PDT","PC Notebooks & Netbooks","177","","","Gebraucht","","","","","","DE","","",""
"307204774637","HP ProBook 650 G2 i5-6200U 32 GB 480 GB SSD 15,6 Zoll Win11 Pro",,18120438301,"5","FIXED_PRICE","EUR",308.0,,,308.0,"0","","","Sep-29-26 00:24:03 PDT","Oct-29-26 01:24:03 PDT","PC Notebooks & Netbooks","177","","","Gebraucht","","","","","","DE","","",""
"307204774639","HP ProBook 650 G2 i5-6200U 32 GB 960 GB SSD 15,6 Zoll Win11 Pro",,18120439555,"5","FIXED_PRICE","EUR",338.0,,,338.0,"0","","","Sep-29-26 00:24:03 PDT","Oct-29-26 01:24:03 PDT","PC Notebooks & Netbooks","177","","","Gebraucht","","","","","","DE","","",""
"307204774640","HP ProBook 650 G2 i5-6200U 16 GB 480 GB SSD 15,6 Zoll Win11 Pro",,18120448789,"5","FIXED_PRICE","EUR",235.0,,,235.0,"0","","","Sep-29-26 00:24:03 PDT","Oct-29-26 01:24:03 PDT","PC Notebooks & Netbooks","177","","","Gebraucht","","","","","","DE","","",""
"307204774647","HP ProBook 650 G2 i5-6200U 16 GB 960 GB SSD 15,6 Zoll Win11 Pro",,18120450866,"5","FIXED_PRICE","EUR",265.0,,,265.0,"0","","","Sep-29-26 00:24:03 PDT","Oct-29-26 01:24:03 PDT","PC Notebooks & Netbooks","177","","","Gebraucht","","","","","","DE","","",""
"307204774649","HP ProBook 650 G2 i5-6200U 32 GB 960 GB SSD 15,6 Zoll Win11 Pro",,18120454011,"5","FIXED_PRICE","EUR",315.0,,,315.0,"0","","","Sep-29-26 00:24:03 PDT","Oct-29-26 01:24:03 PDT","PC Notebooks & Netbooks","177","","","Gebraucht","","","","","","DE","","",""
"307204774650","HP ProBook 650 G2 i5-6200U 16 GB 256 GB SSD 15,6 Zoll Win11 Pro",,18120520256,"2","FIXED_PRICE","EUR",185.0,,,185.0,"0","","","Sep-29-26 00:24:03 PDT","Oct-29-26 01:24:03 PDT","PC Notebooks & Netbooks","177","","","Gebraucht","","","","","","DE","","",""
"307204774651","Dell Precision 7760 i7-11850H 32 GB 512 GB SSD 17,3 Zoll Win11 Pro",,18132122104,"0","FIXED_PRICE","EUR",1046.0,,,1046.0,"0","","","Sep-29-26 00:24:03 PDT","Oct-29-26 01:24:03 PDT","PC Notebooks & Netbooks","177","","","Gebraucht","","","","","","DE","","",""
"307204774656",HP ProBook 440 G6 i5-8265U 8 GB 120 GB SSD 14 Zoll Win11 Pro,,18176706060,"2","FIXED_PRICE","EUR",203.0,,,203.0,"0","","","Sep-29-26 00:24:04 PDT","Oct-29-26 01:24:04 PDT","PC Notebooks & Netbooks","177","","","Gebraucht","","","","","","DE","","",""
"307204774659","Dell Precision 7760 i7-11850H 64 GB 512 GB SSD 17,3 Zoll Win11 Pro",,18132124285,"0","FIXED_PRICE","EUR",1124.0,,,1124.0,"0","","","Sep-29-26 00:24:04 PDT","Oct-29-26 01:24:04 PDT","PC Notebooks & Netbooks","177","","","Gebraucht","","","","","","DE","","",""
"307204774665",Dell Dell XPS 13 7390 Intel Core i5 8 GB 256 GB i5-10210U 8 GB 256 GB Win11 Pro,,18179468905,"0","FIXED_PRICE","EUR",294.0,,,294.0,"0","","","Sep-29-26 00:24:04 PDT","Oct-29-26 01:24:04 PDT","PC Notebooks & Netbooks","177","","","Gebraucht","","","","","","DE","","",""
"307204774666",Dell Dell XPS 13 7390 Intel Core i5 8 GB 256 GB i5-10210U 8 GB 256 GB Win11 Pro,,18179290250,"0","FIXED_PRICE","EUR",249.0,,,249.0,"0","","","Sep-29-26 00:24:04 PDT","Oct-29-26 01:24:04 PDT","PC Notebooks & Netbooks","177","","","Gebraucht","","","","","","DE","","",""
"307204774672","Dell Dell XPS 13 7390 i5-10210U 8 GB 960 GB SSD 13,3 Zoll Win11 Pro",,18179514202,"2","FIXED_PRICE","EUR",317.0,,,317.0,"0","","","Sep-29-26 00:24:04 PDT","Oct-29-26 01:24:04 PDT","PC Notebooks & Netbooks","177","","","Gebraucht","","","","","","DE","","",""
"307204774673","Dell Dell XPS 13 7390 i5-10210U 8 GB 480 GB SSD 13,3 Zoll Win11 Pro",,18179510415,"2","FIXED_PRICE","EUR",294.0,,,294.0,"0","","","Sep-29-26 00:24:04 PDT","Oct-29-26 01:24:04 PDT","PC Notebooks & Netbooks","177","","","Gebraucht","","","","","","DE","","",""
"307204774677","Dell XPS 13 7390 i5-10210U 8 GB 480 GB SSD 13,3 Zoll Win11 Pro",,18179517799,"0","FIXED_PRICE","EUR",340.0,,,340.0,"0","","","Sep-29-26 00:24:04 PDT","Oct-29-26 01:24:04 PDT","PC Notebooks & Netbooks","177","","","Gebraucht","","","","","","DE","","",""
"307204774680","Dell XPS 13 7390 i5-10210U 8 GB 960 GB SSD 13,3 Zoll Win11 Pro",,18179524174,"0","FIXED_PRICE","EUR",363.0,,,363.0,"0","","","Sep-29-26 00:24:04 PDT","Oct-29-26 01:24:04 PDT","PC Notebooks & Netbooks","177","","","Gebraucht","","","","","","DE","","",""
"307204774683","Dell Latitude 5520 i5-1135G7 8 GB 256 GB SSD 15,6 Zoll Win11 Pro",,18263434784,"5","FIXED_PRICE","EUR",329.0,,,329.0,"0","","","Sep-29-26 00:24:04 PDT","Oct-29-26 01:24:04 PDT","PC Notebooks & Netbooks","177","","","Gebraucht","","","","","","DE","","",""
"307204774685","Dell XPS 13 9300 i5-1035G1 8 GB 512 GB SSD 13,4 Zoll Win11 Pro",,18179648868,"0","FIXED_PRICE","EUR",374.0,,,374.0,"0","","","Sep-29-26 00:24:04 PDT","Oct-29-26 01:24:04 PDT","PC Notebooks & Netbooks","177","","","Gebraucht","","","","","","DE","","",""
"307204774689",HP ProBook 640 G8 i5-1145G7 8 GB 256 GB SSD 14 Zoll Win11 Home,,18291941242,"5","FIXED_PRICE","EUR",317.0,,,317.0,"0","","","Sep-29-26 00:24:04 PDT","Oct-29-26 01:24:04 PDT","PC Notebooks & Netbooks","177","","","Gebraucht","","","","","","DE","","",""
"307204774694",HP ProBook 640 G8 i5-1145G7 16 GB 256 GB SSD 14 Zoll Win11 Home,,18291993563,"5","FIXED_PRICE","EUR",306.0,,,306.0,"0","","","Sep-29-26 00:24:04 PDT","Oct-29-26 01:24:04 PDT","PC Notebooks & Netbooks","177","","","Gebraucht","","","","","","DE","","",""
"307204774696",HP ProBook 640 G5 i5-8365U 8 GB 120 GB SSD 14 Zoll Win11 Pro,,18291943291,"2","FIXED_PRICE","EUR",163.0,,,163.0,"0","","","Sep-29-26 00:24:04 PDT","Oct-29-26 01:24:04 PDT","PC Notebooks & Netbooks","177","","","Gebraucht","","","","","","DE","","",""
"307204774698",HP ProBook 640 G8 i5-1145G7 16 GB 960 GB SSD 14 Zoll Win11 Home,,18292014054,"5","FIXED_PRICE","EUR",409.0,,,409.0,"0","","","Sep-29-26 00:24:04 PDT","Oct-29-26 01:24:04 PDT","PC Notebooks & Netbooks","177","","","Gebraucht","","","","","","DE","","",""
"307204774699",HP ProBook 640 G8 i5-1145G7 32 GB 960 GB SSD 14 Zoll Win11 Home,,18292016582,"5","FIXED_PRICE","EUR",489.0,,,489.0,"0","","","Sep-29-26 00:24:04 PDT","Oct-29-26 01:24:04 PDT","PC Notebooks & Netbooks","177","","","Gebraucht","","","","","","DE","","",""
"307204774702",HP ProBook 640 G8 i5-1145G7 16 GB 480 GB SSD 14 Zoll Win11 Home,,18292027458,"5","FIXED_PRICE","EUR",409.0,,,409.0,"0","","","Sep-29-26 00:24:04 PDT","Oct-29-26 01:24:04 PDT","PC Notebooks & Netbooks","177","","","Gebraucht","","","","","","DE","","",""
"307204774703",HP ProBook 640 G8 i5-1145G7 16 GB 960 GB SSD 14 Zoll Win11 Home,,18292030088,"5","FIXED_PRICE","EUR",466.0,,,466.0,"0","","","Sep-29-26 00:24:04 PDT","Oct-29-26 01:24:04 PDT","PC Notebooks & Netbooks","177","","","Gebraucht","","","","","","DE","","",""
"307204774707",HP ProBook 640 G8 i5-1145G7 32 GB 960 GB SSD 14 Zoll Win11 Home,,18292048781,"5","FIXED_PRICE","EUR",546.0,,,546.0,"0","","","Sep-29-26 00:24:04 PDT","Oct-29-26 01:24:04 PDT","PC Notebooks & Netbooks","177","","","Gebraucht","","","","","","DE","","",""
"307204774713",Dell Latitude 7480 i7-6600U 16 GB 256 GB SSD 14 Zoll Win11 Pro,,18295056058,"5","FIXED_PRICE","EUR",232.0,,,232.0,"0","","","Sep-29-26 00:24:04 PDT","Oct-29-26 01:24:04 PDT","PC Notebooks & Netbooks","177","","","Gebraucht","","","","","","DE","","",""
"307204774714",Dell Latitude 7480 i7-6600U 16 GB 480 GB SSD 14 Zoll Win11 Pro,,18295062294,"5","FIXED_PRICE","EUR",266.0,,,266.0,"0","","","Sep-29-26 00:24:04 PDT","Oct-29-26 01:24:04 PDT","PC Notebooks & Netbooks","177","","","Gebraucht","","","","","","DE","","",""
"307204774716","Dell Latitude 5520 i5-1135G7 8 GB 256 GB SSD 15,6 Zoll Win11 Pro",,18318688491,"5","FIXED_PRICE","EUR",352.0,,,352.0,"0","","","Sep-29-26 00:24:04 PDT","Oct-29-26 01:24:04 PDT","PC Notebooks & Netbooks","177","","","Gebraucht","","","","","","DE","","",""
"307204774717",Dell Latitude 7480 i7-6600U 16 GB 960 GB SSD 14 Zoll Win11 Pro,,18295063964,"5","FIXED_PRICE","EUR",335.0,,,335.0,"0","","","Sep-29-26 00:24:04 PDT","Oct-29-26 01:24:04 PDT","PC Notebooks & Netbooks","177","","","Gebraucht","","","","","","DE","","",""
"307204774721",Lenovo ThinkPad L14 Gen 1 Ryzen 5 PRO 4650U 8 GB 256 GB SSD 14 Zoll Win11 Home,,18324448144,"0","FIXED_PRICE","EUR",214.0,,,214.0,"0","","","Sep-29-26 00:24:04 PDT","Oct-29-26 01:24:04 PDT","PC Notebooks & Netbooks","177","","","Gebraucht","","","","","","DE","","",""
"307204774723",Lenovo ThinkPad L14 Gen 1 Ryzen 5 PRO 4650U 8 GB 256 GB SSD 14 Zoll Win11 Home,,18324472819,"0","FIXED_PRICE","EUR",237.0,,,237.0,"0","","","Sep-29-26 00:24:04 PDT","Oct-29-26 01:24:04 PDT","PC Notebooks & Netbooks","177","","","Gebraucht","","","","","","DE","","",""
"307204774728","Lenovo Thinkpad E15 Gen 2 i5-1135G7 16 GB 480 GB SSD 15,6 Zoll Win11 Pro",,18330849122,"0","FIXED_PRICE","EUR",432.0,,,432.0,"0","","","Sep-29-26 00:24:05 PDT","Oct-29-26 01:24:05 PDT","PC Notebooks & Netbooks","177","","","Gebraucht","","","","","","DE","","",""
"307204774730","Lenovo Thinkpad E15 Gen 2 i5-1135G7 16 GB 256 GB SSD 15,6 Zoll Win11 Pro",,18330839252,"0","FIXED_PRICE","EUR",386.0,,,386.0,"0","","","Sep-29-26 00:24:05 PDT","Oct-29-26 01:24:05 PDT","PC Notebooks & Netbooks","177","","","Gebraucht","","","","","","DE","","",""
"307204774738","Lenovo Thinkpad E15 Gen 2 i5-1135G7 16 GB 960 GB SSD 15,6 Zoll Win11 Pro",,18330862440,"0","FIXED_PRICE","EUR",489.0,,,489.0,"0","","","Sep-29-26 00:24:05 PDT","Oct-29-26 01:24:05 PDT","PC Notebooks & Netbooks","177","","","Gebraucht","","","","","","DE","","",""
"307204774739","Lenovo Thinkpad E15 Gen2 i5-1135G7 16 GB 256 GB SSD 15,6 Zoll Win11 Pro",,18330864995,"0","FIXED_PRICE","EUR",340.0,,,340.0,"0","","","Sep-29-26 00:24:05 PDT","Oct-29-26 01:24:05 PDT","PC Notebooks & Netbooks","177","","","Gebraucht","","","","","","DE","","",""
"307204774741","Lenovo Thinkpad E15 Gen2 i5-1135G7 16 GB 480 GB SSD 15,6 Zoll Win11 Pro",,18330880550,"0","FIXED_PRICE","EUR",386.0,,,386.0,"0","","","Sep-29-26 00:24:05 PDT","Oct-29-26 01:24:05 PDT","PC Notebooks & Netbooks","177","","","Gebraucht","","","","","","DE","","",""
"307204774743","Lenovo Thinkpad E15 Gen2 i5-1135G7 16 GB 960 GB SSD 15,6 Zoll Win11 Pro",,18330882304,"0","FIXED_PRICE","EUR",443.0,,,443.0,"0","","","Sep-29-26 00:24:05 PDT","Oct-29-26 01:24:05 PDT","PC Notebooks & Netbooks","177","","","Gebraucht","","","","","","DE","","",""
"307204774744","HP Zbook 15 G3 i7-6700HQ 8 GB 256 GB SSD 15,6 Zoll Win10 Pro",,18372353074,"5","FIXED_PRICE","EUR",192.0,,,192.0,"0","1","0","Sep-29-26 00:24:05 PDT","Oct-29-26 01:24:05 PDT","PC Notebooks & Netbooks","177","","","Gebraucht","","","","","","DE","","",""
"307204774745","HP Zbook 15 G3 i7-6700HQ 16 GB 256 GB SSD 15,6 Zoll Win10 Pro",,18372375961,"5","FIXED_PRICE","EUR",232.0,,,232.0,"0","","","Sep-29-26 00:24:05 PDT","Oct-29-26 01:24:05 PDT","PC Notebooks & Netbooks","177","","","Gebraucht","","","","","","DE","","",""
"307204774754","HP Zbook 14U G5 i5-7200U 16 GB 120 GB SSD 14,1 Zoll Win11 Pro",,18372407303,"5","FIXED_PRICE","EUR",220.0,,,220.0,"0","","","Sep-29-26 00:24:05 PDT","Oct-29-26 01:24:05 PDT","PC Notebooks & Netbooks","177","","","Gebraucht","","","","","","DE","","",""
"307204774756",Lenovo ThinkPad L14 Gen 1 Ryzen 5 PRO 4650U 16 GB 480 GB SSD 14 Zoll Win11 Home,,18375916253,"0","FIXED_PRICE","EUR",306.0,,,306.0,"0","","","Sep-29-26 00:24:05 PDT","Oct-29-26 01:24:05 PDT","PC Notebooks & Netbooks","177","","","Gebraucht","","","","","","DE","","",""
"307204774760",Lenovo ThinkPad L14 Gen 1 Ryzen 5 PRO 4650U 16 GB 960 GB SSD 14 Zoll Win11 Home,,18375944967,"0","FIXED_PRICE","EUR",374.0,,,374.0,"0","","","Sep-29-26 00:24:05 PDT","Oct-29-26 01:24:05 PDT","PC Notebooks & Netbooks","177","","","Gebraucht","","","","","","DE","","",""
"307204774761",Lenovo ThinkPad L14 Gen 1 Ryzen 5 PRO 4650U 32 GB 256 GB SSD 14 Zoll Win11 Home,,18375962707,"0","FIXED_PRICE","EUR",340.0,,,340.0,"0","","","Sep-29-26 00:24:05 PDT","Oct-29-26 01:24:05 PDT","PC Notebooks & Netbooks","177","","","Gebraucht","","","","","","DE","","",""
"307204774765",Lenovo ThinkPad L14 Gen 1 Ryzen 5 PRO 4650U 32 GB 960 GB SSD 14 Zoll Win11 Home,,18375969839,"0","FIXED_PRICE","EUR",454.0,,,454.0,"0","","","Sep-29-26 00:24:05 PDT","Oct-29-26 01:24:05 PDT","PC Notebooks & Netbooks","177","","","Gebraucht","","","","","","DE","","",""
"307204774768",Lenovo ThinkPad L14 Gen 1 Ryzen 5 PRO 4650U 16 GB 256 GB SSD 14 Zoll Win11 Home,,18375973272,"0","FIXED_PRICE","EUR",283.0,,,283.0,"0","","","Sep-29-26 00:24:05 PDT","Oct-29-26 01:24:05 PDT","PC Notebooks & Netbooks","177","","","Gebraucht","","","","","","DE","","",""
"307204774769",Lenovo ThinkPad L14 Gen 1 Ryzen 5 PRO 4650U 32 GB 480 GB SSD 14 Zoll Win11 Home,,18376031910,"0","FIXED_PRICE","EUR",409.0,,,409.0,"0","","","Sep-29-26 00:24:05 PDT","Oct-29-26 01:24:05 PDT","PC Notebooks & Netbooks","177","","","Gebraucht","","","","","","DE","","",""
"307204774772",Lenovo ThinkPad L14 Gen 1 Ryzen 5 PRO 4650U 32 GB 960 GB SSD 14 Zoll Win11 Home,,18376044370,"0","FIXED_PRICE","EUR",477.0,,,477.0,"0","","","Sep-29-26 00:24:05 PDT","Oct-29-26 01:24:05 PDT","PC Notebooks & Netbooks","177","","","Gebraucht","","","","","","DE","","",""
"307204774773",Lenovo ThinkPad L14 Gen 1 Ryzen 5 PRO 4650U 16 GB 256 GB SSD 14 Zoll Win11 Home,,18415770605,"0","FIXED_PRICE","EUR",306.0,,,306.0,"0","","","Sep-29-26 00:24:05 PDT","Oct-29-26 01:24:05 PDT","PC Notebooks & Netbooks","177","","","Gebraucht","","","","","","DE","","",""
"307204774777",Lenovo ThinkPad L14 Gen 1 Ryzen 5 PRO 4650U 8 GB 256 GB SSD 14 Zoll Win11 Home,,18418679789,"0","FIXED_PRICE","EUR",260.0,,,260.0,"0","","","Sep-29-26 00:24:05 PDT","Oct-29-26 01:24:05 PDT","PC Notebooks & Netbooks","177","","","Gebraucht","","","","","","DE","","",""
"307204774784",HP EliteBook 845 G8 Ryzen 5 PRO 5650U 16 GB 500 GB SSD 14 Zoll Win10 Pro,,18418932124,"0","FIXED_PRICE","EUR",397.0,,,397.0,"0","","","Sep-29-26 00:24:05 PDT","Oct-29-26 01:24:05 PDT","PC Notebooks & Netbooks","177","","","Gebraucht","","","","","","DE","","",""
"307204774785",Lenovo ThinkPad L14 Gen 1 Ryzen 5 PRO 4650U 32 GB 480 GB SSD 14 Zoll Win11 Home,,18418687984,"0","FIXED_PRICE","EUR",443.0,,,443.0,"0","","","Sep-29-26 00:24:05 PDT","Oct-29-26 01:24:05 PDT","PC Notebooks & Netbooks","177","","","Gebraucht","","","","","","DE","","",""
"307204774786",HP ProBook 640 G8 i5-1145G7 16 GB 500 GB SSD 14 Zoll Win11 Home,,18419032428,"5","FIXED_PRICE","EUR",432.0,,,432.0,"0","","","Sep-29-26 00:24:05 PDT","Oct-29-26 01:24:05 PDT","PC Notebooks & Netbooks","177","","","Gebraucht","","","","","","DE","","",""
"307204774787","HP ProBook 430 G5 i5-8250U 8 GB 120 GB SSD 13,3 Zoll Win11 Pro",,18428110996,"0","FIXED_PRICE","EUR",147.0,,,147.0,"0","","","Sep-29-26 00:24:05 PDT","Oct-29-26 01:24:05 PDT","PC Notebooks & Netbooks","177","","","Gebraucht","","","","","","DE","","",""
"307204774788","HP ZBook 15u G3 i7-6500U 8 GB 256 GB SSD 15,6 Zoll Win11 Pro",,18428191022,"2","FIXED_PRICE","EUR",175.0,,,175.0,"0","","","Sep-29-26 00:24:05 PDT","Oct-29-26 01:24:05 PDT","PC Notebooks & Netbooks","177","","","Gebraucht","","","","","","DE","","",""
"307204774794","HP ZBook 15u G3 i7-6500U 8 GB 256 GB SSD 15,6 Zoll Win11 Pro",,18428217311,"0","FIXED_PRICE","EUR",203.0,,,203.0,"0","","","Sep-29-26 00:24:05 PDT","Oct-29-26 01:24:05 PDT","PC Notebooks & Netbooks","177","","","Gebraucht","","","","","","DE","","",""
"307204774796","Dell Latitude 5510 i5-10310U 16 GB 256 GB SSD 15,6 Zoll Win11 Pro",,18428402999,"0","FIXED_PRICE","EUR",340.0,,,340.0,"0","","","Sep-29-26 00:24:05 PDT","Oct-29-26 01:24:05 PDT","PC Notebooks & Netbooks","177","","","Gebraucht","","","","","","DE","","",""
"307204774799","Dell Latitude 5510 i5-10310U 16 GB 480 GB SSD 15,6 Zoll Win11 Pro",,18428411385,"2","FIXED_PRICE","EUR",386.0,,,386.0,"0","","","Sep-29-26 00:24:06 PDT","Oct-29-26 01:24:06 PDT","PC Notebooks & Netbooks","177","","","Gebraucht","","","","","","DE","","",""
"307204774803","Dell Latitude 5510 i5-10310U 16 GB 960 GB SSD 15,6 Zoll Win11 Pro",,18428414975,"2","FIXED_PRICE","EUR",454.0,,,454.0,"0","","","Sep-29-26 00:24:06 PDT","Oct-29-26 01:24:06 PDT","PC Notebooks & Netbooks","177","","","Gebraucht","","","","","","DE","","",""
"307204774805","Dell Latitude 5510 i5-10310U 32 GB 960 GB SSD 15,6 Zoll Win11 Pro",,18428417677,"2","FIXED_PRICE","EUR",534.0,,,534.0,"0","","","Sep-29-26 00:24:06 PDT","Oct-29-26 01:24:06 PDT","PC Notebooks & Netbooks","177","","","Gebraucht","","","","","","DE","","",""
"307204774807","HP EliteBook 850 G6 i5-8365U 16 GB 256 GB SSD 15,6 Zoll Win11 Pro",,18444574762,"0","FIXED_PRICE","EUR",294.0,,,294.0,"0","","","Sep-29-26 00:24:06 PDT","Oct-29-26 01:24:06 PDT","PC Notebooks & Netbooks","177","","","Gebraucht","","","","","","DE","","",""
"307204774811","HP EliteBook 850 G6 i5-8365U 16 GB 480 GB SSD 15,6 Zoll Win11 Pro",,18444581689,"2","FIXED_PRICE","EUR",340.0,,,340.0,"0","","","Sep-29-26 00:24:06 PDT","Oct-29-26 01:24:06 PDT","PC Notebooks & Netbooks","177","","","Gebraucht","","","","","","DE","","",""
"307204774814","HP EliteBook 850 G6 i5-8365U 32 GB 480 GB SSD 15,6 Zoll Win11 Pro",,18444590780,"2","FIXED_PRICE","EUR",420.0,,,420.0,"0","","","Sep-29-26 00:24:06 PDT","Oct-29-26 01:24:06 PDT","PC Notebooks & Netbooks","177","","","Gebraucht","","","","","","DE","","",""
"307204774815","HP EliteBook 850 G6 i5-8365U 16 GB 256 GB SSD 15,6 Zoll Win11 Pro",,18444605186,"0","FIXED_PRICE","EUR",317.0,,,317.0,"0","","","Sep-29-26 00:24:06 PDT","Oct-29-26 01:24:06 PDT","PC Notebooks & Netbooks","177","","","Gebraucht","","","","","","DE","","",""
"307204774816","HP EliteBook 850 G6 i5-8365U 16 GB 960 GB SSD 15,6 Zoll Win11 Pro",,18444583920,"2","FIXED_PRICE","EUR",409.0,,,409.0,"0","","","Sep-29-26 00:24:06 PDT","Oct-29-26 01:24:06 PDT","PC Notebooks & Netbooks","177","","","Gebraucht","","","","","","DE","","",""
"307204774817","HP EliteBook 850 G6 i5-8365U 16 GB 480 GB SSD 15,6 Zoll Win11 Pro",,18444624123,"0","FIXED_PRICE","EUR",363.0,,,363.0,"0","","","Sep-29-26 00:24:06 PDT","Oct-29-26 01:24:06 PDT","PC Notebooks & Netbooks","177","","","Gebraucht","","","","","","DE","","",""
"307204774819","HP EliteBook 850 G6 i5-8365U 16 GB 960 GB SSD 15,6 Zoll Win11 Pro",,18444626524,"2","FIXED_PRICE","EUR",432.0,,,432.0,"0","","","Sep-29-26 00:24:06 PDT","Oct-29-26 01:24:06 PDT","PC Notebooks & Netbooks","177","","","Gebraucht","","","","","","DE","","",""
"307204774821","HP EliteBook 850 G6 i5-8365U 32 GB 256 GB SSD 15,6 Zoll Win11 Pro",,18444630986,"2","FIXED_PRICE","EUR",397.0,,,397.0,"0","","","Sep-29-26 00:24:06 PDT","Oct-29-26 01:24:06 PDT","PC Notebooks & Netbooks","177","","","Gebraucht","","","","","","DE","","",""
"307204774822","HP EliteBook 850 G6 i5-8365U 32 GB 480 GB SSD 15,6 Zoll Win11 Pro",,18444632921,"2","FIXED_PRICE","EUR",443.0,,,443.0,"0","","","Sep-29-26 00:24:06 PDT","Oct-29-26 01:24:06 PDT","PC Notebooks & Netbooks","177","","","Gebraucht","","","","","","DE","","",""
"307204774823","HP EliteBook 850 G6 i5-8365U 32 GB 960 GB SSD 15,6 Zoll Win11 Pro",,18444636905,"2","FIXED_PRICE","EUR",511.0,,,511.0,"0","","","Sep-29-26 00:24:06 PDT","Oct-29-26 01:24:06 PDT","PC Notebooks & Netbooks","177","","","Gebraucht","","","","","","DE","","",""
"307204774826","Dell Latitude 5580 i5-7300U 16 GB 480 GB SSD 15,6 Zoll Win11 Pro",,18444691869,"10","FIXED_PRICE","EUR",289.0,,,289.0,"0","","","Sep-29-26 00:24:06 PDT","Oct-29-26 01:24:06 PDT","PC Notebooks & Netbooks","177","","","Gebraucht","","","","","","DE","","",""
"307204774827","Dell Latitude 5580 i5-7300U 32 GB 256 GB SSD 15,6 Zoll Win11 Pro",,18444703850,"10","FIXED_PRICE","EUR",324.0,,,324.0,"0","","","Sep-29-26 00:24:06 PDT","Oct-29-26 01:24:06 PDT","PC Notebooks & Netbooks","177","","","Gebraucht","","","","","","DE","","",""
"307204774828","Dell Latitude 5580 i5-7300U 16 GB 960 GB SSD 15,6 Zoll Win11 Pro",,18444694210,"10","FIXED_PRICE","EUR",358.0,,,358.0,"0","","","Sep-29-26 00:24:06 PDT","Oct-29-26 01:24:06 PDT","PC Notebooks & Netbooks","177","","","Gebraucht","","","","","","DE","","",""
"307204774831","Dell Latitude 5580 i5-7300U 32 GB 960 GB SSD 15,6 Zoll Win11 Pro",,18444719991,"10","FIXED_PRICE","EUR",438.0,,,438.0,"0","","","Sep-29-26 00:24:06 PDT","Oct-29-26 01:24:06 PDT","PC Notebooks & Netbooks","177","","","Gebraucht","","","","","","DE","","",""
"307204774832","Dell Latitude 5580 i5-7300U 16 GB 480 GB SSD 15,6 Zoll Win10 Pro",,18444821562,"10","FIXED_PRICE","EUR",315.0,,,315.0,"0","","","Sep-29-26 00:24:06 PDT","Oct-29-26 01:24:06 PDT","PC Notebooks & Netbooks","177","","","Gebraucht","","","","","","DE","","",""
"307204774833","Dell Latitude 5580 i5-7300U 16 GB 256 GB SSD 15,6 Zoll Win10 Pro",,18444817182,"10","FIXED_PRICE","EUR",269.0,,,269.0,"0","","","Sep-29-26 00:24:06 PDT","Oct-29-26 01:24:06 PDT","PC Notebooks & Netbooks","177","","","Gebraucht","","","","","","DE","","",""
"307204774835","Dell Latitude 5580 i5-7300U 16 GB 960 GB SSD 15,6 Zoll Win10 Pro",,18444822872,"10","FIXED_PRICE","EUR",383.0,,,383.0,"0","","","Sep-29-26 00:24:06 PDT","Oct-29-26 01:24:06 PDT","PC Notebooks & Netbooks","177","","","Gebraucht","","","","","","DE","","",""
"307204774837","Dell Latitude 5580 i5-7300U 32 GB 256 GB SSD 15,6 Zoll Win11 Pro",,18444825737,"10","FIXED_PRICE","EUR",349.0,,,349.0,"0","","","Sep-29-26 00:24:06 PDT","Oct-29-26 01:24:06 PDT","PC Notebooks & Netbooks","177","","","Gebraucht","","","","","","DE","","",""
"307204774839","Dell Latitude 5580 i5-7300U 32 GB 480 GB SSD 15,6 Zoll Win11 Pro",,18444836298,"10","FIXED_PRICE","EUR",395.0,,,395.0,"0","","","Sep-29-26 00:24:06 PDT","Oct-29-26 01:24:06 PDT","PC Notebooks & Netbooks","177","","","Gebraucht","","","","","","DE","","",""
"307204774842","Dell Latitude 5580 i5-7300U 32 GB 960 GB SSD 15,6 Zoll Win11 Pro",,18444839065,"10","FIXED_PRICE","EUR",463.0,,,463.0,"0","","","Sep-29-26 00:24:06 PDT","Oct-29-26 01:24:06 PDT","PC Notebooks & Netbooks","177","","","Gebraucht","","","","","","DE","","",""
"307204774843","Dell Dell Precision 7740 i7-9850H 16 GB 256 GB SSD 17,3 Zoll Win11 Pro",,18447814422,"2","FIXED_PRICE","EUR",715.0,,,715.0,"0","","","Sep-29-26 00:24:06 PDT","Oct-29-26 01:24:06 PDT","PC Notebooks & Netbooks","177","","","Gebraucht","","","","","","DE","","",""
"307204774845","Dell Precision 7750 i7 i7-10850H 32 GB 512 GB SSD 17,3 Zoll Win11 Pro",,18447828066,"2","FIXED_PRICE","EUR",1062.0,,,1062.0,"0","","","Sep-29-26 00:24:06 PDT","Oct-29-26 01:24:06 PDT","PC Notebooks & Netbooks","177","","","Gebraucht","","","","","","DE","","",""
"307204774850","Dell Precision 7750 i7 i7-10850H 32 GB 256 GB SSD 17,3 Zoll Win11 Pro",,18447832565,"2","FIXED_PRICE","EUR",1016.0,,,1016.0,"0","","","Sep-29-26 00:24:06 PDT","Oct-29-26 01:24:06 PDT","PC Notebooks & Netbooks","177","","","Gebraucht","","","","","","DE","","",""
"307204774853","Dell Latitude 5540 i5-1345U 16 GB 480 GB SSD 15,6 Zoll Win11 Pro",,18469071434,"5","FIXED_PRICE","EUR",614.0,,,614.0,"0","","","Sep-29-26 00:24:07 PDT","Oct-29-26 01:24:07 PDT","PC Notebooks & Netbooks","177","","","Gebraucht","","","","","","DE","","",""
"307204774854","Dell Latitude 5540 i5-1345U 16 GB 960 GB SSD 15,6 Zoll Win11 Pro",,18469076691,"5","FIXED_PRICE","EUR",683.0,,,683.0,"0","","","Sep-29-26 00:24:07 PDT","Oct-29-26 01:24:07 PDT","PC Notebooks & Netbooks","177","","","Gebraucht","","","","","","DE","","",""
"307204774858","Dell Latitude 5540 i5-1345U 32 GB 960 GB SSD 15,6 Zoll Win11 Pro",,18469079040,"5","FIXED_PRICE","EUR",774.0,,,774.0,"0","","","Sep-29-26 00:24:07 PDT","Oct-29-26 01:24:07 PDT","PC Notebooks & Netbooks","177","","","Gebraucht","","","","","","DE","","",""
"307204774864","Dell Latitude 5540 i5-1345U 32 GB 480 GB SSD 15,6 Zoll Win11 Pro",,18469091128,"5","FIXED_PRICE","EUR",706.0,,,706.0,"0","","","Sep-29-26 00:24:07 PDT","Oct-29-26 01:24:07 PDT","PC Notebooks & Netbooks","177","","","Gebraucht","","","","","","DE","","",""
"307204774865","Dell Latitude 5540 i5-1345U 16 GB 480 GB SSD 15,6 Zoll Win11 Pro",,18469100008,"5","FIXED_PRICE","EUR",569.0,,,569.0,"0","","","Sep-29-26 00:24:07 PDT","Oct-29-26 01:24:07 PDT","PC Notebooks & Netbooks","177","","","Gebraucht","","","","","","DE","","",""
"307204774867","Dell Latitude 5540 i5-1345U 16 GB 960 GB SSD 15,6 Zoll Win11 Pro",,18469115653,"5","FIXED_PRICE","EUR",637.0,,,637.0,"0","","","Sep-29-26 00:24:07 PDT","Oct-29-26 01:24:07 PDT","PC Notebooks & Netbooks","177","","","Gebraucht","","","","","","DE","","",""
"307204774868","Dell Latitude 5540 i5-1345U 32 GB 960 GB SSD 15,6 Zoll Win11 Pro",,18469122314,"5","FIXED_PRICE","EUR",729.0,,,729.0,"0","","","Sep-29-26 00:24:07 PDT","Oct-29-26 01:24:07 PDT","PC Notebooks & Netbooks","177","","","Gebraucht","","","","","","DE","","",""
"307204774871","Dell Latitude 5540 i5-1345U 32 GB 480 GB SSD 15,6 Zoll Win11 Pro",,18469139191,"5","FIXED_PRICE","EUR",660.0,,,660.0,"0","","","Sep-29-26 00:24:07 PDT","Oct-29-26 01:24:07 PDT","PC Notebooks & Netbooks","177","","","Gebraucht","","","","","","DE","","",""
"307204774874","Dell Latitude 5540 i5-1345U 16 GB 480 GB SSD 15,6 Zoll Win11 Pro",,18496275139,"5","FIXED_PRICE","EUR",569.0,,,569.0,"0","","","Sep-29-26 00:24:07 PDT","Oct-29-26 01:24:07 PDT","PC Notebooks & Netbooks","177","","","Gebraucht","","","","","","DE","","",""
"307204774875",HP EliteBook 840 G3 i5-6300U 8 GB 240 GB SSD 14 Zoll Win11 Pro,,18496641500,"10","FIXED_PRICE","EUR",152.0,,,152.0,"0","","","Sep-29-26 00:24:07 PDT","Oct-29-26 01:24:07 PDT","PC Notebooks & Netbooks","177","","","Gebraucht","","","","","","DE","","",""
"307204774883",HP EliteBook 840 G3 i5-6300U 16 GB 480 GB SSD 14 Zoll Win11 Pro,,18496686238,"10","FIXED_PRICE","EUR",243.0,,,243.0,"0","","","Sep-29-26 00:24:07 PDT","Oct-29-26 01:24:07 PDT","PC Notebooks & Netbooks","177","","","Gebraucht","","","","","","DE","","",""
"307204774886",HP EliteBook 840 G3 i5-6300U 16 GB 960 GB SSD 14 Zoll Win11 Pro,,18496695385,"10","FIXED_PRICE","EUR",312.0,,,312.0,"0","","","Sep-29-26 00:24:07 PDT","Oct-29-26 01:24:07 PDT","PC Notebooks & Netbooks","177","","","Gebraucht","","","","","","DE","","",""
"307204774890",HP EliteBook 840 G3 i5-6300U 8 GB 240 GB SSD 14 Zoll Win11 Pro,,18496721858,"10","FIXED_PRICE","EUR",169.0,,,169.0,"0","","","Sep-29-26 00:24:07 PDT","Oct-29-26 01:24:07 PDT","PC Notebooks & Netbooks","177","","","Gebraucht","","","","","","DE","","",""
"307204774892",HP EliteBook 840 G3 i5-6300U 16 GB 960 GB SSD 14 Zoll Win11 Pro,,18496742868,"10","FIXED_PRICE","EUR",329.0,,,329.0,"0","","","Sep-29-26 00:24:07 PDT","Oct-29-26 01:24:07 PDT","PC Notebooks & Netbooks","177","","","Gebraucht","","","","","","DE","","",""
"307204774893",HP EliteBook 840 G3 i5-6300U 16 GB 240 GB SSD 14 Zoll Win11 Pro,,18496723396,"10","FIXED_PRICE","EUR",214.0,,,214.0,"0","","","Sep-29-26 00:24:07 PDT","Oct-29-26 01:24:07 PDT","PC Notebooks & Netbooks","177","","","Gebraucht","","","","","","DE","","",""
"307204774896",HP EliteBook 840 G3 i5-6300U 16 GB 480 GB SSD 14 Zoll Win11 Pro,,18496758847,"10","FIXED_PRICE","EUR",283.0,,,283.0,"0","","","Sep-29-26 00:24:07 PDT","Oct-29-26 01:24:07 PDT","PC Notebooks & Netbooks","177","","","Gebraucht","","","","","","DE","","",""
"307204774901","Dell Precision 7530 i7-8850H 32 GB 512 GB SSD 15,6 Zoll Win11 Pro",,18521473222,"0","FIXED_PRICE","EUR",571.0,,,571.0,"0","","","Sep-29-26 00:24:07 PDT","Oct-29-26 01:24:07 PDT","PC Notebooks & Netbooks","177","","","Gebraucht","","","","","","DE","","",""
"307204774903",Apple MacBook Pro A2141 2019r i9-9880H 32 GB 1 TB SSD 16 Zoll,,18505935978,"5","FIXED_PRICE","EUR",740.0,,,740.0,"0","","","Sep-29-26 00:24:07 PDT","Oct-29-26 01:24:07 PDT","Apple Notebooks","111422","","","Gebraucht","","","","","","DE","","",""
"307204774904",HP EliteBook 840 G3 i5-6300U 16 GB 960 GB SSD 14 Zoll Win11 Pro,,18496760342,"10","FIXED_PRICE","EUR",352.0,,,352.0,"0","","","Sep-29-26 00:24:07 PDT","Oct-29-26 01:24:07 PDT","PC Notebooks & Netbooks","177","","","Gebraucht","","","","","","DE","","",""
"307204774908","Dell Precision 7530 i7-8850H 16 GB 256 GB SSD 15,6 Zoll Win11 Pro",,18521481738,"0","FIXED_PRICE","EUR",432.0,,,432.0,"0","","","Sep-29-26 00:24:07 PDT","Oct-29-26 01:24:07 PDT","PC Notebooks & Netbooks","177","","","Gebraucht","","","","","","DE","","",""
"307204774910","HP ProBook 450 G8 i5-1135G7 16 GB 960 GB SSD 15,6 Zoll Win11 Pro",,18523702784,"5","FIXED_PRICE","EUR",477.0,,,477.0,"0","","","Sep-29-26 00:24:07 PDT","Oct-29-26 01:24:07 PDT","PC Notebooks & Netbooks","177","","","Gebraucht","","","","","","DE","","",""
"307204774913","HP ProBook 450 G8 i5-1135G7 32 GB 960 GB SSD 15,6 Zoll Win11 Pro",,18523745140,"5","FIXED_PRICE","EUR",569.0,,,569.0,"0","","","Sep-29-26 00:24:07 PDT","Oct-29-26 01:24:07 PDT","PC Notebooks & Netbooks","177","","","Gebraucht","","","","","","DE","","",""
"307204774917",Lenovo ThinkPad T14 Gen1 Ryzen 5 PRO 4650U 8 GB 256 GB SSD 14 Zoll Win11 Pro,,18528020967,"0","FIXED_PRICE","EUR",243.0,,,243.0,"0","","","Sep-29-26 00:24:07 PDT","Oct-29-26 01:24:07 PDT","PC Notebooks & Netbooks","177","","","Gebraucht","","","","","","DE","","",""
"307204774923","Microsoft Surface 3 i5-1035G7 8 GB 256 GB SSD 13,5 Zoll Win11 Home",,18541525448,"2","FIXED_PRICE","EUR",363.0,,,363.0,"0","","","Sep-29-26 00:24:08 PDT","Oct-29-26 01:24:08 PDT","PC Notebooks & Netbooks","177","","","Gebraucht","","","","","","DE","","",""
"307204774924",Lenovo Thinkpad E15 Gen 2 i5 11gen i5-1135G7 16 GB 256 GB SSD Win11 Pro,,18560303265,"0","FIXED_PRICE","EUR",340.0,,,340.0,"0","","","Sep-29-26 00:24:08 PDT","Oct-29-26 01:24:08 PDT","PC Notebooks & Netbooks","177","","","Gebraucht","","","","","","DE","","",""
"307204774925","Lenovo Thinkpad E15 Gen 2 i5 11gen i5-1135G7 8 GB 256 GB SSD 15,6 Zoll Win11 Pro",,18557986352,"0","FIXED_PRICE","EUR",294.0,,,294.0,"0","","","Sep-29-26 00:24:08 PDT","Oct-29-26 01:24:08 PDT","PC Notebooks & Netbooks","177","","","Gebraucht","","","","","","DE","","",""
"307204774926",Lenovo Thinkpad E15 Gen 2 i5 11gen i5-1135G7 32 GB 512 GB SSD Win11 Pro,,18560306003,"0","FIXED_PRICE","EUR",500.0,,,500.0,"0","","","Sep-29-26 00:24:08 PDT","Oct-29-26 01:24:08 PDT","PC Notebooks & Netbooks","177","","","Gebraucht","","","","","","DE","","",""
"307204774929",Lenovo Thinkpad E15 Gen 2 i5 11gen i5-1135G7 16 GB 256 GB SSD Win11 Pro,,18560325166,"0","FIXED_PRICE","EUR",386.0,,,386.0,"0","","","Sep-29-26 00:24:08 PDT","Oct-29-26 01:24:08 PDT","PC Notebooks & Netbooks","177","","","Gebraucht","","","","","","DE","","",""
"307204774931","Lenovo Thinkpad E15 Gen 2 i5 11gen i5-1135G7 32 GB 2 TB SSD 15,6 Zoll Win11 Pro",,18560308574,"0","FIXED_PRICE","EUR",649.0,,,649.0,"0","","","Sep-29-26 00:24:08 PDT","Oct-29-26 01:24:08 PDT","PC Notebooks & Netbooks","177","","","Gebraucht","","","","","","DE","","",""
"307204774936","Lenovo Thinkpad E15 Gen 2 i5 11gen i5-1135G7 16 GB 1 TB SSD 15,6 Zoll Win11 Pro",,18560328503,"0","FIXED_PRICE","EUR",500.0,,,500.0,"0","","","Sep-29-26 00:24:08 PDT","Oct-29-26 01:24:08 PDT","PC Notebooks & Netbooks","177","","","Gebraucht","","","","","","DE","","",""
"307204774937","Dell Precision 7520 i7-6820HQ 16 GB 256 GB SSD 15,6 Zoll Win11 Pro",,18560371564,"0","FIXED_PRICE","EUR",294.0,,,294.0,"0","","","Sep-29-26 00:24:08 PDT","Oct-29-26 01:24:08 PDT","PC Notebooks & Netbooks","177","","","Gebraucht","","","","","","DE","","",""
"307204774938","Lenovo Thinkpad E15 Gen 2 i5 11gen i5-1135G7 32 GB 1 TB SSD 15,6 Zoll Win11 Pro",,18560332764,"0","FIXED_PRICE","EUR",626.0,,,626.0,"0","","","Sep-29-26 00:24:08 PDT","Oct-29-26 01:24:08 PDT","PC Notebooks & Netbooks","177","","","Gebraucht","","","","","","DE","","",""
"307204774941","Dell Latitude 5500 i5-8365U 16 GB 256 GB SSD 15,6 Zoll Win11 Pro",,18560568436,"10","FIXED_PRICE","EUR",294.0,,,294.0,"0","","","Sep-29-26 00:24:08 PDT","Oct-29-26 01:24:08 PDT","PC Notebooks & Netbooks","177","","","Gebraucht","","","","","","DE","","",""
"307204774943","Dell Latitude 5500 i5-8365U 16 GB 512 GB SSD 15,6 Zoll Win11 Pro",,18560675168,"10","FIXED_PRICE","EUR",340.0,,,340.0,"0","","","Sep-29-26 00:24:08 PDT","Oct-29-26 01:24:08 PDT","PC Notebooks & Netbooks","177","","","Gebraucht","","","","","","DE","","",""
"307204774944","Microsoft Surface 3 i5-1035G7 8 GB 256 GB SSD 13,5 Zoll Win11 Home",,18561047790,"5","FIXED_PRICE","EUR",363.0,,,363.0,"0","","","Sep-29-26 00:24:08 PDT","Oct-29-26 01:24:08 PDT","PC Notebooks & Netbooks","177","","","Gebraucht","","","","","","DE","","",""
"307204774948","Dell Latitude 5500 i5-8365U 16 GB 512 GB SSD 15,6 Zoll Win10 Pro",,18561294716,"8","FIXED_PRICE","EUR",294.0,,,294.0,"0","","","Sep-29-26 00:24:08 PDT","Oct-29-26 01:24:08 PDT","PC Notebooks & Netbooks","177","","","Gebraucht","","","","","","DE","","",""
"307204774954","Dell Latitude 5500 i5-8365U 32 GB 512 GB SSD 15,6 Zoll Win11 Pro",,18561299003,"8","FIXED_PRICE","EUR",374.0,,,374.0,"0","","","Sep-29-26 00:24:08 PDT","Oct-29-26 01:24:08 PDT","PC Notebooks & Netbooks","177","","","Gebraucht","","","","","","DE","","",""
"307204774956","Dell Latitude 5500 i5-8365U 32 GB 480 GB SSD 15,6 Zoll Win11 Pro",,18561431078,"8","FIXED_PRICE","EUR",420.0,,,420.0,"0","","","Sep-29-26 00:24:08 PDT","Oct-29-26 01:24:08 PDT","PC Notebooks & Netbooks","177","","","Gebraucht","","","","","","DE","","",""
"307204774959",HP 845 G7 Ryzen 5 PRO 4650U 8 GB 256 GB SSD 14 Zoll Win11 Pro,,18566529697,"2","FIXED_PRICE","EUR",260.0,,,260.0,"0","1","0","Sep-29-26 00:24:08 PDT","Oct-29-26 01:24:08 PDT","PC Notebooks & Netbooks","177","","","Gebraucht","","","","","","DE","","",""
"307204774961",Lenovo Lenovo ThinkPad T14 Gen 2 G2 2th Ryzen 5 PRO 5650U 16 GB 256 GB Win11 Pro,,18577517975,"0","FIXED_PRICE","EUR",335.0,,,335.0,"1","4","0","Sep-29-26 00:24:08 PDT","Oct-29-26 01:24:08 PDT","PC Notebooks & Netbooks","177","","","Gebraucht","","","","","","DE","","",""
"307204774962",Lenovo Lenovo ThinkPad T14 Gen 2 G2 2th Ryzen 5 PRO 5650U 16 GB 256 GB Win11 Pro,,18577560401,"0","FIXED_PRICE","EUR",312.0,,,312.0,"0","3","0","Sep-29-26 00:24:08 PDT","Oct-29-26 01:24:08 PDT","PC Notebooks & Netbooks","177","","","Gebraucht","","","","","","DE","","",""
"307204774965",Lenovo ThinkPad T14 Gen 2 Ryzen 5 PRO 5650U 16 GB 512 GB SSD 14 Zoll Win11 Pro,,18577568406,"0","FIXED_PRICE","EUR",380.0,,,380.0,"0","2","0","Sep-29-26 00:24:08 PDT","Oct-29-26 01:24:08 PDT","PC Notebooks & Netbooks","177","","","Gebraucht","","","","","","DE","","",""
"307204774970",Lenovo ThinkPad T14 Gen 2 Ryzen 5 PRO 5650U 16 GB 1 TB SSD 14 Zoll Win11 Pro,,18577612644,"2","FIXED_PRICE","EUR",460.0,,,460.0,"0","1","0","Sep-29-26 00:24:08 PDT","Oct-29-26 01:24:08 PDT","PC Notebooks & Netbooks","177","","","Gebraucht","","","","","","DE","","",""
"307204774971",Lenovo ThinkPad T14 Gen 2 Ryzen 5 PRO 5650U 16 GB 1 TB SSD 14 Zoll Win11 Pro,,18577668156,"1","FIXED_PRICE","EUR",437.0,,,437.0,"1","1","0","Sep-29-26 00:24:08 PDT","Oct-29-26 01:24:08 PDT","PC Notebooks & Netbooks","177","","","Gebraucht","","","","","","DE","","",""
"307204774974",Lenovo ThinkPad T14 Gen 2 Ryzen 5 PRO 5650U 16 GB 512 GB SSD 14 Zoll Win11 Pro,,18577659660,"0","FIXED_PRICE","EUR",357.0,,,357.0,"0","2","0","Sep-29-26 00:24:08 PDT","Oct-29-26 01:24:08 PDT","PC Notebooks & Netbooks","177","","","Gebraucht","","","","","","DE","","",""
"307204774975","Toshiba DYNABOOK TECRA A40-G i3-10110U 8 GB 128 GB SSD 13,9 Zoll",,18580221790,"0","FIXED_PRICE","EUR",147.0,,,147.0,"0","","","Sep-29-26 00:24:08 PDT","Oct-29-26 01:24:08 PDT","PC Notebooks & Netbooks","177","","","Gebraucht","","","","","","DE","","",""
"307204774979",HP EliteBook 840 G6 i5-8365U 16 GB 256 GB SSD 14 Zoll Win11 Pro,,18589771410,"0","FIXED_PRICE","EUR",249.0,,,249.0,"0","","","Sep-29-26 00:24:08 PDT","Oct-29-26 01:24:08 PDT","PC Notebooks & Netbooks","177","","","Gebraucht","","","","","","DE","","",""
"307204774982",HP EliteBook 840 G6 i5-8365U 32 GB 2 TB SSD 14 Zoll Win11 Pro,,18589774290,"0","FIXED_PRICE","EUR",523.0,,,523.0,"0","","","Sep-29-26 00:24:08 PDT","Oct-29-26 01:24:08 PDT","PC Notebooks & Netbooks","177","","","Gebraucht","","","","","","DE","","",""
"307204774986","Microsoft Pro 7 (1866) i5-1035G4 8 GB 256 GB SSD 12,3 Zoll Win11 Pro",,18640021359,"2","FIXED_PRICE","EUR",317.0,,,317.0,"0","","","Sep-29-26 00:24:08 PDT","Oct-29-26 01:24:08 PDT","PC Notebooks & Netbooks","177","","","Gebraucht","","","","","","DE","","",""
"307204774987",Lenovo ThinkPad T15 Gen 2 i5-11gen i5-1135G7 32 GB 256 GB SSD Win11 Pro,,18655297458,"8","FIXED_PRICE","EUR",523.0,,,523.0,"0","","","Sep-29-26 00:24:08 PDT","Oct-29-26 01:24:08 PDT","PC Notebooks & Netbooks","177","","","Gebraucht","","","","","","DE","","",""
"307204774991",Lenovo ThinkPad T480 fhd i5-8350U 16 GB 480 GB SSD 14 Zoll Win11 Pro,,18660556147,"10","FIXED_PRICE","EUR",318.0,,,318.0,"0","","","Sep-29-26 00:24:09 PDT","Oct-29-26 01:24:09 PDT","PC Notebooks & Netbooks","177","","","Gebraucht","","","","","","DE","","",""
"307204774993",Lenovo ThinkPad T480 fhd i5-8350U 32 GB 1 TB SSD 14 Zoll Win11 Pro,,18660639414,"10","FIXED_PRICE","EUR",466.0,,,466.0,"0","","","Sep-29-26 00:24:09 PDT","Oct-29-26 01:24:09 PDT","PC Notebooks & Netbooks","177","","","Gebraucht","","","","","","DE","","",""
"307204774996","Lenovo ThinkPad X13 Yoga Gen 1 i5-10210U 8 GB 256 GB SSD 13,3 Zoll Win11 Pro",,18660835373,"0","FIXED_PRICE","EUR",283.0,,,283.0,"0","","","Sep-29-26 00:24:09 PDT","Oct-29-26 01:24:09 PDT","PC Notebooks & Netbooks","177","","","Gebraucht","","","","","","DE","","",""
"307204774997","Lenovo ThinkPad X13 Yoga Gen 1 i5-10210U 8 GB 256 GB SSD 13,3 Zoll Win11 Pro",,18660726962,"2","FIXED_PRICE","EUR",249.0,,,249.0,"0","","","Sep-29-26 00:24:09 PDT","Oct-29-26 01:24:09 PDT","PC Notebooks & Netbooks","177","","","Gebraucht","","","","","","DE","","",""
"307204774999","HP EliteBook 830 G6 i5-8365U 16 GB 256 GB SSD 13,3 Zoll Win11 Pro",,18663334138,"5","FIXED_PRICE","EUR",220.0,,,220.0,"0","","","Sep-29-26 00:24:09 PDT","Oct-29-26 01:24:09 PDT","PC Notebooks & Netbooks","177","","","Gebraucht","","","","","","DE","","",""
"307204775004","HP EliteBook 830 G6 i5-8365U 32 GB 960 GB SSD 13,3 Zoll Win11 Pro",,18663340128,"5","FIXED_PRICE","EUR",415.0,,,415.0,"0","","","Sep-29-26 00:24:09 PDT","Oct-29-26 01:24:09 PDT","PC Notebooks & Netbooks","177","","","Gebraucht","","","","","","DE","","",""
"307204775005","HP EliteBook 830 G6 i5-8365U 16 GB 256 GB SSD 13,3 Zoll Win11 Pro",,18663352319,"5","FIXED_PRICE","EUR",243.0,,,243.0,"0","","","Sep-29-26 00:24:09 PDT","Oct-29-26 01:24:09 PDT","PC Notebooks & Netbooks","177","","","Gebraucht","","","","","","DE","","",""
"307204775010","HP EliteBook 830 G6 i5-8365U 16 GB 480 GB SSD 13,3 Zoll Win11 Pro",,18663356137,"5","FIXED_PRICE","EUR",289.0,,,289.0,"0","","","Sep-29-26 00:24:09 PDT","Oct-29-26 01:24:09 PDT","PC Notebooks & Netbooks","177","","","Gebraucht","","","","","","DE","","",""
"307204775012","HP EliteBook 830 G6 i5-8365U 16 GB 960 GB SSD 13,3 Zoll Win11 Pro",,18663357725,"5","FIXED_PRICE","EUR",357.0,,,357.0,"0","","","Sep-29-26 00:24:09 PDT","Oct-29-26 01:24:09 PDT","PC Notebooks & Netbooks","177","","","Gebraucht","","","","","","DE","","",""
"307204775013","HP EliteBook 830 G6 i5-8365U 32 GB 960 GB SSD 13,3 Zoll Win11 Pro",,18663360119,"5","FIXED_PRICE","EUR",437.0,,,437.0,"0","","","Sep-29-26 00:24:09 PDT","Oct-29-26 01:24:09 PDT","PC Notebooks & Netbooks","177","","","Gebraucht","","","","","","DE","","",""
"307204775018","Dell Latitude 5500 i5-8265U 16 GB 480 GB SSD 15,6 Zoll Win11 Pro",,18676042073,"5","FIXED_PRICE","EUR",340.0,,,340.0,"0","","","Sep-29-26 00:24:09 PDT","Oct-29-26 01:24:09 PDT","PC Notebooks & Netbooks","177","","","Gebraucht","","","","","","DE","","",""
"307204775020","Dell Latitude 5500 i5-8265U 16 GB 256 GB SSD 15,6 Zoll Win11 Pro",,18676022903,"5","FIXED_PRICE","EUR",294.0,,,294.0,"0","","","Sep-29-26 00:24:09 PDT","Oct-29-26 01:24:09 PDT","PC Notebooks & Netbooks","177","","","Gebraucht","","","","","","DE","","",""
"307204775021","Dell Latitude 5500 i5-8265U 16 GB 256 GB SSD 15,6 Zoll Win11 Pro",,18676073402,"5","FIXED_PRICE","EUR",249.0,,,249.0,"0","","","Sep-29-26 00:24:09 PDT","Oct-29-26 01:24:09 PDT","PC Notebooks & Netbooks","177","","","Gebraucht","","","","","","DE","","",""
"307204775023","Dell Latitude 5500 i5-8265U 16 GB 960 GB SSD 15,6 Zoll Win11 Pro",,18676051117,"5","FIXED_PRICE","EUR",409.0,,,409.0,"0","","","Sep-29-26 00:24:09 PDT","Oct-29-26 01:24:09 PDT","PC Notebooks & Netbooks","177","","","Gebraucht","","","","","","DE","","",""
"307204775024",Lenovo ThinkPad L14 Gen 1 Ryzen 5 4500U 8 GB 120 GB SSD 14 Zoll Win11 Home,,18678639210,"0","FIXED_PRICE","EUR",180.0,,,180.0,"0","","","Sep-29-26 00:24:09 PDT","Oct-29-26 01:24:09 PDT","PC Notebooks & Netbooks","177","","","Gebraucht","","","","","","DE","","",""
"307204775029",Lenovo ThinkPad L14 Gen 1 Ryzen 5 4500U 8 GB 120 GB SSD 14 Zoll Win11 Home,,18678680865,"0","FIXED_PRICE","EUR",203.0,,,203.0,"0","1","0","Sep-29-26 00:24:09 PDT","Oct-29-26 01:24:09 PDT","PC Notebooks & Netbooks","177","","","Gebraucht","","","","","","DE","","",""
"307204775032",Dell Latitude 7490 i7-8650U 8 GB 128 GB SSD 14 Zoll Win10 Pro,,18680797158,"10","FIXED_PRICE","EUR",180.0,,,180.0,"0","","","Sep-29-26 00:24:09 PDT","Oct-29-26 01:24:09 PDT","PC Notebooks & Netbooks","177","","","Gebraucht","","","","","","DE","","",""
"307204775036",Lenovo ThinkPad L14 Gen 1 Ryzen 5 4500U 8 GB 256 GB SSD 14 Zoll Win11 Home,,18678694834,"0","FIXED_PRICE","EUR",214.0,,,214.0,"0","","","Sep-29-26 00:24:09 PDT","Oct-29-26 01:24:09 PDT","PC Notebooks & Netbooks","177","","","Gebraucht","","","","","","DE","","",""
"307204775044",HP EliteBook 840 G6 i5-8365U 16 GB 1 TB SSD 14 Zoll Win11 Pro,,18726200007,"0","FIXED_PRICE","EUR",397.0,,,397.0,"0","","","Sep-29-26 00:24:09 PDT","Oct-29-26 01:24:09 PDT","PC Notebooks & Netbooks","177","","","Gebraucht","","","","","","DE","","",""
"307204775045",HP EliteBook 840 G6 i5-8365U 16 GB 256 GB SSD 14 Zoll Win11 Pro,,18726194238,"0","FIXED_PRICE","EUR",272.0,,,272.0,"0","","","Sep-29-26 00:24:09 PDT","Oct-29-26 01:24:09 PDT","PC Notebooks & Netbooks","177","","","Gebraucht","","","","","","DE","","",""
"307204775046",HP EliteBook 840 G6 i5-8365U 32 GB 2 TB SSD 14 Zoll Win11 Pro,,18726210487,"0","FIXED_PRICE","EUR",546.0,,,546.0,"0","","","Sep-29-26 00:24:09 PDT","Oct-29-26 01:24:09 PDT","PC Notebooks & Netbooks","177","","","Gebraucht","","","","","","DE","","",""
"307204775047",HP Elitebook 840 G6 i7-8665U 8 GB 256 GB SSD 14 Zoll Win10 Pro,,18726252529,"0","FIXED_PRICE","EUR",283.0,,,283.0,"0","","","Sep-29-26 00:24:09 PDT","Oct-29-26 01:24:09 PDT","PC Notebooks & Netbooks","177","","","Gebraucht","","","","","","DE","","",""
"307204775049",HP Elitebook 840 G6 i7-8665U 16 GB 256 GB SSD 14 Zoll Win11 Pro,,18726269528,"0","FIXED_PRICE","EUR",329.0,,,329.0,"0","","","Sep-29-26 00:24:09 PDT","Oct-29-26 01:24:09 PDT","PC Notebooks & Netbooks","177","","","Gebraucht","","","","","","DE","","",""
"307204775050",HP Elitebook 840 G6 i7-8665U 32 GB 1 TB SSD 14 Zoll Win11 Pro,,18726310316,"0","FIXED_PRICE","EUR",523.0,,,523.0,"0","","","Sep-29-26 00:24:09 PDT","Oct-29-26 01:24:09 PDT","PC Notebooks & Netbooks","177","","","Gebraucht","","","","","","DE","","",""
"307204775054","Dell Precision 7730 i7-8750H 16 GB 256 GB SSD 17,3 Zoll Win11 Pro",,18740771631,"2","FIXED_PRICE","EUR",591.0,,,591.0,"0","","","Sep-29-26 00:24:10 PDT","Oct-29-26 01:24:10 PDT","PC Notebooks & Netbooks","177","","","Gebraucht","","","","","","DE","","",""
"307204775055",Dell Latitude 5490 i5-8350U 8 GB 120 GB SSD 14 Zoll Win11 Pro,,18743277941,"2","FIXED_PRICE","EUR",157.0,,,157.0,"0","","","Sep-29-26 00:24:10 PDT","Oct-29-26 01:24:10 PDT","PC Notebooks & Netbooks","177","","","Gebraucht","","","","","","DE","","",""
"307204775061",Dell Latitude 5490 i5-8350U 16 GB 256 GB SSD 14 Zoll Win11 Pro,,18743405485,"2","FIXED_PRICE","EUR",214.0,,,214.0,"0","","","Sep-29-26 00:24:10 PDT","Oct-29-26 01:24:10 PDT","PC Notebooks & Netbooks","177","","","Gebraucht","","","","","","DE","","",""
"307204775063",Dell Latitude 5490 i5-8350U 16 GB 480 GB SSD 14 Zoll Win11 Pro,,18743428870,"2","FIXED_PRICE","EUR",260.0,,,260.0,"0","","","Sep-29-26 00:24:10 PDT","Oct-29-26 01:24:10 PDT","PC Notebooks & Netbooks","177","","","Gebraucht","","","","","","DE","","",""
"307204775065",Dell Latitude 5490 i5-8350U 16 GB 960 GB SSD 14 Zoll Win11 Pro,,18743443010,"2","FIXED_PRICE","EUR",329.0,,,329.0,"0","","","Sep-29-26 00:24:10 PDT","Oct-29-26 01:24:10 PDT","PC Notebooks & Netbooks","177","","","Gebraucht","","","","","","DE","","",""
"307204775069",Dell Latitude 5490 i5-8350U 32 GB 960 GB SSD 14 Zoll Win11 Pro,,18743450611,"2","FIXED_PRICE","EUR",409.0,,,409.0,"0","","","Sep-29-26 00:24:10 PDT","Oct-29-26 01:24:10 PDT","PC Notebooks & Netbooks","177","","","Gebraucht","","","","","","DE","","",""
"307204775071",Dell Latitude 5490 i5-8350U 32 GB 480 GB SSD 14 Zoll Win11 Pro,,18743453524,"2","FIXED_PRICE","EUR",340.0,,,340.0,"0","","","Sep-29-26 00:24:10 PDT","Oct-29-26 01:24:10 PDT","PC Notebooks & Netbooks","177","","","Gebraucht","","","","","","DE","","",""
"307204775074",Dell Latitude 5490 i5-8350U 16 GB 480 GB SSD 14 Zoll Win11 Pro,,18743464240,"2","FIXED_PRICE","EUR",289.0,,,289.0,"0","","","Sep-29-26 00:24:10 PDT","Oct-29-26 01:24:10 PDT","PC Notebooks & Netbooks","177","","","Gebraucht","","","","","","DE","","",""
"307204775075",Dell Latitude 5490 i5-8350U 16 GB 256 GB SSD 14 Zoll Win11 Pro,,18743456240,"2","FIXED_PRICE","EUR",244.0,,,244.0,"0","","","Sep-29-26 00:24:10 PDT","Oct-29-26 01:24:10 PDT","PC Notebooks & Netbooks","177","","","Gebraucht","","","","","","DE","","",""
"307204775078",Dell Latitude 5490 i5-8350U 16 GB 960 GB SSD 14 Zoll Win11 Pro,,18743468306,"2","FIXED_PRICE","EUR",358.0,,,358.0,"0","","","Sep-29-26 00:24:10 PDT","Oct-29-26 01:24:10 PDT","PC Notebooks & Netbooks","177","","","Gebraucht","","","","","","DE","","",""
"307204775083",Dell Latitude 5490 i5-8350U 32 GB 960 GB SSD 14 Zoll Win11 Pro,,18743472876,"2","FIXED_PRICE","EUR",438.0,,,438.0,"0","","","Sep-29-26 00:24:10 PDT","Oct-29-26 01:24:10 PDT","PC Notebooks & Netbooks","177","","","Gebraucht","","","","","","DE","","",""
"307204775090",Dell Latitude 5490 i5-8350U 32 GB 480 GB SSD 14 Zoll Win11 Pro,,18743474134,"2","FIXED_PRICE","EUR",369.0,,,369.0,"0","","","Sep-29-26 00:24:10 PDT","Oct-29-26 01:24:10 PDT","PC Notebooks & Netbooks","177","","","Gebraucht","","","","","","DE","","",""
"307204775092","Lenovo ThinkPad X13 Yoga Gen 1 i7-10610U 16 GB 256 GB SSD 13,3 Zoll Win11 Pro",,18760641996,"5","FIXED_PRICE","EUR",306.0,,,306.0,"0","","","Sep-29-26 00:24:10 PDT","Oct-29-26 01:24:10 PDT","PC Notebooks & Netbooks","177","","","Gebraucht","","","","","","DE","","",""
"307204775095","Lenovo ThinkPad X13 Yoga Gen 1 i7-10610U 16 GB 480 GB SSD 13,3 Zoll Win11 Pro",,18760649955,"5","FIXED_PRICE","EUR",317.0,,,317.0,"0","","","Sep-29-26 00:24:10 PDT","Oct-29-26 01:24:10 PDT","PC Notebooks & Netbooks","177","","","Gebraucht","","","","","","DE","","",""
"307204775098","Lenovo ThinkPad X13 Yoga Gen 1 i7-10610U 16 GB 256 GB SSD 13,3 Zoll Win11 Pro",,18760629186,"5","FIXED_PRICE","EUR",272.0,,,272.0,"0","","","Sep-29-26 00:24:10 PDT","Oct-29-26 01:24:10 PDT","PC Notebooks & Netbooks","177","","","Gebraucht","","","","","","DE","","",""
"307204775103","Lenovo ThinkPad X13 Yoga Gen 1 i7-10610U 16 GB 960 GB SSD 13,3 Zoll Win11 Pro",,18760657323,"5","FIXED_PRICE","EUR",386.0,,,386.0,"0","1","0","Sep-29-26 00:24:10 PDT","Oct-29-26 01:24:10 PDT","PC Notebooks & Netbooks","177","","","Gebraucht","","","","","","DE","","",""
"307204775107","Lenovo ThinkPad X13 Yoga Gen 1 i7-10610U 16 GB 480 GB SSD 13,3 Zoll Win11 Pro",,18760659366,"5","FIXED_PRICE","EUR",352.0,,,352.0,"0","","","Sep-29-26 00:24:10 PDT","Oct-29-26 01:24:10 PDT","PC Notebooks & Netbooks","177","","","Gebraucht","","","","","","DE","","",""
"307204775110",HP 845 G7 Ryzen 5 PRO 4650U 8 GB 256 GB SSD 14 Zoll Win11 Pro,,18766506738,"2","FIXED_PRICE","EUR",220.0,,,220.0,"0","1","0","Sep-29-26 00:24:10 PDT","Oct-29-26 01:24:10 PDT","PC Notebooks & Netbooks","177","","","Gebraucht","","","","","","DE","","",""
"307204775112","Lenovo ThinkPad X13 Yoga Gen 1 i7-10610U 16 GB 960 GB SSD 13,3 Zoll Win11 Pro",,18760661982,"5","FIXED_PRICE","EUR",420.0,,,420.0,"0","","","Sep-29-26 00:24:10 PDT","Oct-29-26 01:24:10 PDT","PC Notebooks & Netbooks","177","","","Gebraucht","","","","","","DE","","",""
"307204775116",HP Elitebook 845 G7 Ryzen 5 PRO 4650U 16 GB 480 GB SSD 14 Zoll Win11 Pro,,18766561263,"2","FIXED_PRICE","EUR",352.0,,,352.0,"0","","","Sep-29-26 00:24:10 PDT","Oct-29-26 01:24:10 PDT","PC Notebooks & Netbooks","177","","","Gebraucht","","","","","","DE","","",""
"307204775118",HP Elitebook 845 G7 Ryzen 5 PRO 4650U 16 GB 960 GB SSD 14 Zoll Win11 Pro,,18766622765,"2","FIXED_PRICE","EUR",420.0,,,420.0,"0","","","Sep-29-26 00:24:10 PDT","Oct-29-26 01:24:10 PDT","PC Notebooks & Netbooks","177","","","Gebraucht","","","","","","DE","","",""
"307204775119",HP Elitebook 845 G7 Ryzen 5 PRO 4650U 32 GB 480 GB SSD 14 Zoll Win11 Pro,,18766657756,"2","FIXED_PRICE","EUR",432.0,,,432.0,"0","","","Sep-29-26 00:24:10 PDT","Oct-29-26 01:24:10 PDT","PC Notebooks & Netbooks","177","","","Gebraucht","","","","","","DE","","",""
"307204775121",HP Elitebook 845 G7 Ryzen 5 PRO 4650U 32 GB 960 GB SSD 14 Zoll Win11 Pro,,18766635046,"2","FIXED_PRICE","EUR",500.0,,,500.0,"0","","","Sep-29-26 00:24:10 PDT","Oct-29-26 01:24:10 PDT","PC Notebooks & Netbooks","177","","","Gebraucht","","","","","","DE","","",""
"307204775128",HP 845 G7 Ryzen 5 PRO 4650U 16 GB 960 GB SSD 14 Zoll Win11 Pro,,18766700422,"2","FIXED_PRICE","EUR",380.0,,,380.0,"0","","","Sep-29-26 00:24:10 PDT","Oct-29-26 01:24:10 PDT","PC Notebooks & Netbooks","177","","","Gebraucht","","","","","","DE","","",""
"307204775129",HP 845 G7 Ryzen 5 PRO 4650U 16 GB 256 GB SSD 14 Zoll Win11 Pro,,18766676972,"2","FIXED_PRICE","EUR",266.0,,,266.0,"0","","","Sep-29-26 00:24:10 PDT","Oct-29-26 01:24:10 PDT","PC Notebooks & Netbooks","177","","","Gebraucht","","","","","","DE","","",""
"307204775130",HP 845 G7 Ryzen 5 PRO 4650U 16 GB 480 GB SSD 14 Zoll Win11 Pro,,18766689330,"2","FIXED_PRICE","EUR",312.0,,,312.0,"0","","","Sep-29-26 00:24:11 PDT","Oct-29-26 01:24:11 PDT","PC Notebooks & Netbooks","177","","","Gebraucht","","","","","","DE","","",""
"307204775133",HP 845 G7 Ryzen 5 PRO 4650U 32 GB 960 GB SSD 14 Zoll Win11 Pro,,18766716276,"2","FIXED_PRICE","EUR",460.0,,,460.0,"0","","","Sep-29-26 00:24:11 PDT","Oct-29-26 01:24:11 PDT","PC Notebooks & Netbooks","177","","","Gebraucht","","","","","","DE","","",""
"307204775135",HP 845 G7 Ryzen 5 PRO 4650U 32 GB 480 GB SSD 14 Zoll Win11 Pro,,18766711145,"2","FIXED_PRICE","EUR",392.0,,,392.0,"0","","","Sep-29-26 00:24:11 PDT","Oct-29-26 01:24:11 PDT","PC Notebooks & Netbooks","177","","","Gebraucht","","","","","","DE","","",""
"307204775139","Apple MacBook Pro A1707 2017r. i7-7700HQ 16 GB 256 GB SSD 15,6 Zoll",,18770060065,"5","FIXED_PRICE","EUR",317.0,,,317.0,"0","","","Sep-29-26 00:24:11 PDT","Oct-29-26 01:24:11 PDT","Apple Notebooks","111422","","","Gebraucht","","","","","","DE","","",""
"307204775142",Fujitsu Lifebook U748 i7-8650U 8 GB 128 GB SSD 14 Zoll Win11 Pro,,18806137811,"0","FIXED_PRICE","EUR",163.0,,,163.0,"0","","","Sep-29-26 00:24:11 PDT","Oct-29-26 01:24:11 PDT","PC Notebooks & Netbooks","177","","","Gebraucht","","","","","","DE","","",""
"307204775147",Fujitsu Lifebook U748 i7-8650U 16 GB 480 GB SSD 14 Zoll Win11 Pro,,18806195348,"0","FIXED_PRICE","EUR",260.0,,,260.0,"0","","","Sep-29-26 00:24:11 PDT","Oct-29-26 01:24:11 PDT","PC Notebooks & Netbooks","177","","","Gebraucht","","","","","","DE","","",""
"307204775148",Fujitsu Lifebook U748 i7-8650U 16 GB 256 GB SSD 14 Zoll Win11 Pro,,18806156581,"0","FIXED_PRICE","EUR",214.0,,,214.0,"0","","","Sep-29-26 00:24:11 PDT","Oct-29-26 01:24:11 PDT","PC Notebooks & Netbooks","177","","","Gebraucht","","","","","","DE","","",""
"307204775154",Fujitsu Lifebook U748 i7-8650U 16 GB 960 GB SSD 14 Zoll Win11 Pro,,18806203308,"0","FIXED_PRICE","EUR",329.0,,,329.0,"0","","","Sep-29-26 00:24:11 PDT","Oct-29-26 01:24:11 PDT","PC Notebooks & Netbooks","177","","","Gebraucht","","","","","","DE","","",""
"307204775157",Fujitsu Lifebook U748 i7-8650U 32 GB 960 GB SSD 14 Zoll Win11 Pro,,18806210742,"0","FIXED_PRICE","EUR",409.0,,,409.0,"0","","","Sep-29-26 00:24:11 PDT","Oct-29-26 01:24:11 PDT","PC Notebooks & Netbooks","177","","","Gebraucht","","","","","","DE","","",""
"307204775158",Fujitsu Lifebook U748 i7-8650U 32 GB 480 GB SSD 14 Zoll Win11 Pro,,18806206432,"0","FIXED_PRICE","EUR",340.0,,,340.0,"0","","","Sep-29-26 00:24:11 PDT","Oct-29-26 01:24:11 PDT","PC Notebooks & Netbooks","177","","","Gebraucht","","","","","","DE","","",""
"307204775162","HP Probook 450 G5 i5-8250U 8 GB 120 GB SSD 15,6 Zoll Win11 Pro",,18832498007,"0","FIXED_PRICE","EUR",173.0,,,173.0,"0","","","Sep-29-26 00:24:11 PDT","Oct-29-26 01:24:11 PDT","PC Notebooks & Netbooks","177","","","Gebraucht","","","","","","DE","","",""
"307204775163","HP Probook 450 G5 i5-8250U 16 GB 256 GB SSD 15,6 Zoll Win11 Pro",,18832506568,"0","FIXED_PRICE","EUR",226.0,,,226.0,"0","","","Sep-29-26 00:24:11 PDT","Oct-29-26 01:24:11 PDT","PC Notebooks & Netbooks","177","","","Gebraucht","","","","","","DE","","",""
"307204775165",Lenovo ThinkPad T15 GEN1 i5-10210U 16 GB 256 GB SSD 15 Zoll Win11 Pro,,18830618521,"10","FIXED_PRICE","EUR",352.0,,,352.0,"0","","","Sep-29-26 00:24:11 PDT","Oct-29-26 01:24:11 PDT","PC Notebooks & Netbooks","177","","","Gebraucht","","","","","","DE","","",""
"307204775169","HP Probook 450 G5 i5-8250U 16 GB 480 GB SSD 15,6 Zoll Win11 Pro",,18832515319,"0","FIXED_PRICE","EUR",272.0,,,272.0,"0","","","Sep-29-26 00:24:11 PDT","Oct-29-26 01:24:11 PDT","PC Notebooks & Netbooks","177","","","Gebraucht","","","","","","DE","","",""
"307204775172","HP Probook 450 G5 i5-8250U 16 GB 960 GB SSD 15,6 Zoll Win11 Pro",,18832517309,"0","FIXED_PRICE","EUR",340.0,,,340.0,"0","","","Sep-29-26 00:24:11 PDT","Oct-29-26 01:24:11 PDT","PC Notebooks & Netbooks","177","","","Gebraucht","","","","","","DE","","",""
"307204775174","HP Probook 450 G5 i5-8250U 32 GB 960 GB SSD 15,6 Zoll Win11 Pro",,18832519107,"0","FIXED_PRICE","EUR",420.0,,,420.0,"0","","","Sep-29-26 00:24:11 PDT","Oct-29-26 01:24:11 PDT","PC Notebooks & Netbooks","177","","","Gebraucht","","","","","","DE","","",""
"307204775176","HP Probook 450 G5 i5-8250U 16 GB 256 GB SSD 15,6 Zoll Win11 Pro",,18832530837,"0","FIXED_PRICE","EUR",260.0,,,260.0,"0","","","Sep-29-26 00:24:11 PDT","Oct-29-26 01:24:11 PDT","PC Notebooks & Netbooks","177","","","Gebraucht","","","","","","DE","","",""
"307204775180","HP Probook 450 G5 i5-8250U 16 GB 480 GB SSD 15,6 Zoll Win11 Pro",,18832533499,"0","FIXED_PRICE","EUR",306.0,,,306.0,"0","","","Sep-29-26 00:24:11 PDT","Oct-29-26 01:24:11 PDT","PC Notebooks & Netbooks","177","","","Gebraucht","","","","","","DE","","",""
"307204775181","HP Probook 450 G5 i5-8250U 16 GB 960 GB SSD 15,6 Zoll Win11 Pro",,18832544891,"0","FIXED_PRICE","EUR",374.0,,,374.0,"0","","","Sep-29-26 00:24:11 PDT","Oct-29-26 01:24:11 PDT","PC Notebooks & Netbooks","177","","","Gebraucht","","","","","","DE","","",""
"307204775183","HP Probook 450 G5 i5-8250U 32 GB 960 GB SSD 15,6 Zoll Win11 Pro",,18832552122,"0","FIXED_PRICE","EUR",454.0,,,454.0,"0","","","Sep-29-26 00:24:11 PDT","Oct-29-26 01:24:11 PDT","PC Notebooks & Netbooks","177","","","Gebraucht","","","","","","DE","","",""
"307204775191","Panasonic Toughpad FZ-G1 i5-5300U 4 GB 120 GB SSD 10,1 Zoll Win10 Pro",,18835685066,"8","FIXED_PRICE","EUR",135.0,,,135.0,"0","2","0","Sep-29-26 00:24:11 PDT","Oct-29-26 01:24:11 PDT","PC Notebooks & Netbooks","177","","","Gebraucht","","","","","","DE","","",""
"307204775192","Panasonic Toughpad FZ-G1 i5-6300U 4 GB 120 GB SSD 10,1 Zoll Win10 Pro",,18835842380,"5","FIXED_PRICE","EUR",146.0,,,146.0,"0","1","0","Sep-29-26 00:24:11 PDT","Oct-29-26 01:24:11 PDT","PC Notebooks & Netbooks","177","","","Gebraucht","","","","","","DE","","",""
"307204775193","Panasonic Toughpad FZ-G1 i5-5300U 4 GB 120 GB SSD 10,1 Zoll Win10 Pro",,18835888848,"2","FIXED_PRICE","EUR",214.0,,,214.0,"0","1","0","Sep-29-26 00:24:11 PDT","Oct-29-26 01:24:11 PDT","PC Notebooks & Netbooks","177","","","Gebraucht","","","","","","DE","","",""
"307204775200","Panasonic Toughpad FZ-G1 i5-6300U 4 GB 120 GB SSD 10,1 Zoll Win10 Pro",,18835912859,"0","FIXED_PRICE","EUR",232.0,,,232.0,"0","","","Sep-29-26 00:24:11 PDT","Oct-29-26 01:24:11 PDT","PC Notebooks & Netbooks","177","","","Gebraucht","","","","","","DE","","",""
"307204775202",Dell Latitude 7480 i5-6300U 16 GB 256 GB SSD 14 Zoll Win11 Pro,,18870867131,"0","FIXED_PRICE","EUR",180.0,,,180.0,"0","","","Sep-29-26 00:24:11 PDT","Oct-29-26 01:24:11 PDT","PC Notebooks & Netbooks","177","","","Gebraucht","","","","","","DE","","",""
"307204775205",Dell Latitude 7480 i5-6300U 16 GB 480 GB SSD 14 Zoll Win11 Pro,,18870871374,"0","FIXED_PRICE","EUR",226.0,,,226.0,"0","","","Sep-29-26 00:24:12 PDT","Oct-29-26 01:24:12 PDT","PC Notebooks & Netbooks","177","","","Gebraucht","","","","","","DE","","",""
"307204775208",Dell Latitude 7480 i5-6300U 32 GB 960 GB SSD 14 Zoll Win11 Pro,,18870872259,"0","FIXED_PRICE","EUR",374.0,,,374.0,"0","","","Sep-29-26 00:24:12 PDT","Oct-29-26 01:24:12 PDT","PC Notebooks & Netbooks","177","","","Gebraucht","","","","","","DE","","",""
"307204775211",Dell Latitude 7480 i5-6300U 16 GB 256 GB SSD 14 Zoll Win11 Pro,,18870874623,"0","FIXED_PRICE","EUR",203.0,,,203.0,"0","","","Sep-29-26 00:24:12 PDT","Oct-29-26 01:24:12 PDT","PC Notebooks & Netbooks","177","","","Gebraucht","","","","","","DE","","",""
"307204775215",Dell Latitude 7480 i5-6300U 16 GB 480 GB SSD 14 Zoll Win11 Pro,,18870877475,"0","FIXED_PRICE","EUR",249.0,,,249.0,"0","","","Sep-29-26 00:24:12 PDT","Oct-29-26 01:24:12 PDT","PC Notebooks & Netbooks","177","","","Gebraucht","","","","","","DE","","",""
"307204775219",Dell Latitude 7480 i5-6300U 32 GB 960 GB SSD 14 Zoll Win11 Pro,,18870879715,"0","FIXED_PRICE","EUR",397.0,,,397.0,"0","","","Sep-29-26 00:24:12 PDT","Oct-29-26 01:24:12 PDT","PC Notebooks & Netbooks","177","","","Gebraucht","","","","","","DE","","",""
"307204775224","Lenovo ThinkPad T590 i5-8365U 12 GB 256 GB SSD 15,6 Zoll Win11 Pro",,18893376347,"0","FIXED_PRICE","EUR",260.0,,,260.0,"0","","","Sep-29-26 00:24:12 PDT","Oct-29-26 01:24:12 PDT","PC Notebooks & Netbooks","177","","","Gebraucht","","","","","","DE","","",""
"307204775226","Lenovo ThinkPad T590 i5-8365U 16 GB 256 GB SSD 15,6 Zoll Win11 Pro",,18893391043,"0","FIXED_PRICE","EUR",283.0,,,283.0,"0","","","Sep-29-26 00:24:12 PDT","Oct-29-26 01:24:12 PDT","PC Notebooks & Netbooks","177","","","Gebraucht","","","","","","DE","","",""
"307204775231","Lenovo ThinkPad T590 i5-8365U 16 GB 480 GB SSD 15,6 Zoll Win11 Pro",,18893394722,"0","FIXED_PRICE","EUR",329.0,,,329.0,"0","","","Sep-29-26 00:24:12 PDT","Oct-29-26 01:24:12 PDT","PC Notebooks & Netbooks","177","","","Gebraucht","","","","","","DE","","",""
"307204775232","Lenovo ThinkPad T590 i5-8365U 16 GB 960 GB SSD 15,6 Zoll Win11 Pro",,18893398738,"0","FIXED_PRICE","EUR",397.0,,,397.0,"0","","","Sep-29-26 00:24:12 PDT","Oct-29-26 01:24:12 PDT","PC Notebooks & Netbooks","177","","","Gebraucht","","","","","","DE","","",""
"307204775233","Lenovo ThinkPad T590 i5-8365U 24 GB 960 GB SSD 15,6 Zoll Win11 Pro",,18893401347,"0","FIXED_PRICE","EUR",443.0,,,443.0,"0","","","Sep-29-26 00:24:12 PDT","Oct-29-26 01:24:12 PDT","PC Notebooks & Netbooks","177","","","Gebraucht","","","","","","DE","","",""
"307204775237","Lenovo ThinkPad T590 i5-8365U 16 GB 256 GB SSD 15,6 Zoll Win11 Pro",,18893426941,"0","FIXED_PRICE","EUR",317.0,,,317.0,"0","","","Sep-29-26 00:24:12 PDT","Oct-29-26 01:24:12 PDT","PC Notebooks & Netbooks","177","","","Gebraucht","","","","","","DE","","",""
"307204775239","Lenovo ThinkPad T590 i5-8365U 12 GB 256 GB SSD 15,6 Zoll Win11 Pro",,18893418638,"0","FIXED_PRICE","EUR",294.0,,,294.0,"0","","","Sep-29-26 00:24:12 PDT","Oct-29-26 01:24:12 PDT","PC Notebooks & Netbooks","177","","","Gebraucht","","","","","","DE","","",""
"307204775241","Lenovo ThinkPad T590 i5-8365U 16 GB 480 GB SSD 15,6 Zoll Win11 Pro",,18893428586,"0","FIXED_PRICE","EUR",363.0,,,363.0,"0","","","Sep-29-26 00:24:12 PDT","Oct-29-26 01:24:12 PDT","PC Notebooks & Netbooks","177","","","Gebraucht","","","","","","DE","","",""
"307204775243","Lenovo ThinkPad T590 i5-8365U 16 GB 960 GB SSD 15,6 Zoll Win11 Pro",,18893447583,"0","FIXED_PRICE","EUR",432.0,,,432.0,"0","","","Sep-29-26 00:24:12 PDT","Oct-29-26 01:24:12 PDT","PC Notebooks & Netbooks","177","","","Gebraucht","","","","","","DE","","",""
"307204775245","Lenovo ThinkPad T590 i5-8365U 24 GB 960 GB SSD 15,6 Zoll Win11 Pro",,18893453356,"0","FIXED_PRICE","EUR",477.0,,,477.0,"0","","","Sep-29-26 00:24:12 PDT","Oct-29-26 01:24:12 PDT","PC Notebooks & Netbooks","177","","","Gebraucht","","","","","","DE","","",""
"307204775248",HP EliteBook 860 g10 i7-1365U 32 GB 512 GB SSD 16 Zoll Win11 Pro,,18918256336,"0","FIXED_PRICE","EUR",1174.0,,,1174.0,"0","1","0","Sep-29-26 00:24:12 PDT","Oct-29-26 01:24:12 PDT","PC Notebooks & Netbooks","177","","","Gebraucht","","","","","","DE","","",""
"307204775251","HP Zbook 15 G7 i7-10510U 16 GB 256 GB SSD 15,6 Zoll Win11 Pro",,18925428173,"2","FIXED_PRICE","EUR",477.0,,,477.0,"0","","","Sep-29-26 00:24:12 PDT","Oct-29-26 01:24:12 PDT","PC Notebooks & Netbooks","177","","","Gebraucht","","","","","","DE","","",""
"307204775252","HP Zbook 15 G7 i7-10510U 16 GB 480 GB SSD 15,6 Zoll Win11 Pro",,18925485908,"2","FIXED_PRICE","EUR",477.0,,,477.0,"0","","","Sep-29-26 00:24:12 PDT","Oct-29-26 01:24:12 PDT","PC Notebooks & Netbooks","177","","","Gebraucht","","","","","","DE","","",""
"307204775254","HP Zbook 15 G7 i7-10510U 32 GB 1 TB SSD 15,6 Zoll Win11 Pro",,18925517772,"2","FIXED_PRICE","EUR",649.0,,,649.0,"0","","","Sep-29-26 00:24:12 PDT","Oct-29-26 01:24:12 PDT","PC Notebooks & Netbooks","177","","","Gebraucht","","","","","","DE","","",""
"307204775258","HP Zbook 15 G7 i7-10510U 32 GB 256 GB SSD 15,6 Zoll Win11 Pro",,18925525097,"2","FIXED_PRICE","EUR",569.0,,,569.0,"0","","","Sep-29-26 00:24:12 PDT","Oct-29-26 01:24:12 PDT","PC Notebooks & Netbooks","177","","","Gebraucht","","","","","","DE","","",""
"307204775262","HP Zbook 15 G7 i7-10510U 32 GB 480 GB SSD 15,6 Zoll Win11 Pro",,18925547033,"2","FIXED_PRICE","EUR",569.0,,,569.0,"0","","","Sep-29-26 00:24:12 PDT","Oct-29-26 01:24:12 PDT","PC Notebooks & Netbooks","177","","","Gebraucht","","","","","","DE","","",""
"307204775264","HP Zbook 15 G7 i7-10510U 16 GB 256 GB SSD 15,6 Zoll Win11 Pro",,18925604967,"2","FIXED_PRICE","EUR",432.0,,,432.0,"0","","","Sep-29-26 00:24:12 PDT","Oct-29-26 01:24:12 PDT","PC Notebooks & Netbooks","177","","","Gebraucht","","","","","","DE","","",""
"307204775265","HP Zbook 15 G7 i7-10510U 32 GB 256 GB SSD 15,6 Zoll Win11 Pro",,18925583118,"2","FIXED_PRICE","EUR",523.0,,,523.0,"0","","","Sep-29-26 00:24:12 PDT","Oct-29-26 01:24:12 PDT","PC Notebooks & Netbooks","177","","","Gebraucht","","","","","","DE","","",""
"307204775270","HP Zbook 15 G7 i7-10510U 16 GB 1 TB SSD 15,6 Zoll Win11 Pro",,18925613548,"2","FIXED_PRICE","EUR",546.0,,,546.0,"0","","","Sep-29-26 00:24:12 PDT","Oct-29-26 01:24:12 PDT","PC Notebooks & Netbooks","177","","","Gebraucht","","","","","","DE","","",""
"307204775272","HP Zbook 15 G7 i7-10510U 32 GB 1 TB SSD 15,6 Zoll Win11 Pro",,18925650171,"2","FIXED_PRICE","EUR",683.0,,,683.0,"0","","","Sep-29-26 00:24:12 PDT","Oct-29-26 01:24:12 PDT","PC Notebooks & Netbooks","177","","","Gebraucht","","","","","","DE","","",""
"307204775273","HP Zbook 15 G7 i7-10510U 32 GB 480 GB SSD 15,6 Zoll Win11 Pro",,18925646959,"2","FIXED_PRICE","EUR",614.0,,,614.0,"0","","","Sep-29-26 00:24:12 PDT","Oct-29-26 01:24:12 PDT","PC Notebooks & Netbooks","177","","","Gebraucht","","","","","","DE","","",""
"307204775277","HP Zbook 15 G7 i7-10510U 16 GB 1 TB SSD 15,6 Zoll Win11 Pro",,18925669621,"2","FIXED_PRICE","EUR",591.0,,,591.0,"0","","","Sep-29-26 00:24:13 PDT","Oct-29-26 01:24:13 PDT","PC Notebooks & Netbooks","177","","","Gebraucht","","","","","","DE","","",""
"307204775278","HP Zbook 15 G7 i7-10510U 16 GB 480 GB SSD 15,6 Zoll Win11 Pro",,18925657776,"2","FIXED_PRICE","EUR",523.0,,,523.0,"0","","","Sep-29-26 00:24:13 PDT","Oct-29-26 01:24:13 PDT","PC Notebooks & Netbooks","177","","","Gebraucht","","","","","","DE","","",""
"307204775283",Acer TravelMate Spin B118 Intel Celeron N3450 4 GB 64 GB eMMC Win11 Home,,18934072833,"2","FIXED_PRICE","EUR",97.0,,,97.0,"0","","","Sep-29-26 00:24:13 PDT","Oct-29-26 01:24:13 PDT","PC Notebooks & Netbooks","177","","","Gebraucht","","","","","","DE","","",""
"307204775292",Acer TravelMate Spin B311 Intel Celeron N4020 4 GB 128 GB eMMC Win11 Home,,18938266623,"2","FIXED_PRICE","EUR",112.0,,,112.0,"0","1","0","Sep-29-26 00:24:13 PDT","Oct-29-26 01:24:13 PDT","PC Notebooks & Netbooks","177","","","Gebraucht","","","","","","DE","","",""
"307204775293","ASUS BR1100FKA Intel Celeron N5100 4 GB 128 GB eMMC 11,6 Zoll Win11 Home",,18938382332,"2","FIXED_PRICE","EUR",112.0,,,112.0,"0","1","0","Sep-29-26 00:24:13 PDT","Oct-29-26 01:24:13 PDT","PC Notebooks & Netbooks","177","","","Gebraucht","","","","","","DE","","",""
"307204775296",Lenovo Chromebook 300e 2nd gen Intel Celeron 4 GB 32 GB eMMC Win10 Home,,18948519574,"5","FIXED_PRICE","EUR",87.0,,,87.0,"0","","","Sep-29-26 00:24:13 PDT","Oct-29-26 01:24:13 PDT","PC Notebooks & Netbooks","177","","","Gebraucht","","","","","","DE","","",""
"307204775297",Lenovo Chromebook 300e 2nd gen Intel Celeron 4 GB 32 GB eMMC Win10 Home,,18948562989,"5","FIXED_PRICE","EUR",82.0,,,82.0,"0","","","Sep-29-26 00:24:13 PDT","Oct-29-26 01:24:13 PDT","PC Notebooks & Netbooks","177","","","Gebraucht","","","","","","DE","","",""
"307204775301","ASUS Chromebook Flip CR 1100 Intel Celeron 4 GB 32 GB eMMC 11,6 Zoll ChromeOS",,18948616154,"2","FIXED_PRICE","EUR",89.0,,,89.0,"1","0","0","Sep-29-26 00:24:13 PDT","Oct-29-26 01:24:13 PDT","PC Notebooks & Netbooks","177","","","Gebraucht","","","","","","DE","","",""
"307204775302",Lenovo Lenovo ThinkPad X13 Gen 3 i5 i5-1245U 16 GB 256 GB SSD Win11 Pro,,18955482904,"1","FIXED_PRICE","EUR",317.0,,,317.0,"3","7","0","Sep-29-26 00:24:13 PDT","Oct-29-26 01:24:13 PDT","PC Notebooks & Netbooks","177","","","Gebraucht","","","","","","DE","","",""
"307204775305","Lenovo Lenovo ThinkPad X13 Gen 3 i5 i5-1245U 16 GB 1 TB SSD 13,3 Zoll Win11 Pro",,18955564150,"2","FIXED_PRICE","EUR",443.0,,,443.0,"0","","","Sep-29-26 00:24:13 PDT","Oct-29-26 01:24:13 PDT","PC Notebooks & Netbooks","177","","","Gebraucht","","","","","","DE","","",""
"307204775307",Lenovo Lenovo ThinkPad X13 Gen 3 i5 i5-1245U 16 GB 512 GB SSD Win11 Pro,,18955566974,"2","FIXED_PRICE","EUR",363.0,,,363.0,"0","5","0","Sep-29-26 00:24:13 PDT","Oct-29-26 01:24:13 PDT","PC Notebooks & Netbooks","177","","","Gebraucht","","","","","","DE","","",""
"307204775312","Lenovo ThinkPad X13 Gen 2 i5-1145G7 8 GB 256 GB SSD 13,3 Zoll",,18964829775,"5","FIXED_PRICE","EUR",198.0,,,198.0,"0","2","0","Sep-29-26 00:24:13 PDT","Oct-29-26 01:24:13 PDT","PC Notebooks & Netbooks","177","","","Gebraucht","","","","","","DE","","",""
"307204775313","Lenovo ThinkPad X13 Gen 2 i5-1145G7 8 GB 480 GB SSD 13,3 Zoll Win11 Home",,18964843191,"5","FIXED_PRICE","EUR",244.0,,,244.0,"0","","","Sep-29-26 00:24:13 PDT","Oct-29-26 01:24:13 PDT","PC Notebooks & Netbooks","177","","","Gebraucht","","","","","","DE","","",""
"307204775317","Lenovo ThinkPad X13 Gen 2 i5-1145G7 16 GB 256 GB SSD 13,3 Zoll Win11 Home",,18964885128,"5","FIXED_PRICE","EUR",255.0,,,255.0,"2","0","0","Sep-29-26 00:24:13 PDT","Oct-29-26 01:24:13 PDT","PC Notebooks & Netbooks","177","","","Gebraucht","","","","","","DE","","",""
"307204775323","Lenovo ThinkPad X13 Gen 2 i5-1145G7 8 GB 960 GB SSD 13,3 Zoll Win11 Home",,18964847747,"5","FIXED_PRICE","EUR",312.0,,,312.0,"0","","","Sep-29-26 00:24:13 PDT","Oct-29-26 01:24:13 PDT","PC Notebooks & Netbooks","177","","","Gebraucht","","","","","","DE","","",""
"307204775326","Lenovo ThinkPad X13 Gen 2 i5-1145G7 16 GB 480 GB SSD 13,3 Zoll Win11 Home",,18964892834,"5","FIXED_PRICE","EUR",301.0,,,301.0,"0","","","Sep-29-26 00:24:13 PDT","Oct-29-26 01:24:13 PDT","PC Notebooks & Netbooks","177","","","Gebraucht","","","","","","DE","","",""
"307204775328","Lenovo ThinkPad X13 Gen 2 i5-1145G7 16 GB 960 GB SSD 13,3 Zoll Win11 Home",,18964895892,"5","FIXED_PRICE","EUR",369.0,,,369.0,"0","","","Sep-29-26 00:24:13 PDT","Oct-29-26 01:24:13 PDT","PC Notebooks & Netbooks","177","","","Gebraucht","","","","","","DE","","",""
"307204775331","Lenovo ThinkPad X13 Gen 2 i5-1145G7 16 GB 256 GB SSD 13,3 Zoll Win11 Home",,18964898074,"0","FIXED_PRICE","EUR",301.0,,,301.0,"0","","","Sep-29-26 00:24:13 PDT","Oct-29-26 01:24:13 PDT","PC Notebooks & Netbooks","177","","","Gebraucht","","","","","","DE","","",""
"307204775334","Lenovo ThinkPad X13 Gen. 2 i5-1145G7 16 GB 480 GB SSD 13,3 Zoll Win11 Home",,18964903431,"0","FIXED_PRICE","EUR",347.0,,,347.0,"0","","","Sep-29-26 00:24:13 PDT","Oct-29-26 01:24:13 PDT","PC Notebooks & Netbooks","177","","","Gebraucht","","","","","","DE","","",""
"307204775338","Lenovo ThinkPad X13 Gen. 2 i5-1145G7 16 GB 960 GB SSD 13,3 Zoll Win11 Home",,18964906357,"0","FIXED_PRICE","EUR",415.0,,,415.0,"0","","","Sep-29-26 00:24:13 PDT","Oct-29-26 01:24:13 PDT","PC Notebooks & Netbooks","177","","","Gebraucht","","","","","","DE","","",""
"307204775340","HP 430 G5 i5-8250U 8 GB 740 GB SSD+HDD 13,3 Zoll Win10 Pro",,12305983676,"2","FIXED_PRICE","EUR",192.0,,,192.0,"0","","","Sep-29-26 00:24:13 PDT","Oct-29-26 01:24:13 PDT","PC Notebooks & Netbooks","177","","","Gebraucht","","","","","","DE","","",""
"307204775346","Dell Precision 7730 i7-8750H 64 GB 960 GB SSD 17,3 Zoll Win10 Pro",,18465830621,"2","FIXED_PRICE","EUR",964.0,,,964.0,"0","","","Sep-29-26 00:24:13 PDT","Oct-29-26 01:24:13 PDT","PC Notebooks & Netbooks","177","","","Gebraucht","","","","","","DE","","",""
"307204775347",HP EliteBook 845 G8 Ryzen 5 PRO 5650U 16 GB 1024 GB SSD 14 Zoll Win11 Pro,,18468721441,"0","FIXED_PRICE","EUR",443.0,,,443.0,"0","","","Sep-29-26 00:24:13 PDT","Oct-29-26 01:24:13 PDT","PC Notebooks & Netbooks","177","","","Gebraucht","","","","","","DE","","",""
"307204775349","HP ZBook 15 G2 i7-4710MQ 32 GB 256 GB SSD 15,6 Zoll Win10 Pro",,7618740191,"2","FIXED_PRICE","EUR",329.0,,,329.0,"0","","","Sep-29-26 00:24:13 PDT","Oct-29-26 01:24:13 PDT","PC Notebooks & Netbooks","177","","","Gebraucht","","","","","","DE","","",""
"307204794648","Dell Latitude 3310 i3-8145U 8 GB 120 GB SSD 13,3"" Win11 Pro Garanzia",,5015_20260813082256ITT,"0","FIXED_PRICE","EUR",181.0,,,181.0,"0","","","Sep-29-26 00:40:10 PDT","Oct-29-26 01:40:10 PDT","Notebook e portatili","177","","","Usato","","","","","","IT","","",""
"307204794649","Dell Latitude 5590 i7-8650U 16 GB 256 GB SSD 15,6"" Win11 Pro Garanzia",,5417ITT,"2","FIXED_PRICE","EUR",290.0,,,290.0,"0","","","Sep-29-26 00:40:10 PDT","Oct-29-26 01:40:10 PDT","Notebook e portatili","177","","","Usato","","","","","","IT","","",""
"307204794651","Panasonic ToughPad FZ-G1 mk3 i5-5300U 4 GB 120 GB SSD 10,1"" Win10 Pro Garanzia",,10356_20260812092214ITT,"2","FIXED_PRICE","EUR",215.0,,,215.0,"0","3","0","Sep-29-26 00:40:10 PDT","Oct-29-26 01:40:10 PDT","Notebook e portatili","177","","","Usato","","","","","","IT","","",""
"307204794652","Apple MacBook Pro A2141 2019r. i9-9880H 32 GB 1 TB SSD 16"" macOS Garanzia",,6311ITT,"2","FIXED_PRICE","EUR",730.0,,,730.0,"0","0","0","Sep-29-26 00:40:10 PDT","Oct-29-26 01:40:10 PDT","Laptop, portatili Apple","111422","","","Usato","","","","","","IT","","",""
"307204794653","HP ZBook Firefly 15 G7 i7-10510U 16 GB 256 GB SSD 15,6"" Win11 Pro Garanzia",,10406ITT,"2","FIXED_PRICE","EUR",433.0,,,433.0,"0","","","Sep-29-26 00:40:10 PDT","Oct-29-26 01:40:10 PDT","Notebook e portatili","177","","","Usato","","","","","","IT","","",""
"307204794655","HP ZBook 15u G3 i7-6500U 32 GB 1012 GB SSD+HDD 15,6"" Win10 Pro Garanzia",,15563568256ITT,"2","FIXED_PRICE","EUR",327.0,,,327.0,"0","","","Sep-29-26 00:40:10 PDT","Oct-29-26 01:40:10 PDT","Notebook e portatili","177","","","Usato","","","","","","IT","","",""
"307204794656","Dell Precision 7750 i7 i7-10850H 32 GB 512 GB SSD 17,3"" Win11 Pro Garanzia",,17264564952ITT,"2","FIXED_PRICE","EUR",1109.0,,,1109.0,"0","","","Sep-29-26 00:40:10 PDT","Oct-29-26 01:40:10 PDT","Notebook e portatili","177","","","Usato","","","","","","IT","","",""
"307204794659","HP HP EliteBook 830 G7 i5-10310U 32 GB 960 GB SSD 13,3"" Win11 Pro Garanzia",,17643048194ITT,"2","FIXED_PRICE","EUR",373.0,,,373.0,"0","","","Sep-29-26 00:40:10 PDT","Oct-29-26 01:40:10 PDT","Notebook e portatili","177","","","Usato","","","","","","IT","","",""
"307204794660","Dell Latitude 5510 i5-10310U 32 GB 960 GB SSD 15,6"" Win10 Pro Garanzia",,15977841616ITT,"2","FIXED_PRICE","EUR",570.0,,,570.0,"0","","","Sep-29-26 00:40:10 PDT","Oct-29-26 01:40:10 PDT","Notebook e portatili","177","","","Usato","","","","","","IT","","",""
"307204794661","Dell Latitude 5510 i5-10310U 32 GB 480 GB SSD 15,6"" Win10 Pro Garanzia",,15977831126ITT,"2","FIXED_PRICE","EUR",501.0,,,501.0,"0","","","Sep-29-26 00:40:10 PDT","Oct-29-26 01:40:10 PDT","Notebook e portatili","177","","","Usato","","","","","","IT","","",""
"307204794662","Dell Latitude 5510 i5-10310U 16 GB 960 GB SSD 15,6"" Win10 Pro Garanzia",,15977887759ITT,"2","FIXED_PRICE","EUR",490.0,,,490.0,"0","","","Sep-29-26 00:40:10 PDT","Oct-29-26 01:40:10 PDT","Notebook e portatili","177","","","Usato","","","","","","IT","","",""
"307204794663","HP HP EliteBook 830 G7 i5-10310U 32 GB 480 GB SSD 13,3"" Win11 Pro Garanzia",,17643049910ITT,"2","FIXED_PRICE","EUR",355.0,,,355.0,"0","","","Sep-29-26 00:40:10 PDT","Oct-29-26 01:40:10 PDT","Notebook e portatili","177","","","Usato","","","","","","IT","","",""
"307204794664","HP HP EliteBook 830 G7 i5-10310U 16 GB 960 GB SSD 13,3"" Win11 Pro Garanzia",,17643046710ITT,"2","FIXED_PRICE","EUR",323.0,,,323.0,"0","","","Sep-29-26 00:40:10 PDT","Oct-29-26 01:40:10 PDT","Notebook e portatili","177","","","Usato","","","","","","IT","","",""
"307204794665","HP HP EliteBook 830 G7 i5-10310U 16 GB 960 GB SSD 13,3"" Win11 Pro Garanzia",,17643077877ITT,"2","FIXED_PRICE","EUR",357.0,,,357.0,"0","","","Sep-29-26 00:40:10 PDT","Oct-29-26 01:40:10 PDT","Notebook e portatili","177","","","Usato","","","","","","IT","","",""
"307204794667","HP HP EliteBook 830 G7 i5-10310U 32 GB 256 GB SSD 13,3"" Win11 Pro Garanzia",,17643052431ITT,"2","FIXED_PRICE","EUR",316.0,,,316.0,"0","","","Sep-29-26 00:40:10 PDT","Oct-29-26 01:40:10 PDT","Notebook e portatili","177","","","Usato","","","","","","IT","","",""
"307204794668","HP HP EliteBook 830 G7 i5-10310U 32 GB 960 GB SSD 13,3"" Win11 Pro Garanzia",,17643101728ITT,"2","FIXED_PRICE","EUR",407.0,,,407.0,"0","","","Sep-29-26 00:40:10 PDT","Oct-29-26 01:40:10 PDT","Notebook e portatili","177","","","Usato","","","","","","IT","","",""
"307204794669","HP HP EliteBook 830 G7 i5-10310U 16 GB 480 GB SSD 13,3"" Win11 Pro Garanzia",,17643060877ITT,"2","FIXED_PRICE","EUR",339.0,,,339.0,"0","","","Sep-29-26 00:40:10 PDT","Oct-29-26 01:40:10 PDT","Notebook e portatili","177","","","Usato","","","","","","IT","","",""
"307204794670","HP HP EliteBook 830 G7 i5-10310U 32 GB 256 GB SSD 13,3"" Win11 Pro Garanzia",,17643130098ITT,"2","FIXED_PRICE","EUR",350.0,,,350.0,"0","","","Sep-29-26 00:40:10 PDT","Oct-29-26 01:40:10 PDT","Notebook e portatili","177","","","Usato","","","","","","IT","","",""
"307204794671","Dell Latitude 7410 i5-10310U 8 GB 256 GB SSD 14"" Win11 Pro Garanzia",,17760464389ITT,"2","FIXED_PRICE","EUR",250.0,,,250.0,"0","","","Sep-29-26 00:40:10 PDT","Oct-29-26 01:40:10 PDT","Notebook e portatili","177","","","Usato","","","","","","IT","","",""
"307204794672","Dell Latitude 7410 i5-10310U 8 GB 480 GB SSD 14"" Win11 Pro Garanzia",,17760473913ITT,"2","FIXED_PRICE","EUR",289.0,,,289.0,"0","","","Sep-29-26 00:40:10 PDT","Oct-29-26 01:40:10 PDT","Notebook e portatili","177","","","Usato","","","","","","IT","","",""
"307204794673","Dell Precision 7530 i5-8400H 16 GB 256 GB SSD 15,6"" Win11 Pro Garanzia",,18016761644ITT,"2","FIXED_PRICE","EUR",364.0,,,364.0,"0","1","0","Sep-29-26 00:40:10 PDT","Oct-29-26 01:40:10 PDT","Notebook e portatili","177","","","Usato","","","","","","IT","","",""
"307204794674","Dell Latitude 7410 i5-10310U 8 GB 960 GB SSD 14"" Win11 Pro Garanzia",,17760475449ITT,"2","FIXED_PRICE","EUR",307.0,,,307.0,"0","","","Sep-29-26 00:40:10 PDT","Oct-29-26 01:40:10 PDT","Notebook e portatili","177","","","Usato","","","","","","IT","","",""
"307204794675","Dell Latitude 5420 i5-1135G7 16 GB 480 GB SSD 14"" Win11 Pro Garanzia",,18062905434ITT,"2","FIXED_PRICE","EUR",350.0,,,350.0,"0","","","Sep-29-26 00:40:10 PDT","Oct-29-26 01:40:10 PDT","Notebook e portatili","177","","","Usato","","","","","","IT","","",""
"307204794676","Dell Latitude 5420 i5-1135G7 16 GB 256 GB SSD 14"" Win11 Pro Garanzia",,18062877382ITT,"2","FIXED_PRICE","EUR",311.0,,,311.0,"0","","","Sep-29-26 00:40:10 PDT","Oct-29-26 01:40:10 PDT","Notebook e portatili","177","","","Usato","","","","","","IT","","",""
"307204794677","Dell Latitude 5420 i5-1135G7 16 GB 960 GB SSD 14"" Win11 Pro Garanzia",,18062968018ITT,"2","FIXED_PRICE","EUR",369.0,,,369.0,"0","","","Sep-29-26 00:40:10 PDT","Oct-29-26 01:40:10 PDT","Notebook e portatili","177","","","Usato","","","","","","IT","","",""
"307204794679","Dell Dell XPS 13 7390 i5-10210U 8 GB 960 GB SSD 13,3"" Win11 Pro Garanzia",,18179514202ITT,"2","FIXED_PRICE","EUR",318.0,,,318.0,"0","","","Sep-29-26 00:40:10 PDT","Oct-29-26 01:40:10 PDT","Notebook e portatili","177","","","Usato","","","","","","IT","","",""
"307204794680","Dell Latitude 5420 i5-1135G7 32 GB 960 GB SSD 14"" Win11 Pro Garanzia",,18063029785ITT,"2","FIXED_PRICE","EUR",419.0,,,419.0,"0","","","Sep-29-26 00:40:10 PDT","Oct-29-26 01:40:10 PDT","Notebook e portatili","177","","","Usato","","","","","","IT","","",""
"307204794681","Dell Dell XPS 13 7390 i5-10210U 8 GB 480 GB SSD 13,3"" Win11 Pro Garanzia",,18179510415ITT,"2","FIXED_PRICE","EUR",295.0,,,295.0,"0","","","Sep-29-26 00:40:10 PDT","Oct-29-26 01:40:10 PDT","Notebook e portatili","177","","","Usato","","","","","","IT","","",""
"307204794682",Lenovo ThinkPad L14 Gen1 Ryzen 5 PRO 4650U 16 GB 256 GB SSD Win11 Pro Garanzia,,18255903176ITT,"0","FIXED_PRICE","EUR",244.0,,,244.0,"0","","","Sep-29-26 00:40:10 PDT","Oct-29-26 01:40:10 PDT","Notebook e portatili","177","","","Usato","","","","","","IT","","",""
"307204794683","HP ZBook 15u G3 i7-6500U 8 GB 256 GB SSD 15,6"" Win11 Pro Garanzia",,18428191022ITT,"2","FIXED_PRICE","EUR",176.0,,,176.0,"0","","","Sep-29-26 00:40:10 PDT","Oct-29-26 01:40:10 PDT","Notebook e portatili","177","","","Usato","","","","","","IT","","",""
"307204794684","Dell Latitude 5510 i5-10310U 16 GB 480 GB SSD 15,6"" Win11 Pro Garanzia",,18428411385ITT,"2","FIXED_PRICE","EUR",387.0,,,387.0,"0","","","Sep-29-26 00:40:10 PDT","Oct-29-26 01:40:10 PDT","Notebook e portatili","177","","","Usato","","","","","","IT","","",""
"307204794685","HP ProBook 640 G5 i5-8365U 8 GB 120 GB SSD 14"" Win11 Pro Garanzia",,18291943291ITT,"2","FIXED_PRICE","EUR",164.0,,,164.0,"0","1","0","Sep-29-26 00:40:10 PDT","Oct-29-26 01:40:10 PDT","Notebook e portatili","177","","","Usato","","","","","","IT","","",""
"307204794686","Dell Latitude 5510 i5-10310U 32 GB 960 GB SSD 15,6"" Win11 Pro Garanzia",,18428417677ITT,"2","FIXED_PRICE","EUR",535.0,,,535.0,"0","","","Sep-29-26 00:40:10 PDT","Oct-29-26 01:40:10 PDT","Notebook e portatili","177","","","Usato","","","","","","IT","","",""
"307204794687","Dell Latitude 5510 i5-10310U 16 GB 960 GB SSD 15,6"" Win11 Pro Garanzia",,18428414975ITT,"2","FIXED_PRICE","EUR",455.0,,,455.0,"0","","","Sep-29-26 00:40:10 PDT","Oct-29-26 01:40:10 PDT","Notebook e portatili","177","","","Usato","","","","","","IT","","",""
"307204794688","HP EliteBook 850 G6 i5-8365U 16 GB 960 GB SSD 15,6"" Win11 Pro Garanzia",,18444626524ITT,"2","FIXED_PRICE","EUR",433.0,,,433.0,"0","","","Sep-29-26 00:40:10 PDT","Oct-29-26 01:40:10 PDT","Notebook e portatili","177","","","Usato","","","","","","IT","","",""
"307204794689","HP EliteBook 850 G6 i5-8365U 32 GB 480 GB SSD 15,6"" Win11 Pro Garanzia",,18444632921ITT,"2","FIXED_PRICE","EUR",444.0,,,444.0,"0","","","Sep-29-26 00:40:10 PDT","Oct-29-26 01:40:10 PDT","Notebook e portatili","177","","","Usato","","","","","","IT","","",""
"307204794690","HP EliteBook 850 G6 i5-8365U 32 GB 960 GB SSD 15,6"" Win11 Pro Garanzia",,18444636905ITT,"2","FIXED_PRICE","EUR",512.0,,,512.0,"0","","","Sep-29-26 00:40:10 PDT","Oct-29-26 01:40:10 PDT","Notebook e portatili","177","","","Usato","","","","","","IT","","",""
"307204794691","HP EliteBook 850 G6 i5-8365U 32 GB 256 GB SSD 15,6"" Win11 Pro Garanzia",,18444630986ITT,"2","FIXED_PRICE","EUR",398.0,,,398.0,"0","","","Sep-29-26 00:40:11 PDT","Oct-29-26 01:40:11 PDT","Notebook e portatili","177","","","Usato","","","","","","IT","","",""
"307204794692","Dell Precision 7750 i7 i7-10850H 32 GB 512 GB SSD 17,3"" Win11 Pro Garanzia",,18447828066ITT,"2","FIXED_PRICE","EUR",1063.0,,,1063.0,"0","","","Sep-29-26 00:40:11 PDT","Oct-29-26 01:40:11 PDT","Notebook e portatili","177","","","Usato","","","","","","IT","","",""
"307204794693","Dell Dell Precision 7740 i7-9850H 16 GB 256 GB SSD 17,3"" Win11 Pro Garanzia",,18447814422ITT,"2","FIXED_PRICE","EUR",716.0,,,716.0,"0","","","Sep-29-26 00:40:11 PDT","Oct-29-26 01:40:11 PDT","Notebook e portatili","177","","","Usato","","","","","","IT","","",""
"307204794694",Lenovo ThinkPad T14 Gen 2 Ryzen 5 PRO 5650U 16 GB 1 TB SSD Win11 Pro Garanzia,,18577668156ITT,"2","FIXED_PRICE","EUR",438.0,,,438.0,"1","2","0","Sep-29-26 00:40:11 PDT","Oct-29-26 01:40:11 PDT","Notebook e portatili","177","","","Usato","","","","","","IT","","",""
"307204794695","Dell Precision 7520 i7-6820HQ 16 GB 256 GB SSD 15,6"" Win11 Pro Garanzia",,18560371564ITT,"0","FIXED_PRICE","EUR",295.0,,,295.0,"0","","","Sep-29-26 00:40:11 PDT","Oct-29-26 01:40:11 PDT","Notebook e portatili","177","","","Usato","","","","","","IT","","",""
"307204794696","Dell Precision 7750 i7 i7-10850H 32 GB 256 GB SSD 17,3"" Win11 Pro Garanzia",,18447832565ITT,"2","FIXED_PRICE","EUR",1017.0,,,1017.0,"0","","","Sep-29-26 00:40:11 PDT","Oct-29-26 01:40:11 PDT","Notebook e portatili","177","","","Usato","","","","","","IT","","",""
"307204794697","HP 845 G7 Ryzen 5 PRO 4650U 8 GB 256 GB SSD 14"" Win11 Pro Garanzia",,18566529697ITT,"2","FIXED_PRICE","EUR",261.0,,,261.0,"0","","","Sep-29-26 00:40:11 PDT","Oct-29-26 01:40:11 PDT","Notebook e portatili","177","","","Usato","","","","","","IT","","",""
"307204794698",Lenovo ThinkPad T14 Gen 2 Ryzen 5 PRO 5650U 16 GB 1 TB SSD Win11 Pro Garanzia,,18577612644ITT,"2","FIXED_PRICE","EUR",461.0,,,461.0,"0","1","0","Sep-29-26 00:40:11 PDT","Oct-29-26 01:40:11 PDT","Notebook e portatili","177","","","Usato","","","","","","IT","","",""
"307204794699","Microsoft Pro 7 (1866) i5-1035G4 8 GB 256 GB SSD 12,3"" Win11 Pro Garanzia",,18640021359ITT,"2","FIXED_PRICE","EUR",318.0,,,318.0,"0","","","Sep-29-26 00:40:11 PDT","Oct-29-26 01:40:11 PDT","Notebook e portatili","177","","","Usato","","","","","","IT","","",""
"307204794700","Lenovo ThinkPad L14 Gen 1 Ryzen 5 4500U 8 GB 256 GB SSD 14"" Win11 Home Garanzia",,18678706527ITT,"0","FIXED_PRICE","EUR",193.0,,,193.0,"0","","","Sep-29-26 00:40:11 PDT","Oct-29-26 01:40:11 PDT","Notebook e portatili","177","","","Usato","","","","","","IT","","",""
"307204794701","Lenovo ThinkPad L14 Gen 1 Ryzen 5 4500U 8 GB 120 GB SSD 14"" Win11 Home Garanzia",,18678680865ITT,"0","FIXED_PRICE","EUR",204.0,,,204.0,"0","","","Sep-29-26 00:40:11 PDT","Oct-29-26 01:40:11 PDT","Notebook e portatili","177","","","Usato","","","","","","IT","","",""
"307204794702","Lenovo ThinkPad L14 Gen 1 Ryzen 5 4500U 8 GB 256 GB SSD 14"" Win11 Home Garanzia",,18678694834ITT,"0","FIXED_PRICE","EUR",215.0,,,215.0,"0","","","Sep-29-26 00:40:11 PDT","Oct-29-26 01:40:11 PDT","Notebook e portatili","177","","","Usato","","","","","","IT","","",""
"307204794703","HP Elitebook 845 G7 Ryzen 5 PRO 4650U 16 GB 480 GB SSD 14"" Win11 Pro Garanzia",,18766561263ITT,"2","FIXED_PRICE","EUR",353.0,,,353.0,"0","","","Sep-29-26 00:40:11 PDT","Oct-29-26 01:40:11 PDT","Notebook e portatili","177","","","Usato","","","","","","IT","","",""
"307204794704","HP Elitebook 845 G7 Ryzen 5 PRO 4650U 16 GB 960 GB SSD 14"" Win11 Pro Garanzia",,18766622765ITT,"2","FIXED_PRICE","EUR",421.0,,,421.0,"0","","","Sep-29-26 00:40:11 PDT","Oct-29-26 01:40:11 PDT","Notebook e portatili","177","","","Usato","","","","","","IT","","",""
"307204794705","HP Elitebook 845 G7 Ryzen 5 PRO 4650U 32 GB 960 GB SSD 14"" Win11 Pro Garanzia",,18766635046ITT,"2","FIXED_PRICE","EUR",501.0,,,501.0,"0","","","Sep-29-26 00:40:11 PDT","Oct-29-26 01:40:11 PDT","Notebook e portatili","177","","","Usato","","","","","","IT","","",""
"307204794706","HP Elitebook 845 G7 Ryzen 5 PRO 4650U 32 GB 480 GB SSD 14"" Win11 Pro Garanzia",,18766657756ITT,"2","FIXED_PRICE","EUR",433.0,,,433.0,"0","","","Sep-29-26 00:40:11 PDT","Oct-29-26 01:40:11 PDT","Notebook e portatili","177","","","Usato","","","","","","IT","","",""
"307204794707","HP 845 G7 Ryzen 5 PRO 4650U 16 GB 256 GB SSD 14"" Win11 Pro Garanzia",,18766676972ITT,"2","FIXED_PRICE","EUR",267.0,,,267.0,"0","","","Sep-29-26 00:40:11 PDT","Oct-29-26 01:40:11 PDT","Notebook e portatili","177","","","Usato","","","","","","IT","","",""
"307204794708","HP 845 G7 Ryzen 5 PRO 4650U 16 GB 480 GB SSD 14"" Win11 Pro Garanzia",,18766689330ITT,"2","FIXED_PRICE","EUR",313.0,,,313.0,"0","","","Sep-29-26 00:40:11 PDT","Oct-29-26 01:40:11 PDT","Notebook e portatili","177","","","Usato","","","","","","IT","","",""
"307204794709","HP 845 G7 Ryzen 5 PRO 4650U 32 GB 480 GB SSD 14"" Win11 Pro Garanzia",,18766711145ITT,"2","FIXED_PRICE","EUR",393.0,,,393.0,"0","","","Sep-29-26 00:40:11 PDT","Oct-29-26 01:40:11 PDT","Notebook e portatili","177","","","Usato","","","","","","IT","","",""
"307204794710","HP 845 G7 Ryzen 5 PRO 4650U 16 GB 960 GB SSD 14"" Win11 Pro Garanzia",,18766700422ITT,"2","FIXED_PRICE","EUR",381.0,,,381.0,"0","","","Sep-29-26 00:40:11 PDT","Oct-29-26 01:40:11 PDT","Notebook e portatili","177","","","Usato","","","","","","IT","","",""
"307204794711","HP 845 G7 Ryzen 5 PRO 4650U 32 GB 960 GB SSD 14"" Win11 Pro Garanzia",,18766716276ITT,"2","FIXED_PRICE","EUR",461.0,,,461.0,"0","","","Sep-29-26 00:40:11 PDT","Oct-29-26 01:40:11 PDT","Notebook e portatili","177","","","Usato","","","","","","IT","","",""
"307204794712","Panasonic Toughpad FZ-G1 i5-5300U 4 GB 120 GB SSD 10,1"" Win10 Pro Garanzia",,18835888848ITT,"2","FIXED_PRICE","EUR",215.0,,,215.0,"0","","","Sep-29-26 00:40:11 PDT","Oct-29-26 01:40:11 PDT","Notebook e portatili","177","","","Usato","","","","","","IT","","",""
"307204794713",Lenovo Lenovo ThinkPad X13 Gen 3 i5 i5-1245U 16 GB 512 GB SSD Win11 Pro Garanzia,,18955566974ITT,"2","FIXED_PRICE","EUR",364.0,,,364.0,"0","1","0","Sep-29-26 00:40:11 PDT","Oct-29-26 01:40:11 PDT","Notebook e portatili","177","","","Usato","","","","","","IT","","",""
"307204794714",Lenovo Lenovo ThinkPad X13 Gen 3 i5 i5-1245U 16 GB 1 TB SSD Win11 Pro Garanzia,,18955564150ITT,"2","FIXED_PRICE","EUR",444.0,,,444.0,"0","","","Sep-29-26 00:40:11 PDT","Oct-29-26 01:40:11 PDT","Notebook e portatili","177","","","Usato","","","","","","IT","","",""
"307204794717","Dell Latitude 7480 i5-6300U 8 GB 256 GB SSD 14"" Win11 Pro Garanzia",,5847ITT,"0","FIXED_PRICE","EUR",158.0,,,158.0,"0","","","Sep-29-26 00:40:11 PDT","Oct-29-26 01:40:11 PDT","Notebook e portatili","177","","","Usato","","","","","","IT","","",""
"307204794719",Lenovo Lenovo ThinkPad X13 Gen 3 i5 i5-1245U 16 GB 256 GB SSD Win11 Pro Garanzia,,18955482904ITT,"2","FIXED_PRICE","EUR",318.0,,,318.0,"0","","","Sep-29-26 00:40:11 PDT","Oct-29-26 01:40:11 PDT","Notebook e portatili","177","","","Usato","","","","","","IT","","",""
"307204794721","Dell Latitude 5490 i5-8350U 8 GB 256 GB SSD 14"" Win11 Pro Garanzia",,4139ITT,"2","FIXED_PRICE","EUR",170.0,,,170.0,"0","","","Sep-29-26 00:40:11 PDT","Oct-29-26 01:40:11 PDT","Notebook e portatili","177","","","Usato","","","","","","IT","","",""
"307204794722","HP ZBook 15 G2 i7-4700MQ 16 GB 480 GB SSD 15,6"" Win10 Pro Garanzia",,6133ITT,"2","FIXED_PRICE","EUR",305.0,,,305.0,"0","","","Sep-29-26 00:40:11 PDT","Oct-29-26 01:40:11 PDT","Notebook e portatili","177","","","Usato","","","","","","IT","","",""
"307204794723","Dell Precision 7760 i7-11850H 32 GB 512 GB SSD 17,3"" Win11 Pro Garanzia",,17529982492_20250728134453ITT,"1","FIXED_PRICE","EUR",1081.0,,,1081.0,"0","","","Sep-29-26 00:40:11 PDT","Oct-29-26 01:40:11 PDT","Notebook e portatili","177","","","Usato","","","","","","IT","","",""
"307204794724","Dell Latitude 7480 i5-6300U 8 GB 256 GB SSD 14"" Win11 Pro Garanzia",,5847_20251031095319ITT,"0","FIXED_PRICE","EUR",136.0,,,136.0,"0","","","Sep-29-26 00:40:11 PDT","Oct-29-26 01:40:11 PDT","Notebook e portatili","177","","","Usato","","","","","","IT","","",""
"307204794725","Dell Latitude 5490 i5-8350U 8 GB 256 GB SSD 14"" Win11 Pro Garanzia",,18743355682ITT,"2","FIXED_PRICE","EUR",199.0,,,199.0,"0","","","Sep-29-26 00:40:11 PDT","Oct-29-26 01:40:11 PDT","Notebook e portatili","177","","","Usato","","","","","","IT","","",""
"307204794727",HP Chromebook x360 11 G4 EE Intel Celeron N5100 8 GB 64 GB ChromeOS Garanzia,,17891169915ITT,"2","FIXED_PRICE","EUR",113.0,,,113.0,"0","","","Sep-29-26 00:40:11 PDT","Oct-29-26 01:40:11 PDT","Notebook e portatili","177","","","Usato","","","","","","IT","","",""
"307204794729","HP EliteBook 745 G5 Ryzen 7 2700 16 GB 256 GB SSD 14"" Win11 Pro Garanzia",,14803361142ITT,"2","FIXED_PRICE","EUR",215.0,,,215.0,"0","","","Sep-29-26 00:40:11 PDT","Oct-29-26 01:40:11 PDT","Notebook e portatili","177","","","Usato","","","","","","IT","","",""
"307204794730","HP ProBook 440 G6 i5-8265U 8 GB 120 GB SSD 14"" Win11 Pro Garanzia",,3939_20250731091621ITT,"2","FIXED_PRICE","EUR",170.0,,,170.0,"0","","","Sep-29-26 00:40:11 PDT","Oct-29-26 01:40:11 PDT","Notebook e portatili","177","","","Usato","","","","","","IT","","",""
"307204794731","HP ProBook 430 G5 i5-8250U 8 GB 240 GB SSD 13,3"" Win10 Pro Garanzia",,6199ITT,"2","FIXED_PRICE","EUR",170.0,,,170.0,"0","","","Sep-29-26 00:40:11 PDT","Oct-29-26 01:40:11 PDT","Notebook e portatili","177","","","Usato","","","","","","IT","","",""
"307204794732","HP EliteBook 745 G6 Ryzen 7 PRO 3700U 8 GB 256 GB SSD 14"" Win11 Pro Garanzia",,17578270987ITT,"2","FIXED_PRICE","EUR",227.0,,,227.0,"0","0","0","Sep-29-26 00:40:11 PDT","Oct-29-26 01:40:11 PDT","Notebook e portatili","177","","","Usato","","","","","","IT","","",""
"307204794733","HP ProBook 450 G5 i5-8250U 8 GB 256 GB SSD 15,6"" Win11 Pro Garanzia",,17570806481_20260811071523ITT,"0","FIXED_PRICE","EUR",215.0,,,215.0,"0","","","Sep-29-26 00:40:11 PDT","Oct-29-26 01:40:11 PDT","Notebook e portatili","177","","","Usato","","","","","","IT","","",""
"307204794734","Dell Latitude E5570 i7-6820HQ 8 GB 256 GB SSD 15,6"" Win11 Pro Garanzia",,4103_20251103123022ITT,"2","FIXED_PRICE","EUR",261.0,,,261.0,"0","","","Sep-29-26 00:40:11 PDT","Oct-29-26 01:40:11 PDT","Notebook e portatili","177","","","Usato","","","","","","IT","","",""
"307204794735","Fujitsu Lifebook U749 i7-8665U 32 GB 960 GB SSD 14"" Win10 Pro Garanzia",,17293726097ITT,"0","FIXED_PRICE","EUR",373.0,,,373.0,"0","","","Sep-29-26 00:40:11 PDT","Oct-29-26 01:40:11 PDT","Notebook e portatili","177","","","Usato","","","","","","IT","","",""
"307204794736","Dell Precision 7520 i7-6820HQ 64 GB 960 GB SSD 15,6"" Win10 Pro Garanzia",,14524134569ITT,"0","FIXED_PRICE","EUR",565.0,,,565.0,"0","","","Sep-29-26 00:40:11 PDT","Oct-29-26 01:40:11 PDT","Notebook e portatili","177","","","Usato","","","","","","IT","","",""
"307204794737","HP ProBook 650 G2 i5-6200U 16 GB 256 GB SSD 15,6"" Win11 Pro Garanzia",,18120520256ITT,"2","FIXED_PRICE","EUR",186.0,,,186.0,"0","","","Sep-29-26 00:40:11 PDT","Oct-29-26 01:40:11 PDT","Notebook e portatili","177","","","Usato","","","","","","IT","","",""
"307204794738","Fujitsu Lifebook U749 i7-8665U 16 GB 256 GB SSD 14"" Win10/11 Pro Garanzia",,17293710113ITT,"0","FIXED_PRICE","EUR",266.0,,,266.0,"0","","","Sep-29-26 00:40:11 PDT","Oct-29-26 01:40:11 PDT","Notebook e portatili","177","","","Usato","","","","","","IT","","",""
"307204794739",Dell OptiPlex 7050 i3-6100T 8 GB 256 GB SSD Win11 Pro Garanzia,,5460_20260403122309ITT,"2","FIXED_PRICE","EUR",113.0,,,113.0,"0","","","Sep-29-26 00:40:11 PDT","Oct-29-26 01:40:11 PDT","Desktop PC","179","","","Usato","","","","","","IT","","",""
"307204794740","HP EliteBook 840 G5 i5-8350U 8 GB 256 GB SSD 14"" Win10 Pro Garanzia",,15120782369ITT,"2","FIXED_PRICE","EUR",193.0,,,193.0,"0","","","Sep-29-26 00:40:11 PDT","Oct-29-26 01:40:11 PDT","Notebook e portatili","177","","","Usato","","","","","","IT","","",""
"307204794742","Dell Latitude 5500 i5-8265U 8 GB 240 GB SSD 15,6"" Win11 Pro Garanzia",,6222_20260617120719ITT,"0","FIXED_PRICE","EUR",204.0,,,204.0,"0","","","Sep-29-26 00:40:11 PDT","Oct-29-26 01:40:11 PDT","Notebook e portatili","177","","","Usato","","","","","","IT","","",""
"307204794743","HP ProBook 430 G5 i5-8250U 8 GB 240 GB SSD 13,3"" Win10 Pro Garanzia",,6113ITT,"0","FIXED_PRICE","EUR",193.0,,,193.0,"0","","","Sep-29-26 00:40:11 PDT","Oct-29-26 01:40:11 PDT","Notebook e portatili","177","","","Usato","","","","","","IT","","",""
"307204794744","HP EliteBook 745 G6 Ryzen 7 PRO 3700U 8 GB 256 GB SSD 14"" Win11 Pro Garanzia",,17578283219ITT,"2","FIXED_PRICE","EUR",199.0,,,199.0,"0","1","0","Sep-29-26 00:40:11 PDT","Oct-29-26 01:40:11 PDT","Notebook e portatili","177","","","Usato","","","","","","IT","","",""
"307204794745","HP ZBook 15 G2 i5-4300M 16 GB 240 GB SSD 15,6"" Win10 Pro Garanzia",,4908ITT,"1","FIXED_PRICE","EUR",209.0,,,209.0,"0","","","Sep-29-26 00:40:11 PDT","Oct-29-26 01:40:11 PDT","Notebook e portatili","177","","","Usato","","","","","","IT","","",""
"307204794746","HP ProBook 640 G5 i5-8365U 16 GB 256 GB SSD 14"" Win10 Pro Garanzia",,16646442267ITT,"2","FIXED_PRICE","EUR",220.0,,,220.0,"0","","","Sep-29-26 00:40:11 PDT","Oct-29-26 01:40:11 PDT","Notebook e portatili","177","","","Usato","","","","","","IT","","",""
"307204794749",Logic Gaming-PC Ryzen 7 5700X 32 GB 1 TB SSD Win11 Home Garanzia,,10362RyzenITT,"2","FIXED_PRICE","EUR",1256.0,,,1256.0,"0","","","Sep-29-26 00:40:12 PDT","Oct-29-26 01:40:12 PDT","Desktop PC","179","","","Nuovo","","","","","","IT","","Non applicabile",""
"307204794751","HP HP ZBook 15 G2 i7-4600M 16 GB 480 GB SSD 15,6"" Win10 Pro Garanzia",,13916163607ITT,"2","FIXED_PRICE","EUR",209.0,,,209.0,"0","","","Sep-29-26 00:40:12 PDT","Oct-29-26 01:40:12 PDT","Notebook e portatili","177","","","Usato","","","","","","IT","","",""
"307204794752",Logic Gaming-PC i5-12400F 32 GB 1 TB SSD Win11 Home Garanzia,,10362ITT,"2","FIXED_PRICE","EUR",1084.0,,,1084.0,"0","","","Sep-29-26 00:40:12 PDT","Oct-29-26 01:40:12 PDT","Desktop PC","179","","","Nuovo","","","","","","IT","","Non applicabile",""
"307204794753","HP ProBook 650 G2 i5-6200U 8 GB 240 GB SSD 15,6"" Win11 Pro Garanzia",,15984428909ITT,"1","FIXED_PRICE","EUR",170.0,,,170.0,"0","","","Sep-29-26 00:40:12 PDT","Oct-29-26 01:40:12 PDT","Notebook e portatili","177","","","Usato","","","","","","IT","","",""
"307204794755","Dell Latitude 5500 i5-8265U 16 GB 240 GB SSD 15,6"" Win11 Pro Garanzia",,5757_20260505135353ITT,"2","FIXED_PRICE","EUR",318.0,,,318.0,"0","","","Sep-29-26 00:40:12 PDT","Oct-29-26 01:40:12 PDT","Notebook e portatili","177","","","Usato","","","","","","IT","","",""
"307204794756","Dell Precision 7540 i5-9400H 64 GB 512 GB SSD 15,6"" Win10 Pro Garanzia",,14891617491ITT,"2","FIXED_PRICE","EUR",707.0,,,707.0,"0","","","Sep-29-26 00:40:12 PDT","Oct-29-26 01:40:12 PDT","Notebook e portatili","177","","","Usato","","","","","","IT","","",""
"307204794757",HP Chromebook x360 11 G4 EE Intel Celeron N5100 8 GB 64 GB ChromeOS Garanzia,,17891158046ITT,"2","FIXED_PRICE","EUR",119.0,,,119.0,"0","1","0","Sep-29-26 00:40:12 PDT","Oct-29-26 01:40:12 PDT","Notebook e portatili","177","","","Usato","","","","","","IT","","",""
"307204794758","Fujitsu Lifebook U749 i7-8665U 16 GB 480 GB SSD 14"" Win10 Pro Garanzia",,17293787975ITT,"0","FIXED_PRICE","EUR",305.0,,,305.0,"0","","","Sep-29-26 00:40:12 PDT","Oct-29-26 01:40:12 PDT","Notebook e portatili","177","","","Usato","","","","","","IT","","",""
"307204794759","Dell Latitude 7410 i5-10310U 8 GB 256 GB SSD 14"" Win11 Pro Garanzia",,17760490240ITT,"2","FIXED_PRICE","EUR",215.0,,,215.0,"0","","","Sep-29-26 00:40:12 PDT","Oct-29-26 01:40:12 PDT","Notebook e portatili","177","","","Usato","","","","","","IT","","",""
"307204794760","HP EliteBook 850 G6 i5-8365U 16 GB 480 GB SSD 15,6"" Win11 Pro Garanzia",,18444581689ITT,"2","FIXED_PRICE","EUR",341.0,,,341.0,"0","","","Sep-29-26 00:40:12 PDT","Oct-29-26 01:40:12 PDT","Notebook e portatili","177","","","Usato","","","","","","IT","","",""
"307204794761",HP HP ProBook x360 11 G5 EE Intel Pentium Silver N5030 4 GB Win10 Pro Garanzia,,18567164607ITT,"0","FIXED_PRICE","EUR",136.0,,,136.0,"0","","","Sep-29-26 00:40:12 PDT","Oct-29-26 01:40:12 PDT","Notebook e portatili","177","","","Usato","","","","","","IT","","",""
"307204794762",Lenovo Thinkpad E15 Gen 2 i5 11gen i5-1135G7 16 GB 256 GB SSD Win11 Pro Garanzia,,18560303265ITT,"0","FIXED_PRICE","EUR",341.0,,,341.0,"0","1","0","Sep-29-26 00:40:12 PDT","Oct-29-26 01:40:12 PDT","Notebook e portatili","177","","","Usato","","","","","","IT","","",""
"307204794763","Dell Latitude 7480 i7-7600U 8 GB 120 GB SSD 14"" Win11 Pro Garanzia",,17993044161ITT,"2","FIXED_PRICE","EUR",158.0,,,158.0,"0","","","Sep-29-26 00:40:12 PDT","Oct-29-26 01:40:12 PDT","Notebook e portatili","177","","","Usato","","","","","","IT","","",""
"307204794764","HP EliteBook 745 G5 Ryzen 7 PRO 2700U 32 GB 256 GB SSD 14"" Win11 Pro Garanzia",,18059488352ITT,"2","FIXED_PRICE","EUR",295.0,,,295.0,"0","","","Sep-29-26 00:40:12 PDT","Oct-29-26 01:40:12 PDT","Notebook e portatili","177","","","Usato","","","","","","IT","","",""
"307204794765","Apple MacBook Pro A2141 2019r. i9-9880H 32 GB 1 TB SSD 16"" macOS Garanzia",,4590ITT,"2","FIXED_PRICE","EUR",615.0,,,615.0,"0","","","Sep-29-26 00:40:12 PDT","Oct-29-26 01:40:12 PDT","Laptop, portatili Apple","111422","","","Usato","","","","","","IT","","",""
"307204794766","Dell Latitude E5570 i7-6820HQ 8 GB 256 GB SSD 15,6"" Win11 Pro Garanzia",,4103_20251103123304ITT,"2","FIXED_PRICE","EUR",238.0,,,238.0,"0","","","Sep-29-26 00:40:12 PDT","Oct-29-26 01:40:12 PDT","Notebook e portatili","177","","","Usato","","","","","","IT","","",""
"307204794767","HP EliteBook 840 G7 i5-10210U 16 GB 256 GB SSD 14"" Win11 Pro Garanzia",,17002865311ITT,"2","FIXED_PRICE","EUR",289.0,,,289.0,"0","","","Sep-29-26 00:40:12 PDT","Oct-29-26 01:40:12 PDT","Notebook e portatili","177","","","Usato","","","","","","IT","","",""
"307204794768","Dell Precision 7520 i7-6820HQ 64 GB 960 GB SSD 15,6"" Win10 Pro Garanzia",,14729760510ITT,"0","FIXED_PRICE","EUR",611.0,,,611.0,"0","","","Sep-29-26 00:40:12 PDT","Oct-29-26 01:40:12 PDT","Notebook e portatili","177","","","Usato","","","","","","IT","","",""
"307204794769","Fujitsu Lifebook U729 i5-8250U 8 GB 240 GB SSD 12,5"" Win11 Pro Garanzia",,5563_20260506095417ITT,"0","FIXED_PRICE","EUR",158.0,,,158.0,"0","","","Sep-29-26 00:40:12 PDT","Oct-29-26 01:40:12 PDT","Notebook e portatili","177","","","Usato","","","","","","IT","","",""
"307204794770",Lenovo ThinkPad L14 Gen1 Ryzen 5 PRO 4650U 16 GB 480 GB SSD Win11 Pro Garanzia,,17739357695ITT,"0","FIXED_PRICE","EUR",307.0,,,307.0,"0","","","Sep-29-26 00:40:12 PDT","Oct-29-26 01:40:12 PDT","Notebook e portatili","177","","","Usato","","","","","","IT","","",""
"307204794771","HP HP ZBook 15 G2 i7-4700MQ 16 GB 480 GB SSD 15,6"" Win10 Pro Garanzia",,13916140560ITT,"2","FIXED_PRICE","EUR",273.0,,,273.0,"0","","","Sep-29-26 00:40:12 PDT","Oct-29-26 01:40:12 PDT","Notebook e portatili","177","","","Usato","","","","","","IT","","",""
"307204794772","Dell Latitude 5490 i5-8350U 16 GB 256 GB SSD 14"" Win11 Pro Garanzia",,18743405485ITT,"2","FIXED_PRICE","EUR",215.0,,,215.0,"0","","","Sep-29-26 00:40:12 PDT","Oct-29-26 01:40:12 PDT","Notebook e portatili","177","","","Usato","","","","","","IT","","",""
"307204794773","Dell Precision 7750 i7-10850H 32 GB 512 GB SSD 17,3"" Win11 Pro Garanzia",,5743ITT,"2","FIXED_PRICE","EUR",1092.0,,,1092.0,"0","","","Sep-29-26 00:40:12 PDT","Oct-29-26 01:40:12 PDT","Notebook e portatili","177","","","Usato","","","","","","IT","","",""
"307204794774","HP EliteBook 850 G6 i5-8365U 32 GB 480 GB SSD 15,6"" Win11 Pro Garanzia",,18444590780ITT,"2","FIXED_PRICE","EUR",421.0,,,421.0,"0","","","Sep-29-26 00:40:12 PDT","Oct-29-26 01:40:12 PDT","Notebook e portatili","177","","","Usato","","","","","","IT","","",""
"307204794775","Dell Precision 7740 i7-9850H 16 GB 512 GB SSD 17,3"" Win11 Pro Garanzia",,4760_20250908073747ITT,"2","FIXED_PRICE","EUR",744.0,,,744.0,"0","","","Sep-29-26 00:40:12 PDT","Oct-29-26 01:40:12 PDT","Notebook e portatili","177","","","Usato","","","","","","IT","","",""
"307204794776",Lenovo Chromebook 300e 2nd Gen Intel Celeron N4020 4 GB 32 GB ChromeOS Garanzia,,5318_20260121085112ITT,"2","FIXED_PRICE","EUR",90.0,,,90.0,"0","1","0","Sep-29-26 00:40:12 PDT","Oct-29-26 01:40:12 PDT","Notebook e portatili","177","","","Usato","","","","","","IT","","",""
"307204794777","HP ZBook Firefly 15 G7 i7-10510U 16 GB 256 GB SSD 15,6"" Win11 Pro Garanzia",,10407ITT,"2","FIXED_PRICE","EUR",478.0,,,478.0,"0","","","Sep-29-26 00:40:12 PDT","Oct-29-26 01:40:12 PDT","Notebook e portatili","177","","","Usato","","","","","","IT","","",""
"307204794778","Dell Latitude 5420 i5-1135G7 16 GB 256 GB SSD 14"" Win11 Pro Garanzia",,18062827484ITT,"2","FIXED_PRICE","EUR",289.0,,,289.0,"0","","","Sep-29-26 00:40:12 PDT","Oct-29-26 01:40:12 PDT","Notebook e portatili","177","","","Usato","","","","","","IT","","",""
"307204794779","Dell Precision 5520 i7-6820HQ 32 GB 480 GB SSD 15,6"" Win10 Pro Garanzia",,14778101876ITT,"2","FIXED_PRICE","EUR",446.0,,,446.0,"0","","","Sep-29-26 00:40:12 PDT","Oct-29-26 01:40:12 PDT","Notebook e portatili","177","","","Usato","","","","","","IT","","",""
"307204794780","Fujitsu Lifebook U748 i7-8650U 8 GB 256 GB SSD 14"" Win11 Pro Garanzia",,18806124322ITT,"0","FIXED_PRICE","EUR",170.0,,,170.0,"2","5","0","Sep-29-26 00:40:12 PDT","Oct-29-26 01:40:12 PDT","Notebook e portatili","177","","","Usato","","","","","","IT","","",""
"307204794781","HP ZBook 15u G3 i7-6500U 16 GB 1012 GB SSD+HDD 15,6"" Win10 Pro Garanzia",,15563556111ITT,"2","FIXED_PRICE","EUR",277.0,,,277.0,"0","","","Sep-29-26 00:40:12 PDT","Oct-29-26 01:40:12 PDT","Notebook e portatili","177","","","Usato","","","","","","IT","","",""
"307204794782","HP EliteBook 840 G5 i5-7300U 8 GB 256 GB SSD 14"" Win11 Pro Garanzia",,18760144860ITT,"2","FIXED_PRICE","EUR",158.0,,,158.0,"2","5","0","Sep-29-26 00:40:12 PDT","Oct-29-26 01:40:12 PDT","Notebook e portatili","177","","","Usato","","","","","","IT","","",""
"307204794783","Dell Latitude 5520 i5-1135G7 16 GB 256 GB SSD 15,6"" Win11 Pro Garanzia",,3864_20260126082111ITT,"2","FIXED_PRICE","EUR",364.0,,,364.0,"0","","","Sep-29-26 00:40:12 PDT","Oct-29-26 01:40:12 PDT","Notebook e portatili","177","","","Usato","","","","","","IT","","",""
"307204794784","HP ProBook 650 G2 i5-6200U 8 GB 256 GB SSD 15,6"" Win11 Pro Garanzia",,18118350066ITT,"2","FIXED_PRICE","EUR",158.0,,,158.0,"0","","","Sep-29-26 00:40:12 PDT","Oct-29-26 01:40:12 PDT","Notebook e portatili","177","","","Usato","","","","","","IT","","",""
"307204794785",HP 400 G5 mini i5-9500T 8 GB 240 GB SSD Win11 Pro Garanzia,,4850_20260123100930ITT,"2","FIXED_PRICE","EUR",199.0,,,199.0,"0","","","Sep-29-26 00:40:12 PDT","Oct-29-26 01:40:12 PDT","Desktop PC","179","","","Usato","","","","","","IT","","",""
"307204794786","Dell Latitude 3310 i3-8145U 8 GB 120 GB SSD 13,3"" Win11 Pro Garanzia",,5015_20260813084333ITT,"0","FIXED_PRICE","EUR",147.0,,,147.0,"0","","","Sep-29-26 00:40:12 PDT","Oct-29-26 01:40:12 PDT","Notebook e portatili","177","","","Usato","","","","","","IT","","",""
"307204794787",Lenovo M920T i7-8700 16 GB 256 GB SSD Win10/11 Pro Garanzia,,10354ITT,"2","FIXED_PRICE","EUR",353.0,,,353.0,"0","","","Sep-29-26 00:40:12 PDT","Oct-29-26 01:40:12 PDT","Desktop PC","179","","","Usato","","","","","","IT","","",""
"307204794788",Lenovo M920T i5-8500 32 GB 512 GB SSD Win10/11 Pro Garanzia,,10354_20260512140706ITT,"2","FIXED_PRICE","EUR",547.0,,,547.0,"0","","","Sep-29-26 00:40:12 PDT","Oct-29-26 01:40:12 PDT","Desktop PC","179","","","Usato","","","","","","IT","","",""
"307204794790","HP EliteBook 840 G5 i5-7200U 8 GB 256 GB SSD 14"" Win11 Pro Garanzia",,18760168918_20260922100914ITT,"2","FIXED_PRICE","EUR",176.0,,,176.0,"0","","","Sep-29-26 00:40:12 PDT","Oct-29-26 01:40:12 PDT","Notebook e portatili","177","","","Usato","","","","","","IT","","",""
"307204794791","Apple MacBook Pro 16 A2141 2019r. i9-9880H 32 GB 1 TB SSD 16"" Garanzia",,16028383060ITT,"2","FIXED_PRICE","EUR",615.0,,,615.0,"0","","","Sep-29-26 00:40:12 PDT","Oct-29-26 01:40:12 PDT","Laptop, portatili Apple","111422","","","Usato","","","","","","IT","","",""
"307204794792","Dell Latitude 5580 i7-7820HQ 32 GB 960 GB SSD 15,6"" Win11 Pro Garanzia",,18050619208ITT,"2","FIXED_PRICE","EUR",430.0,,,430.0,"0","","","Sep-29-26 00:40:12 PDT","Oct-29-26 01:40:12 PDT","Notebook e portatili","177","","","Usato","","","","","","IT","","",""
"307204794793","Dell Latitude 7410 i5-10310U 8 GB 480 GB SSD 14"" Win11 Pro Garanzia",,17760488496ITT,"2","FIXED_PRICE","EUR",254.0,,,254.0,"0","","","Sep-29-26 00:40:12 PDT","Oct-29-26 01:40:12 PDT","Notebook e portatili","177","","","Usato","","","","","","IT","","",""
"307204794794","Dell Latitude E5570 i7-6820HQ 16 GB 480 GB SSD 15,6"" Win11 Pro Garanzia",,18051203218ITT,"2","FIXED_PRICE","EUR",327.0,,,327.0,"0","","","Sep-29-26 00:40:12 PDT","Oct-29-26 01:40:12 PDT","Notebook e portatili","177","","","Usato","","","","","","IT","","",""
"307204794796","Dell Latitude E5570 i7-6820HQ 16 GB 960 GB SSD 15,6"" Win11 Pro Garanzia",,18051211311ITT,"2","FIXED_PRICE","EUR",346.0,,,346.0,"0","","","Sep-29-26 00:40:12 PDT","Oct-29-26 01:40:12 PDT","Notebook e portatili","177","","","Usato","","","","","","IT","","",""
"307204794797","HP EliteBook 850 G6 i5-8365U 16 GB 960 GB SSD 15,6"" Win11 Pro Garanzia",,18444583920ITT,"2","FIXED_PRICE","EUR",410.0,,,410.0,"0","","","Sep-29-26 00:40:12 PDT","Oct-29-26 01:40:12 PDT","Notebook e portatili","177","","","Usato","","","","","","IT","","",""
"307204794798","Dell Latitude E5570 i7-6820HQ 32 GB 960 GB SSD 15,6"" Win11 Pro Garanzia",,18051268548ITT,"2","FIXED_PRICE","EUR",373.0,,,373.0,"0","","","Sep-29-26 00:40:12 PDT","Oct-29-26 01:40:12 PDT","Notebook e portatili","177","","","Usato","","","","","","IT","","",""
"307204794799","Dell Latitude E5570 i7-6820HQ 16 GB 480 GB SSD 15,6"" Win11 Pro Garanzia",,18051259500ITT,"2","FIXED_PRICE","EUR",304.0,,,304.0,"0","","","Sep-29-26 00:40:12 PDT","Oct-29-26 01:40:12 PDT","Notebook e portatili","177","","","Usato","","","","","","IT","","",""
"307204794800",Lenovo Thinkpad E15 Gen 2 i5 11gen i5-1135G7 8 GB 256 GB SSD Win11 Pro Garanzia,,18557986352ITT,"0","FIXED_PRICE","EUR",295.0,,,295.0,"0","","","Sep-29-26 00:40:12 PDT","Oct-29-26 01:40:12 PDT","Notebook e portatili","177","","","Usato","","","","","","IT","","",""
"307204794801",Lenovo ThinkPad X13 Yoga Gen 1 i5-10210U 8 GB 256 GB SSD Win11 Pro Garanzia,,18660726962ITT,"2","FIXED_PRICE","EUR",250.0,,,250.0,"0","","","Sep-29-26 00:40:12 PDT","Oct-29-26 01:40:12 PDT","Notebook e portatili","177","","","Usato","","","","","","IT","","",""
"307204794803","HP EliteBook 850 G6 i5-8365U 32 GB 256 GB SSD 15,6"" Win11 Pro Garanzia",,18444588989ITT,"2","FIXED_PRICE","EUR",375.0,,,375.0,"0","","","Sep-29-26 00:40:13 PDT","Oct-29-26 01:40:13 PDT","Notebook e portatili","177","","","Usato","","","","","","IT","","",""
"307204794804","Dell Precision 7730 i7-8750H 16 GB 256 GB SSD 17,3"" Win11 Pro Garanzia",,18740771631ITT,"2","FIXED_PRICE","EUR",592.0,,,592.0,"0","","","Sep-29-26 00:40:13 PDT","Oct-29-26 01:40:13 PDT","Notebook e portatili","177","","","Usato","","","","","","IT","","",""
"307204794806","HP Probook 450 G5 i5-8250U 16 GB 256 GB SSD 15,6"" Win11 Pro Garanzia",,18832506568ITT,"0","FIXED_PRICE","EUR",227.0,,,227.0,"0","","","Sep-29-26 00:40:13 PDT","Oct-29-26 01:40:13 PDT","Notebook e portatili","177","","","Usato","","","","","","IT","","",""
"307204794808",Apple Apple MacBook Pro A1707 2017r. i7-7700HQ 16 GB 256 GB SSD macOS Garanzia,,6200ITT,"2","FIXED_PRICE","EUR",318.0,,,318.0,"0","","","Sep-29-26 00:40:13 PDT","Oct-29-26 01:40:13 PDT","Laptop, portatili Apple","111422","","","Usato","","","","","","IT","","",""
"307204794809","Dell Latitude 5490 i5-8350U 16 GB 480 GB SSD 14"" Win11 Pro Garanzia",,18743428870ITT,"2","FIXED_PRICE","EUR",261.0,,,261.0,"0","","","Sep-29-26 00:40:13 PDT","Oct-29-26 01:40:13 PDT","Notebook e portatili","177","","","Usato","","","","","","IT","","",""
"307204794810","Dell Latitude 7480 i5-6300U 16 GB 256 GB SSD 14"" Win11 Pro Garanzia",,18870867131ITT,"0","FIXED_PRICE","EUR",181.0,,,181.0,"0","","","Sep-29-26 00:40:13 PDT","Oct-29-26 01:40:13 PDT","Notebook e portatili","177","","","Usato","","","","","","IT","","",""
"307204794811","Fujitsu Lifebook U729 i5-8250U 8 GB 240 GB SSD 12,5"" Win11 Pro Garanzia",,5563_20260506095908ITT,"0","FIXED_PRICE","EUR",181.0,,,181.0,"0","","","Sep-29-26 00:40:13 PDT","Oct-29-26 01:40:13 PDT","Notebook e portatili","177","","","Usato","","","","","","IT","","",""
"307204794812","Dell Precision 7740 i7-9850H 16 GB 512 GB SSD 17,3"" Win11 Pro Garanzia",,4760_20250908072757ITT,"2","FIXED_PRICE","EUR",858.0,,,858.0,"0","","","Sep-29-26 00:40:13 PDT","Oct-29-26 01:40:13 PDT","Notebook e portatili","177","","","Usato","","","","","","IT","","",""
"307204794813","HP ZBook 15u G3 i7-6500U 32 GB 1012 GB SSD+HDD 15,6"" Win10 Pro Garanzia",,15563511530ITT,"2","FIXED_PRICE","EUR",362.0,,,362.0,"0","","","Sep-29-26 00:40:13 PDT","Oct-29-26 01:40:13 PDT","Notebook e portatili","177","","","Usato","","","","","","IT","","",""
"307204794814","Dell Latitude 5580 i7-7820HQ 8 GB 256 GB SSD 15,6"" Win10 Pro Garanzia",,6186_20251103085550ITT,"2","FIXED_PRICE","EUR",295.0,,,295.0,"0","","","Sep-29-26 00:40:13 PDT","Oct-29-26 01:40:13 PDT","Notebook e portatili","177","","","Usato","","","","","","IT","","",""
"307204794815","Dell Precision 7760 i7-11850H 32 GB 512 GB SSD 17,3"" Win11 Pro Garanzia",,17529982492_20251202093642ITT,"1","FIXED_PRICE","EUR",1036.0,,,1036.0,"0","","","Sep-29-26 00:40:13 PDT","Oct-29-26 01:40:13 PDT","Notebook e portatili","177","","","Usato","","","","","","IT","","",""
"307204794817","Dell Latitude 5420 i5-1135G7 8 GB 256 GB SSD 14"" Win11 Pro Garanzia",,5112_20251107093427ITT,"2","FIXED_PRICE","EUR",261.0,,,261.0,"0","","","Sep-29-26 00:40:13 PDT","Oct-29-26 01:40:13 PDT","Notebook e portatili","177","","","Usato","","","","","","IT","","",""
"307204794818","HP ZBook 15u G3 i7-6500U 16 GB 1012 GB SSD+HDD 15,6"" Win10 Pro Garanzia",,15563503501ITT,"2","FIXED_PRICE","EUR",311.0,,,311.0,"0","","","Sep-29-26 00:40:13 PDT","Oct-29-26 01:40:13 PDT","Notebook e portatili","177","","","Usato","","","","","","IT","","",""
"307204794820","HP ELITEBOOK 840 G7 i5-10310U 16 GB 1 TB SSD 14"" Win10 Pro Garanzia",,17002879322ITT,"2","FIXED_PRICE","EUR",380.0,,,380.0,"0","","","Sep-29-26 00:40:13 PDT","Oct-29-26 01:40:13 PDT","Notebook e portatili","177","","","Usato","","","","","","IT","","",""
"307204794821","HP ZBook 15u G3 i7-6500U 32 GB 1460 GB SSD+HDD 15,6"" Win10 Pro Garanzia",,15563526447ITT,"2","FIXED_PRICE","EUR",350.0,,,350.0,"0","","","Sep-29-26 00:40:13 PDT","Oct-29-26 01:40:13 PDT","Notebook e portatili","177","","","Usato","","","","","","IT","","",""
"307204794823","Dell Precision 7530 i5-8400H 32 GB 512 GB SSD 15,6"" Win11 Pro Garanzia",,15888509292ITT,"2","FIXED_PRICE","EUR",556.0,,,556.0,"0","","","Sep-29-26 00:40:13 PDT","Oct-29-26 01:40:13 PDT","Notebook e portatili","177","","","Usato","","","","","","IT","","",""
"307204794824","Dell Latitude 5580 i7-7820HQ 16 GB 256 GB SSD 15,6"" Win11 Pro Garanzia",,18050609564ITT,"2","FIXED_PRICE","EUR",323.0,,,323.0,"0","","","Sep-29-26 00:40:13 PDT","Oct-29-26 01:40:13 PDT","Notebook e portatili","177","","","Usato","","","","","","IT","","",""
"307204794826","Dell Latitude 7410 i5-10310U 8 GB 960 GB SSD 14"" Win11 Pro Garanzia",,17760483594ITT,"2","FIXED_PRICE","EUR",273.0,,,273.0,"0","","","Sep-29-26 00:40:13 PDT","Oct-29-26 01:40:13 PDT","Notebook e portatili","177","","","Usato","","","","","","IT","","",""
"307204794827","Dell Latitude E5570 i7-6820HQ 16 GB 256 GB SSD 15,6"" Win11 Pro Garanzia",,18051192717ITT,"2","FIXED_PRICE","EUR",289.0,,,289.0,"0","","","Sep-29-26 00:40:13 PDT","Oct-29-26 01:40:13 PDT","Notebook e portatili","177","","","Usato","","","","","","IT","","",""
"307204794828","Dell Latitude 5580 i7-7820HQ 16 GB 960 GB SSD 15,6"" Win11 Pro Garanzia",,18050616890ITT,"2","FIXED_PRICE","EUR",380.0,,,380.0,"0","","","Sep-29-26 00:40:13 PDT","Oct-29-26 01:40:13 PDT","Notebook e portatili","177","","","Usato","","","","","","IT","","",""
"307204794830","Dell Latitude 5580 i7-7820HQ 16 GB 480 GB SSD 15,6"" Win11 Pro Garanzia",,18050612751ITT,"2","FIXED_PRICE","EUR",361.0,,,361.0,"0","","","Sep-29-26 00:40:13 PDT","Oct-29-26 01:40:13 PDT","Notebook e portatili","177","","","Usato","","","","","","IT","","",""
"307204794831","Dell Latitude E5570 i7-6820HQ 16 GB 960 GB SSD 15,6"" Win11 Pro Garanzia",,18051266526ITT,"2","FIXED_PRICE","EUR",323.0,,,323.0,"0","","","Sep-29-26 00:40:13 PDT","Oct-29-26 01:40:13 PDT","Notebook e portatili","177","","","Usato","","","","","","IT","","",""
"307204794832","Dell Latitude E5570 i7-6820HQ 32 GB 960 GB SSD 15,6"" Win11 Pro Garanzia",,18051221962ITT,"2","FIXED_PRICE","EUR",396.0,,,396.0,"0","","","Sep-29-26 00:40:13 PDT","Oct-29-26 01:40:13 PDT","Notebook e portatili","177","","","Usato","","","","","","IT","","",""
"307204794834","Dell Latitude E5570 i7-6820HQ 16 GB 256 GB SSD 15,6"" Win11 Pro Garanzia",,18051256918ITT,"2","FIXED_PRICE","EUR",266.0,,,266.0,"0","","","Sep-29-26 00:40:13 PDT","Oct-29-26 01:40:13 PDT","Notebook e portatili","177","","","Usato","","","","","","IT","","",""
"307204794835","Dell Latitude 5420 i5-1135G7 16 GB 960 GB SSD 14"" Win11 Pro Garanzia",,18062842304ITT,"2","FIXED_PRICE","EUR",346.0,,,346.0,"0","","","Sep-29-26 00:40:13 PDT","Oct-29-26 01:40:13 PDT","Notebook e portatili","177","","","Usato","","","","","","IT","","",""
"307204794837","Dell Latitude 5420 i5-1135G7 16 GB 480 GB SSD 14"" Win11 Pro Garanzia",,18062835468ITT,"2","FIXED_PRICE","EUR",327.0,,,327.0,"0","","","Sep-29-26 00:40:13 PDT","Oct-29-26 01:40:13 PDT","Notebook e portatili","177","","","Usato","","","","","","IT","","",""
"307204794838","Dell Latitude 5420 i5-1135G7 32 GB 960 GB SSD 14"" Win11 Pro Garanzia",,18062853452ITT,"2","FIXED_PRICE","EUR",396.0,,,396.0,"0","","","Sep-29-26 00:40:13 PDT","Oct-29-26 01:40:13 PDT","Notebook e portatili","177","","","Usato","","","","","","IT","","",""
"307204794839","HP ProBook 440 G6 i5-8265U 8 GB 120 GB SSD 14"" Win11 Pro Garanzia",,18176706060ITT,"2","FIXED_PRICE","EUR",204.0,,,204.0,"0","","","Sep-29-26 00:40:13 PDT","Oct-29-26 01:40:13 PDT","Notebook e portatili","177","","","Usato","","","","","","IT","","",""
"307204794840","HP EliteBook 850 G6 i5-8365U 32 GB 960 GB SSD 15,6"" Win11 Pro Garanzia",,18444593404ITT,"2","FIXED_PRICE","EUR",490.0,,,490.0,"0","","","Sep-29-26 00:40:13 PDT","Oct-29-26 01:40:13 PDT","Notebook e portatili","177","","","Usato","","","","","","IT","","",""
"307204794842","Dell Latitude 5490 i5-8350U 8 GB 120 GB SSD 14"" Win11 Pro Garanzia",,18743277941ITT,"2","FIXED_PRICE","EUR",158.0,,,158.0,"0","","","Sep-29-26 00:40:13 PDT","Oct-29-26 01:40:13 PDT","Notebook e portatili","177","","","Usato","","","","","","IT","","",""
"307204794844","Dell Latitude 5490 i5-8350U 32 GB 480 GB SSD 14"" Win11 Pro Garanzia",,18743453524ITT,"2","FIXED_PRICE","EUR",341.0,,,341.0,"0","","","Sep-29-26 00:40:13 PDT","Oct-29-26 01:40:13 PDT","Notebook e portatili","177","","","Usato","","","","","","IT","","",""
"307204794845","Dell Latitude 5490 i5-8350U 16 GB 960 GB SSD 14"" Win11 Pro Garanzia",,18743443010ITT,"2","FIXED_PRICE","EUR",330.0,,,330.0,"0","","","Sep-29-26 00:40:13 PDT","Oct-29-26 01:40:13 PDT","Notebook e portatili","177","","","Usato","","","","","","IT","","",""
"307204794847","Dell Latitude 5490 i5-8350U 16 GB 960 GB SSD 14"" Win11 Pro Garanzia",,18743468306ITT,"2","FIXED_PRICE","EUR",359.0,,,359.0,"0","","","Sep-29-26 00:40:13 PDT","Oct-29-26 01:40:13 PDT","Notebook e portatili","177","","","Usato","","","","","","IT","","",""
"307204794848","Dell Latitude 5490 i5-8350U 32 GB 960 GB SSD 14"" Win11 Pro Garanzia",,18743450611ITT,"2","FIXED_PRICE","EUR",410.0,,,410.0,"0","","","Sep-29-26 00:40:13 PDT","Oct-29-26 01:40:13 PDT","Notebook e portatili","177","","","Usato","","","","","","IT","","",""
"307204794849","Dell Latitude 5490 i5-8350U 16 GB 256 GB SSD 14"" Win11 Pro Garanzia",,18743456240ITT,"2","FIXED_PRICE","EUR",245.0,,,245.0,"0","","","Sep-29-26 00:40:13 PDT","Oct-29-26 01:40:13 PDT","Notebook e portatili","177","","","Usato","","","","","","IT","","",""
"307204794850","Dell Latitude 5490 i5-8350U 32 GB 960 GB SSD 14"" Win11 Pro Garanzia",,18743472876ITT,"2","FIXED_PRICE","EUR",439.0,,,439.0,"0","","","Sep-29-26 00:40:13 PDT","Oct-29-26 01:40:13 PDT","Notebook e portatili","177","","","Usato","","","","","","IT","","",""
"307204794851","Dell Latitude 5490 i5-8350U 16 GB 480 GB SSD 14"" Win11 Pro Garanzia",,18743464240ITT,"2","FIXED_PRICE","EUR",290.0,,,290.0,"0","","","Sep-29-26 00:40:13 PDT","Oct-29-26 01:40:13 PDT","Notebook e portatili","177","","","Usato","","","","","","IT","","",""
"307204794852","Dell Latitude 5490 i5-8350U 32 GB 480 GB SSD 14"" Win11 Pro Garanzia",,18743474134ITT,"2","FIXED_PRICE","EUR",370.0,,,370.0,"0","","","Sep-29-26 00:40:13 PDT","Oct-29-26 01:40:13 PDT","Notebook e portatili","177","","","Usato","","","","","","IT","","",""
"307204794853","HP Probook 450 G5 i5-8250U 8 GB 120 GB SSD 15,6"" Win11 Pro Garanzia",,18832498007ITT,"0","FIXED_PRICE","EUR",174.0,,,174.0,"0","","","Sep-29-26 00:40:13 PDT","Oct-29-26 01:40:13 PDT","Notebook e portatili","177","","","Usato","","","","","","IT","","",""
"307204794854","HP Probook 450 G5 i5-8250U 16 GB 480 GB SSD 15,6"" Win11 Pro Garanzia",,18832515319ITT,"0","FIXED_PRICE","EUR",273.0,,,273.0,"0","","","Sep-29-26 00:40:13 PDT","Oct-29-26 01:40:13 PDT","Notebook e portatili","177","","","Usato","","","","","","IT","","",""
"307204794855","HP Probook 450 G5 i5-8250U 16 GB 256 GB SSD 15,6"" Win11 Pro Garanzia",,18832530837ITT,"0","FIXED_PRICE","EUR",261.0,,,261.0,"0","","","Sep-29-26 00:40:13 PDT","Oct-29-26 01:40:13 PDT","Notebook e portatili","177","","","Usato","","","","","","IT","","",""
"307204794856","HP Probook 450 G5 i5-8250U 16 GB 960 GB SSD 15,6"" Win11 Pro Garanzia",,18832517309ITT,"0","FIXED_PRICE","EUR",341.0,,,341.0,"0","","","Sep-29-26 00:40:13 PDT","Oct-29-26 01:40:13 PDT","Notebook e portatili","177","","","Usato","","","","","","IT","","",""
"307204794857","HP Probook 450 G5 i5-8250U 32 GB 960 GB SSD 15,6"" Win11 Pro Garanzia",,18832519107ITT,"0","FIXED_PRICE","EUR",421.0,,,421.0,"0","","","Sep-29-26 00:40:13 PDT","Oct-29-26 01:40:13 PDT","Notebook e portatili","177","","","Usato","","","","","","IT","","",""
"307204794858","Dell Latitude 7480 i5-6300U 16 GB 480 GB SSD 14"" Win11 Pro Garanzia",,18870871374ITT,"0","FIXED_PRICE","EUR",227.0,,,227.0,"0","","","Sep-29-26 00:40:13 PDT","Oct-29-26 01:40:13 PDT","Notebook e portatili","177","","","Usato","","","","","","IT","","",""
"307204794859","HP Probook 450 G5 i5-8250U 16 GB 960 GB SSD 15,6"" Win11 Pro Garanzia",,18832544891ITT,"0","FIXED_PRICE","EUR",375.0,,,375.0,"0","","","Sep-29-26 00:40:13 PDT","Oct-29-26 01:40:13 PDT","Notebook e portatili","177","","","Usato","","","","","","IT","","",""
"307204794860","HP Probook 450 G5 i5-8250U 16 GB 480 GB SSD 15,6"" Win11 Pro Garanzia",,18832533499ITT,"0","FIXED_PRICE","EUR",307.0,,,307.0,"0","","","Sep-29-26 00:40:13 PDT","Oct-29-26 01:40:13 PDT","Notebook e portatili","177","","","Usato","","","","","","IT","","",""
"307204794862","HP Probook 450 G5 i5-8250U 32 GB 960 GB SSD 15,6"" Win11 Pro Garanzia",,18832552122ITT,"0","FIXED_PRICE","EUR",455.0,,,455.0,"0","","","Sep-29-26 00:40:13 PDT","Oct-29-26 01:40:13 PDT","Notebook e portatili","177","","","Usato","","","","","","IT","","",""
"307204794864","Dell Latitude 7480 i5-6300U 16 GB 480 GB SSD 14"" Win11 Pro Garanzia",,18870877475ITT,"0","FIXED_PRICE","EUR",250.0,,,250.0,"0","","","Sep-29-26 00:40:13 PDT","Oct-29-26 01:40:13 PDT","Notebook e portatili","177","","","Usato","","","","","","IT","","",""
"307204794865","Dell Latitude 7480 i5-6300U 32 GB 960 GB SSD 14"" Win11 Pro Garanzia",,18870872259ITT,"0","FIXED_PRICE","EUR",375.0,,,375.0,"0","","","Sep-29-26 00:40:13 PDT","Oct-29-26 01:40:13 PDT","Notebook e portatili","177","","","Usato","","","","","","IT","","",""
"307204794867","Dell Latitude 7480 i5-6300U 16 GB 256 GB SSD 14"" Win11 Pro Garanzia",,18870874623ITT,"0","FIXED_PRICE","EUR",204.0,,,204.0,"0","","","Sep-29-26 00:40:14 PDT","Oct-29-26 01:40:14 PDT","Notebook e portatili","177","","","Usato","","","","","","IT","","",""
"307204794868",HP EliteDesk 805 G6 Ryzen 5 PRO 4650GE 16 GB 256 GB SSD Win11 Pro Garanzia,,5099ITT,"2","FIXED_PRICE","EUR",387.0,,,387.0,"0","","","Sep-29-26 00:40:14 PDT","Oct-29-26 01:40:14 PDT","Desktop PC","179","","","Usato","","","","","","IT","","",""
"307204794869","Dell Latitude 7410 i7-10610U 16 GB 256 GB SSD 14"" Win11 Pro Garanzia",,10370_20251203112444ITT,"2","FIXED_PRICE","EUR",289.0,,,289.0,"0","","","Sep-29-26 00:40:14 PDT","Oct-29-26 01:40:14 PDT","Notebook e portatili","177","","","Usato","","","","","","IT","","",""
"307204794870","HP EliteBook 745 G5 Ryzen 7 PRO 2700U 32 GB 960 GB SSD 14"" Win11 Pro Garanzia",,18059528269ITT,"2","FIXED_PRICE","EUR",398.0,,,398.0,"0","","","Sep-29-26 00:40:14 PDT","Oct-29-26 01:40:14 PDT","Notebook e portatili","177","","","Usato","","","","","","IT","","",""
"307204794871","Dell Latitude 7480 i5-6300U 32 GB 960 GB SSD 14"" Win11 Pro Garanzia",,18870879715ITT,"0","FIXED_PRICE","EUR",398.0,,,398.0,"0","","","Sep-29-26 00:40:14 PDT","Oct-29-26 01:40:14 PDT","Notebook e portatili","177","","","Usato","","","","","","IT","","",""
"307204794872","Fujitsu Lifebook U748 i7-8650U 16 GB 256 GB SSD 14"" Win11 Pro Garanzia",,18806156581ITT,"0","FIXED_PRICE","EUR",215.0,,,215.0,"0","0","0","Sep-29-26 00:40:14 PDT","Oct-29-26 01:40:14 PDT","Notebook e portatili","177","","","Usato","","","","","","IT","","",""
"307204794873","HP EliteBook 745 G5 Ryzen 7 PRO 2700U 16 GB 480 GB SSD 14"" Win11 Pro Garanzia",,18059458236ITT,"2","FIXED_PRICE","EUR",261.0,,,261.0,"0","1","0","Sep-29-26 00:40:14 PDT","Oct-29-26 01:40:14 PDT","Notebook e portatili","177","","","Usato","","","","","","IT","","",""
"307204794874","HP ZBook 15 G2 i7-4700MQ 32 GB 480 GB SSD 15,6"" Win10 Pro Garanzia",,15120755410ITT,"2","FIXED_PRICE","EUR",323.0,,,323.0,"0","","","Sep-29-26 00:40:14 PDT","Oct-29-26 01:40:14 PDT","Notebook e portatili","177","","","Usato","","","","","","IT","","",""
"307204794875","Fujitsu Lifebook U748 i7-8650U 8 GB 128 GB SSD 14"" Win11 Pro Garanzia",,18806137811ITT,"0","FIXED_PRICE","EUR",164.0,,,164.0,"0","","","Sep-29-26 00:40:14 PDT","Oct-29-26 01:40:14 PDT","Notebook e portatili","177","","","Usato","","","","","","IT","","",""
"307204794876","Panasonic Toughbook CF-31 MK5 i5-5300U 16 GB 240 GB SSD 13,3"" Win10 Pro Garanzia",,17304381928ITT,"0","FIXED_PRICE","EUR",284.0,,,284.0,"0","","","Sep-29-26 00:40:14 PDT","Oct-29-26 01:40:14 PDT","Notebook e portatili","177","","","Usato","","","","","","IT","","",""
"307204794877","Fujitsu Lifebook U748 i7-8650U 16 GB 480 GB SSD 14"" Win11 Pro Garanzia",,18806195348ITT,"0","FIXED_PRICE","EUR",261.0,,,261.0,"0","","","Sep-29-26 00:40:14 PDT","Oct-29-26 01:40:14 PDT","Notebook e portatili","177","","","Usato","","","","","","IT","","",""
"307204794878","Apple MacBook Pro A2141 2019r i9-9880H 32 GB 1 TB SSD 16"" Garanzia",,16028351278ITT,"2","FIXED_PRICE","EUR",730.0,,,730.0,"0","","","Sep-29-26 00:40:14 PDT","Oct-29-26 01:40:14 PDT","Laptop, portatili Apple","111422","","","Usato","","","","","","IT","","",""
"307204794879","Fujitsu Lifebook U748 i7-8650U 16 GB 960 GB SSD 14"" Win11 Pro Garanzia",,18806203308ITT,"0","FIXED_PRICE","EUR",330.0,,,330.0,"0","","","Sep-29-26 00:40:14 PDT","Oct-29-26 01:40:14 PDT","Notebook e portatili","177","","","Usato","","","","","","IT","","",""
"307204794880","Fujitsu Lifebook U748 i7-8650U 32 GB 480 GB SSD 14"" Win11 Pro Garanzia",,18806206432ITT,"0","FIXED_PRICE","EUR",341.0,,,341.0,"0","","","Sep-29-26 00:40:14 PDT","Oct-29-26 01:40:14 PDT","Notebook e portatili","177","","","Usato","","","","","","IT","","",""
"307204794882","Fujitsu Lifebook U748 i7-8650U 32 GB 960 GB SSD 14"" Win11 Pro Garanzia",,18806210742ITT,"0","FIXED_PRICE","EUR",410.0,,,410.0,"0","","","Sep-29-26 00:40:14 PDT","Oct-29-26 01:40:14 PDT","Notebook e portatili","177","","","Usato","","","","","","IT","","",""
"307204794883","Lenovo Thinkpad E15 Gen2 i5-1135G7 16 GB 480 GB SSD 15,6"" Win11 Pro Garanzia",,18330880550ITT,"0","FIXED_PRICE","EUR",387.0,,,387.0,"0","","","Sep-29-26 00:40:14 PDT","Oct-29-26 01:40:14 PDT","Notebook e portatili","177","","","Usato","","","","","","IT","","",""
"307204794884",Lenovo Thinkpad E15 Gen 2 i5 11gen i5-1135G7 32 GB 512 GB SSD Win11 Pro Garanzia,,18560306003ITT,"0","FIXED_PRICE","EUR",501.0,,,501.0,"0","","","Sep-29-26 00:40:14 PDT","Oct-29-26 01:40:14 PDT","Notebook e portatili","177","","","Usato","","","","","","IT","","",""
"307204794885","Dell Latitude 5500 i7-8650U 8 GB 240 GB SSD 15,6"" Win11 Pro Garanzia",,6222_20260617121257ITT,"5","FIXED_PRICE","EUR",238.0,,,238.0,"0","1","0","Sep-29-26 00:40:14 PDT","Oct-29-26 01:40:14 PDT","Notebook e portatili","177","","","Usato","","","","","","IT","","",""
"307204794886","Dell Latitude 5520 i5-1135G7 8 GB 256 GB SSD 15,6"" Win11 Pro Garanzia",,18318688491ITT,"5","FIXED_PRICE","EUR",353.0,,,353.0,"0","","","Sep-29-26 00:40:14 PDT","Oct-29-26 01:40:14 PDT","Notebook e portatili","177","","","Usato","","","","","","IT","","",""
"307204794887","Apple MacBook Pro A1707 2017r. i7-7700HQ 16 GB 256 GB SSD 15,6"" Garanzia",,13279889861ITT,"5","FIXED_PRICE","EUR",387.0,,,387.0,"0","","","Sep-29-26 00:40:14 PDT","Oct-29-26 01:40:14 PDT","Laptop, portatili Apple","111422","","","Usato","","","","","","IT","","",""
"307204794888","Dell Latitude 5410 i5-10310U 16 GB 480 GB SSD 14"" Win11 Pro Garanzia",,5570ITT,"5","FIXED_PRICE","EUR",373.0,,,373.0,"0","","","Sep-29-26 00:40:14 PDT","Oct-29-26 01:40:14 PDT","Notebook e portatili","177","","","Usato","","","","","","IT","","",""
"307204794889","Apple MacBook Pro A1707 2017r. i7-7700HQ 16 GB 256 GB SSD 15,6"" Garanzia",,18770060065ITT,"5","FIXED_PRICE","EUR",318.0,,,318.0,"0","","","Sep-29-26 00:40:14 PDT","Oct-29-26 01:40:14 PDT","Laptop, portatili Apple","111422","","","Usato","","","","","","IT","","",""
"307204794890","Panasonic ToughBook CF-31 i5-3340M 8 GB 240 GB SSD 13,3"" Win10 Pro Garanzia",,16820940558ITT,"0","FIXED_PRICE","EUR",141.0,,,141.0,"0","","","Sep-29-26 00:40:14 PDT","Oct-29-26 01:40:14 PDT","Notebook e portatili","177","","","Usato","","","","","","IT","","",""
"307204794891","HP EliteBook 745 G5 Ryzen 7 PRO 2700U 16 GB 960 GB SSD 14"" Win11 Pro Garanzia",,18059476982ITT,"5","FIXED_PRICE","EUR",318.0,,,318.0,"0","","","Sep-29-26 00:40:14 PDT","Oct-29-26 01:40:14 PDT","Notebook e portatili","177","","","Usato","","","","","","IT","","",""
"307204794893","HP EliteBook 745 G5 Ryzen 7 PRO 2700U 32 GB 960 GB SSD 14"" Win11 Pro Garanzia",,18059414992ITT,"5","FIXED_PRICE","EUR",433.0,,,433.0,"0","","","Sep-29-26 00:40:14 PDT","Oct-29-26 01:40:14 PDT","Notebook e portatili","177","","","Usato","","","","","","IT","","",""
"307204794894","Dell Latitude 7480 i7-7600U 8 GB 256 GB SSD 14"" Win11 Pro Garanzia",,4598ITT,"5","FIXED_PRICE","EUR",204.0,,,204.0,"0","","","Sep-29-26 00:40:14 PDT","Oct-29-26 01:40:14 PDT","Notebook e portatili","177","","","Usato","","","","","","IT","","",""
"307204794895","Fujitsu Lifebook U749 i7-8650U 16 GB 256 GB SSD 14"" Win10/11 Pro Garanzia",,17292932466ITT,"0","FIXED_PRICE","EUR",254.0,,,254.0,"0","","","Sep-29-26 00:40:14 PDT","Oct-29-26 01:40:14 PDT","Notebook e portatili","177","","","Usato","","","","","","IT","","",""
"307204794896","HP EliteBook 745 G5 Ryzen 7 PRO 2700U 32 GB 480 GB SSD 14"" Win11 Pro Garanzia",,18059515528ITT,"5","FIXED_PRICE","EUR",341.0,,,341.0,"0","","","Sep-29-26 00:40:14 PDT","Oct-29-26 01:40:14 PDT","Notebook e portatili","177","","","Usato","","","","","","IT","","",""
"307204794897","Apple MacBook Pro A2141 2019r i9-9880H 32 GB 1 TB SSD 16"" Garanzia",,18505935978ITT,"5","FIXED_PRICE","EUR",741.0,,,741.0,"0","","","Sep-29-26 00:40:14 PDT","Oct-29-26 01:40:14 PDT","Laptop, portatili Apple","111422","","","Usato","","","","","","IT","","",""
"307204794898","Dell Latitude 5540 i5-1345U 16 GB 256 GB SSD 15,6"" Win11 Pro Garanzia",,4870_20260403112433ITT,"5","FIXED_PRICE","EUR",570.0,,,570.0,"0","","","Sep-29-26 00:40:14 PDT","Oct-29-26 01:40:14 PDT","Notebook e portatili","177","","","Usato","","","","","","IT","","",""
"307204794899","Fujitsu Lifebook U748 i7-8650U 16 GB 480 GB SSD 14"" Win10 Pro Garanzia",,17293272320ITT,"0","FIXED_PRICE","EUR",270.0,,,270.0,"0","","","Sep-29-26 00:40:14 PDT","Oct-29-26 01:40:14 PDT","Notebook e portatili","177","","","Usato","","","","","","IT","","",""
"307204794900","Panasonic Toughbook CF-31 MK5 i5-5300U 16 GB 960 GB SSD 13,3"" Win10 Pro Garanzia",,17304399262ITT,"0","FIXED_PRICE","EUR",341.0,,,341.0,"0","","","Sep-29-26 00:40:14 PDT","Oct-29-26 01:40:14 PDT","Notebook e portatili","177","","","Usato","","","","","","IT","","",""
"307204794901","Dell Latitude 5520 i5-1135G7 8 GB 256 GB SSD 15,6"" Win11 Pro Garanzia",,18263434784ITT,"5","FIXED_PRICE","EUR",330.0,,,330.0,"0","","","Sep-29-26 00:40:14 PDT","Oct-29-26 01:40:14 PDT","Notebook e portatili","177","","","Usato","","","","","","IT","","",""
"307204794902",Lenovo ThinkPad X13 Yoga Gen1 i7-10610U 16 GB 256 GB SSD Win11 Pro Garanzia,,17622540577_20260714122104ITT,"5","FIXED_PRICE","EUR",307.0,,,307.0,"0","","","Sep-29-26 00:40:14 PDT","Oct-29-26 01:40:14 PDT","Notebook e portatili","177","","","Usato","","","","","","IT","","",""
"307204794903","HP ProBook 650 G2 i5-6200U 16 GB 256 GB SSD 15,6"" Win11 Pro Garanzia",,18120440689ITT,"5","FIXED_PRICE","EUR",197.0,,,197.0,"0","","","Sep-29-26 00:40:14 PDT","Oct-29-26 01:40:14 PDT","Notebook e portatili","177","","","Usato","","","","","","IT","","",""
"307204794904","HP ProBook 650 G2 i5-6200U 16 GB 480 GB SSD 15,6"" Win11 Pro Garanzia",,18120448789ITT,"5","FIXED_PRICE","EUR",236.0,,,236.0,"0","","","Sep-29-26 00:40:14 PDT","Oct-29-26 01:40:14 PDT","Notebook e portatili","177","","","Usato","","","","","","IT","","",""
"307204794905","HP Zbook 15 G3 i7-6700HQ 16 GB 256 GB SSD+HDD 15,6"" Win10/11 Pro Garanzia",,5858ITT,"5","FIXED_PRICE","EUR",335.0,,,335.0,"0","","","Sep-29-26 00:40:14 PDT","Oct-29-26 01:40:14 PDT","Notebook e portatili","177","","","Usato","","","","","","IT","","",""
"307204794906","Panasonic ToughBook CF-31 i5-3320M 16 GB 256 GB SSD 13,3"" Win10 Pro Garanzia",,17290390340ITT,"0","FIXED_PRICE","EUR",231.0,,,231.0,"0","","","Sep-29-26 00:40:14 PDT","Oct-29-26 01:40:14 PDT","Notebook e portatili","177","","","Usato","","","","","","IT","","",""
"307204794907","Panasonic Toughbook CF-31 MK5 i5-5300U 16 GB 480 GB SSD 13,3"" Win10 Pro Garanzia",,17304389540ITT,"0","FIXED_PRICE","EUR",323.0,,,323.0,"0","","","Sep-29-26 00:40:14 PDT","Oct-29-26 01:40:14 PDT","Notebook e portatili","177","","","Usato","","","","","","IT","","",""
"307204794909","HP EliteBook 745 G5 Ryzen 7 PRO 2700U 8 GB 256 GB SSD 14"" Win11 Pro Garanzia",,16998898397ITT,"5","FIXED_PRICE","EUR",193.0,,,193.0,"0","1","0","Sep-29-26 00:40:14 PDT","Oct-29-26 01:40:14 PDT","Notebook e portatili","177","","","Usato","","","","","","IT","","",""
"307204794910","Dell Latitude 5500 i7-8650U 8 GB 240 GB SSD 15,6"" Win11 Pro Garanzia",,6222_20260617122910ITT,"5","FIXED_PRICE","EUR",295.0,,,295.0,"0","","","Sep-29-26 00:40:14 PDT","Oct-29-26 01:40:14 PDT","Notebook e portatili","177","","","Usato","","","","","","IT","","",""
"307204794911",Dell 5070 Thin Client Intel Celeron J4105 8 GB 128 GB SSD Garanzia,,4462ITT,"5","FIXED_PRICE","EUR",99.0,,,99.0,"0","","","Sep-29-26 00:40:14 PDT","Oct-29-26 01:40:14 PDT","Desktop PC","179","","","Usato","","","","","","IT","","",""
"307204794912",Lenovo Thinkpad E15 Gen 2 i5 11gen i5-1135G7 16 GB 256 GB SSD Win11 Pro Garanzia,,18560325166ITT,"0","FIXED_PRICE","EUR",387.0,,,387.0,"0","","","Sep-29-26 00:40:14 PDT","Oct-29-26 01:40:14 PDT","Notebook e portatili","177","","","Usato","","","","","","IT","","",""
"307204794913",Lenovo ThinkPad X13 Yoga Gen1 i7-10610U 16 GB 256 GB SSD Win11 Pro Garanzia,,17622540577_20260714122616ITT,"5","FIXED_PRICE","EUR",273.0,,,273.0,"0","2","0","Sep-29-26 00:40:14 PDT","Oct-29-26 01:40:14 PDT","Notebook e portatili","177","","","Usato","","","","","","IT","","",""
"307204794914","HP EliteBook 830 G6 i5-8365U 8 GB 256 GB SSD 13,3"" Win11 Pro Garanzia",,3808_20260612131225ITT,"5","FIXED_PRICE","EUR",199.0,,,199.0,"0","","","Sep-29-26 00:40:14 PDT","Oct-29-26 01:40:14 PDT","Notebook e portatili","177","","","Usato","","","","","","IT","","",""
"307204794915","HP EliteBook 745 G5 Ryzen 7 PRO 2700U 16 GB 256 GB SSD 14"" Win11 Pro Garanzia",,18059364495ITT,"5","FIXED_PRICE","EUR",238.0,,,238.0,"0","0","0","Sep-29-26 00:40:14 PDT","Oct-29-26 01:40:14 PDT","Notebook e portatili","177","","","Usato","","","","","","IT","","",""
"307204794917","HP ProBook 650 G2 i5-6200U 32 GB 960 GB SSD 15,6"" Win11 Pro Garanzia",,18120454011ITT,"5","FIXED_PRICE","EUR",316.0,,,316.0,"0","","","Sep-29-26 00:40:14 PDT","Oct-29-26 01:40:14 PDT","Notebook e portatili","177","","","Usato","","","","","","IT","","",""
"307204794918","HP EliteBook 745 G5 Ryzen 7 PRO 2700U 16 GB 480 GB SSD 14"" Win11 Pro Garanzia",,18059371645ITT,"5","FIXED_PRICE","EUR",284.0,,,284.0,"0","","","Sep-29-26 00:40:14 PDT","Oct-29-26 01:40:14 PDT","Notebook e portatili","177","","","Usato","","","","","","IT","","",""
"307204794919","HP EliteBook 745 G5 Ryzen 7 PRO 2700U 16 GB 960 GB SSD 14"" Win11 Pro Garanzia",,18059391852ITT,"5","FIXED_PRICE","EUR",341.0,,,341.0,"0","","","Sep-29-26 00:40:14 PDT","Oct-29-26 01:40:14 PDT","Notebook e portatili","177","","","Usato","","","","","","IT","","",""
"307204794920","HP ProBook 650 G2 i5-6200U 16 GB 480 GB SSD 15,6"" Win11 Pro Garanzia",,18120430141ITT,"5","FIXED_PRICE","EUR",259.0,,,259.0,"0","","","Sep-29-26 00:40:14 PDT","Oct-29-26 01:40:14 PDT","Notebook e portatili","177","","","Usato","","","","","","IT","","",""
"307204794921",Lenovo ThinkPad X13 Yoga Gen 1 i7-10610U 16 GB 480 GB SSD Win11 Pro Garanzia,,18760649955ITT,"5","FIXED_PRICE","EUR",318.0,,,318.0,"0","1","0","Sep-29-26 00:40:15 PDT","Oct-29-26 01:40:15 PDT","Notebook e portatili","177","","","Usato","","","","","","IT","","",""
"307204794923","Lenovo Thinkpad E15 Gen 2 i5-1135G7 16 GB 256 GB SSD 15,6"" Win11 Pro Garanzia",,18330839252ITT,"0","FIXED_PRICE","EUR",387.0,,,387.0,"0","","","Sep-29-26 00:40:15 PDT","Oct-29-26 01:40:15 PDT","Notebook e portatili","177","","","Usato","","","","","","IT","","",""
"307204794924","Lenovo Thinkpad E15 Gen2 i5-1135G7 16 GB 960 GB SSD 15,6"" Win11 Pro Garanzia",,18330882304ITT,"0","FIXED_PRICE","EUR",444.0,,,444.0,"0","","","Sep-29-26 00:40:15 PDT","Oct-29-26 01:40:15 PDT","Notebook e portatili","177","","","Usato","","","","","","IT","","",""
"307204794925","Dell Latitude 5540 i5-1345U 16 GB 480 GB SSD 15,6"" Win11 Pro Garanzia",,18469071434ITT,"5","FIXED_PRICE","EUR",615.0,,,615.0,"0","","","Sep-29-26 00:40:15 PDT","Oct-29-26 01:40:15 PDT","Notebook e portatili","177","","","Usato","","","","","","IT","","",""
"307204794926","Dell Latitude 5540 i5-1345U 16 GB 256 GB SSD 15,6"" Win11 Pro Garanzia",,4870_20260403113150ITT,"5","FIXED_PRICE","EUR",524.0,,,524.0,"0","","","Sep-29-26 00:40:15 PDT","Oct-29-26 01:40:15 PDT","Notebook e portatili","177","","","Usato","","","","","","IT","","",""
"307204794927","HP EliteBook 830 G6 i5-8365U 8 GB 256 GB SSD 13,3"" Win11 Pro Garanzia",,3808ITT,"5","FIXED_PRICE","EUR",176.0,,,176.0,"1","0","0","Sep-29-26 00:40:15 PDT","Oct-29-26 01:40:15 PDT","Notebook e portatili","177","","","Usato","","","","","","IT","","",""
"307204794929",Dell 5070 Thin Client Intel Celeron J4105 4 GB 32 GB SSD Garanzia,,4462_20260924093627ITT,"5","FIXED_PRICE","EUR",74.0,,,74.0,"0","","","Sep-29-26 00:40:15 PDT","Oct-29-26 01:40:15 PDT","Desktop PC","179","","","Usato","","","","","","IT","","",""
"307204794930","HP EliteBook 830 G6 i5-8365U 8 GB 480 GB SSD 13,3"" Win10 Pro Garanzia",,15844762527ITT,"5","FIXED_PRICE","EUR",221.0,,,221.0,"0","","","Sep-29-26 00:40:15 PDT","Oct-29-26 01:40:15 PDT","Notebook e portatili","177","","","Usato","","","","","","IT","","",""
"307204794932","HP EliteBook 830 G6 i5-8365U 16 GB 480 GB SSD 13,3"" Win10 Pro Garanzia",,16334585040ITT,"5","FIXED_PRICE","EUR",267.0,,,267.0,"0","","","Sep-29-26 00:40:15 PDT","Oct-29-26 01:40:15 PDT","Notebook e portatili","177","","","Usato","","","","","","IT","","",""
"307204794933","Fujitsu Lifebook U748 i7-8650U 32 GB 960 GB SSD 14"" Win10 Pro Garanzia",,17293297131ITT,"0","FIXED_PRICE","EUR",339.0,,,339.0,"0","","","Sep-29-26 00:40:15 PDT","Oct-29-26 01:40:15 PDT","Notebook e portatili","177","","","Usato","","","","","","IT","","",""
"307204794934","Fujitsu Lifebook U748 i7-8650U 32 GB 480 GB SSD 14"" Win10 Pro Garanzia",,17293292818ITT,"0","FIXED_PRICE","EUR",321.0,,,321.0,"0","","","Sep-29-26 00:40:15 PDT","Oct-29-26 01:40:15 PDT","Notebook e portatili","177","","","Usato","","","","","","IT","","",""
"307204794935","HP EliteBook 830 G6 i5-8365U 16 GB 960 GB SSD 13,3"" Win10 Pro Garanzia",,16334665305ITT,"5","FIXED_PRICE","EUR",336.0,,,336.0,"0","","","Sep-29-26 00:40:15 PDT","Oct-29-26 01:40:15 PDT","Notebook e portatili","177","","","Usato","","","","","","IT","","",""
"307204794936","HP EliteBook 745 G5 Ryzen 7 PRO 2700U 32 GB 256 GB SSD 14"" Win11 Pro Garanzia",,18059406536ITT,"5","FIXED_PRICE","EUR",318.0,,,318.0,"0","","","Sep-29-26 00:40:15 PDT","Oct-29-26 01:40:15 PDT","Notebook e portatili","177","","","Usato","","","","","","IT","","",""
"307204794937","HP ProBook 650 G2 i5-6200U 16 GB 256 GB SSD 15,6"" Win11 Pro Garanzia",,18120426114ITT,"5","FIXED_PRICE","EUR",220.0,,,220.0,"0","","","Sep-29-26 00:40:15 PDT","Oct-29-26 01:40:15 PDT","Notebook e portatili","177","","","Usato","","","","","","IT","","",""
"307204794938","HP EliteBook 745 G5 Ryzen 7 PRO 2700U 32 GB 480 GB SSD 14"" Win11 Pro Garanzia",,18059412316ITT,"5","FIXED_PRICE","EUR",364.0,,,364.0,"0","","","Sep-29-26 00:40:15 PDT","Oct-29-26 01:40:15 PDT","Notebook e portatili","177","","","Usato","","","","","","IT","","",""
"307204794941","HP ProBook 650 G2 i5-6200U 8 GB 256 GB SSD 15,6"" Win11 Pro Garanzia",,18118359093ITT,"5","FIXED_PRICE","EUR",170.0,,,170.0,"0","","","Sep-29-26 00:40:15 PDT","Oct-29-26 01:40:15 PDT","Notebook e portatili","177","","","Usato","","","","","","IT","","",""
"307204794942","HP ProBook 650 G2 i5-6200U 8 GB 256 GB SSD 15,6"" Win11 Pro Garanzia",,18118361525ITT,"5","FIXED_PRICE","EUR",193.0,,,193.0,"0","","","Sep-29-26 00:40:15 PDT","Oct-29-26 01:40:15 PDT","Notebook e portatili","177","","","Usato","","","","","","IT","","",""
"307204794943","HP ProBook 650 G2 i5-6200U 32 GB 960 GB SSD 15,6"" Win11 Pro Garanzia",,18120439555ITT,"5","FIXED_PRICE","EUR",339.0,,,339.0,"0","","","Sep-29-26 00:40:15 PDT","Oct-29-26 01:40:15 PDT","Notebook e portatili","177","","","Usato","","","","","","IT","","",""
"307204794944","HP ProBook 650 G2 i5-6200U 32 GB 480 GB SSD 15,6"" Win11 Pro Garanzia",,18120438301ITT,"5","FIXED_PRICE","EUR",309.0,,,309.0,"0","","","Sep-29-26 00:40:15 PDT","Oct-29-26 01:40:15 PDT","Notebook e portatili","177","","","Usato","","","","","","IT","","",""
"307204794945","Lenovo Thinkpad E15 Gen 2 i5-1135G7 16 GB 480 GB SSD 15,6"" Win11 Pro Garanzia",,18330849122ITT,"0","FIXED_PRICE","EUR",433.0,,,433.0,"0","","","Sep-29-26 00:40:15 PDT","Oct-29-26 01:40:15 PDT","Notebook e portatili","177","","","Usato","","","","","","IT","","",""
"307204794946","HP ProBook 650 G2 i5-6200U 16 GB 960 GB SSD 15,6"" Win11 Pro Garanzia",,18120450866ITT,"5","FIXED_PRICE","EUR",266.0,,,266.0,"0","","","Sep-29-26 00:40:15 PDT","Oct-29-26 01:40:15 PDT","Notebook e portatili","177","","","Usato","","","","","","IT","","",""
"307204794947","HP ProBook 650 G2 i5-6200U 16 GB 960 GB SSD 15,6"" Win11 Pro Garanzia",,18120432714ITT,"5","FIXED_PRICE","EUR",289.0,,,289.0,"0","","","Sep-29-26 00:40:15 PDT","Oct-29-26 01:40:15 PDT","Notebook e portatili","177","","","Usato","","","","","","IT","","",""
"307204794948","Lenovo Thinkpad E15 Gen 2 i5-1135G7 16 GB 960 GB SSD 15,6"" Win11 Pro Garanzia",,18330862440ITT,"0","FIXED_PRICE","EUR",490.0,,,490.0,"0","","","Sep-29-26 00:40:15 PDT","Oct-29-26 01:40:15 PDT","Notebook e portatili","177","","","Usato","","","","","","IT","","",""
"307204794949","HP Zbook 15 G3 i7-6700HQ 8 GB 256 GB SSD 15,6"" Win10 Pro Garanzia",,18372353074ITT,"5","FIXED_PRICE","EUR",193.0,,,193.0,"0","","","Sep-29-26 00:40:15 PDT","Oct-29-26 01:40:15 PDT","Notebook e portatili","177","","","Usato","","","","","","IT","","",""
"307204794950","HP Zbook 15 G3 i7-6700HQ 16 GB 256 GB SSD 15,6"" Win10 Pro Garanzia",,18372375961ITT,"5","FIXED_PRICE","EUR",233.0,,,233.0,"0","0","0","Sep-29-26 00:40:15 PDT","Oct-29-26 01:40:15 PDT","Notebook e portatili","177","","","Usato","","","","","","IT","","",""
"307204794951","Lenovo Thinkpad E15 Gen2 i5-1135G7 16 GB 256 GB SSD 15,6"" Win11 Pro Garanzia",,18330864995ITT,"0","FIXED_PRICE","EUR",341.0,,,341.0,"0","","","Sep-29-26 00:40:15 PDT","Oct-29-26 01:40:15 PDT","Notebook e portatili","177","","","Usato","","","","","","IT","","",""
"307204794952","Dell Latitude 5540 i5-1345U 16 GB 960 GB SSD 15,6"" Win11 Pro Garanzia",,18469076691ITT,"5","FIXED_PRICE","EUR",684.0,,,684.0,"0","","","Sep-29-26 00:40:15 PDT","Oct-29-26 01:40:15 PDT","Notebook e portatili","177","","","Usato","","","","","","IT","","",""
"307204794953","Dell Latitude 5540 i5-1345U 32 GB 960 GB SSD 15,6"" Win11 Pro Garanzia",,18469079040ITT,"5","FIXED_PRICE","EUR",775.0,,,775.0,"0","","","Sep-29-26 00:40:15 PDT","Oct-29-26 01:40:15 PDT","Notebook e portatili","177","","","Usato","","","","","","IT","","",""
"307204794954","Dell Latitude 5540 i5-1345U 32 GB 960 GB SSD 15,6"" Win11 Pro Garanzia",,18469122314ITT,"5","FIXED_PRICE","EUR",730.0,,,730.0,"0","","","Sep-29-26 00:40:15 PDT","Oct-29-26 01:40:15 PDT","Notebook e portatili","177","","","Usato","","","","","","IT","","",""
"307204794955","Dell Latitude 5540 i5-1345U 32 GB 480 GB SSD 15,6"" Win11 Pro Garanzia",,18469091128ITT,"5","FIXED_PRICE","EUR",707.0,,,707.0,"0","","","Sep-29-26 00:40:15 PDT","Oct-29-26 01:40:15 PDT","Notebook e portatili","177","","","Usato","","","","","","IT","","",""
"307204794956","Dell Latitude 5540 i5-1345U 16 GB 480 GB SSD 15,6"" Win11 Pro Garanzia",,18469100008ITT,"5","FIXED_PRICE","EUR",570.0,,,570.0,"0","","","Sep-29-26 00:40:15 PDT","Oct-29-26 01:40:15 PDT","Notebook e portatili","177","","","Usato","","","","","","IT","","",""
"307204794957","Dell Latitude 5540 i5-1345U 16 GB 960 GB SSD 15,6"" Win11 Pro Garanzia",,18469115653ITT,"5","FIXED_PRICE","EUR",638.0,,,638.0,"0","","","Sep-29-26 00:40:15 PDT","Oct-29-26 01:40:15 PDT","Notebook e portatili","177","","","Usato","","","","","","IT","","",""
"307204794958",Lenovo Thinkpad E15 Gen 2 i5 11gen i5-1135G7 32 GB 2 TB SSD Win11 Pro Garanzia,,18560308574ITT,"0","FIXED_PRICE","EUR",650.0,,,650.0,"0","","","Sep-29-26 00:40:15 PDT","Oct-29-26 01:40:15 PDT","Notebook e portatili","177","","","Usato","","","","","","IT","","",""
"307204794959","Dell Latitude 5540 i5-1345U 32 GB 480 GB SSD 15,6"" Win11 Pro Garanzia",,18469139191ITT,"5","FIXED_PRICE","EUR",661.0,,,661.0,"0","","","Sep-29-26 00:40:15 PDT","Oct-29-26 01:40:15 PDT","Notebook e portatili","177","","","Usato","","","","","","IT","","",""
"307204794961","Microsoft Surface 3 i5-1035G7 8 GB 256 GB SSD 13,5"" Win11 Home Garanzia",,18561047790ITT,"5","FIXED_PRICE","EUR",364.0,,,364.0,"0","","","Sep-29-26 00:40:15 PDT","Oct-29-26 01:40:15 PDT","Notebook e portatili","177","","","Usato","","","","","","IT","","",""
"307204794962","HP EliteBook 830 G6 i5-8365U 32 GB 960 GB SSD 13,3"" Win11 Pro Garanzia",,18663340128ITT,"5","FIXED_PRICE","EUR",416.0,,,416.0,"0","","","Sep-29-26 00:40:15 PDT","Oct-29-26 01:40:15 PDT","Notebook e portatili","177","","","Usato","","","","","","IT","","",""
"307204794963","Dell Latitude 5540 i5-1345U 16 GB 480 GB SSD 15,6"" Win11 Pro Garanzia",,18496275139ITT,"5","FIXED_PRICE","EUR",570.0,,,570.0,"0","","","Sep-29-26 00:40:15 PDT","Oct-29-26 01:40:15 PDT","Notebook e portatili","177","","","Usato","","","","","","IT","","",""
"307204794964","HP EliteBook 830 G6 i5-8365U 16 GB 256 GB SSD 13,3"" Win11 Pro Garanzia",,18663334138ITT,"5","FIXED_PRICE","EUR",221.0,,,221.0,"0","","","Sep-29-26 00:40:15 PDT","Oct-29-26 01:40:15 PDT","Notebook e portatili","177","","","Usato","","","","","","IT","","",""
"307204794965","HP EliteBook 830 G6 i5-8365U 16 GB 960 GB SSD 13,3"" Win11 Pro Garanzia",,18663357725ITT,"5","FIXED_PRICE","EUR",358.0,,,358.0,"0","","","Sep-29-26 00:40:15 PDT","Oct-29-26 01:40:15 PDT","Notebook e portatili","177","","","Usato","","","","","","IT","","",""
"307204794966","HP EliteBook 830 G6 i5-8365U 32 GB 960 GB SSD 13,3"" Win11 Pro Garanzia",,18663360119ITT,"5","FIXED_PRICE","EUR",438.0,,,438.0,"0","","","Sep-29-26 00:40:15 PDT","Oct-29-26 01:40:15 PDT","Notebook e portatili","177","","","Usato","","","","","","IT","","",""
"307204794967","HP EliteBook 830 G6 i5-8365U 16 GB 480 GB SSD 13,3"" Win11 Pro Garanzia",,18663356137ITT,"5","FIXED_PRICE","EUR",290.0,,,290.0,"0","","","Sep-29-26 00:40:15 PDT","Oct-29-26 01:40:15 PDT","Notebook e portatili","177","","","Usato","","","","","","IT","","",""
"307204794968","HP EliteBook 830 G6 i5-8365U 16 GB 256 GB SSD 13,3"" Win11 Pro Garanzia",,18663352319ITT,"5","FIXED_PRICE","EUR",244.0,,,244.0,"0","","","Sep-29-26 00:40:15 PDT","Oct-29-26 01:40:15 PDT","Notebook e portatili","177","","","Usato","","","","","","IT","","",""
"307204794969",Lenovo ThinkPad X13 Yoga Gen 1 i7-10610U 16 GB 960 GB SSD Win11 Pro Garanzia,,18760657323ITT,"5","FIXED_PRICE","EUR",387.0,,,387.0,"0","","","Sep-29-26 00:40:15 PDT","Oct-29-26 01:40:15 PDT","Notebook e portatili","177","","","Usato","","","","","","IT","","",""
"307204794970",Lenovo ThinkPad X13 Yoga Gen 1 i7-10610U 16 GB 480 GB SSD Win11 Pro Garanzia,,18760659366ITT,"5","FIXED_PRICE","EUR",353.0,,,353.0,"0","","","Sep-29-26 00:40:15 PDT","Oct-29-26 01:40:15 PDT","Notebook e portatili","177","","","Usato","","","","","","IT","","",""
"307204794971",Lenovo ThinkPad X13 Yoga Gen 1 i7-10610U 16 GB 256 GB SSD Win11 Pro Garanzia,,18760629186ITT,"5","FIXED_PRICE","EUR",273.0,,,273.0,"0","","","Sep-29-26 00:40:15 PDT","Oct-29-26 01:40:15 PDT","Notebook e portatili","177","","","Usato","","","","","","IT","","",""
"307204794972",Lenovo ThinkPad X13 Yoga Gen 1 i7-10610U 16 GB 256 GB SSD Win11 Pro Garanzia,,18760641996ITT,"5","FIXED_PRICE","EUR",307.0,,,307.0,"0","","","Sep-29-26 00:40:15 PDT","Oct-29-26 01:40:15 PDT","Notebook e portatili","177","","","Usato","","","","","","IT","","",""
"307204794973",Lenovo ThinkPad X13 Yoga Gen 1 i7-10610U 16 GB 960 GB SSD Win11 Pro Garanzia,,18760661982ITT,"5","FIXED_PRICE","EUR",421.0,,,421.0,"0","","","Sep-29-26 00:40:15 PDT","Oct-29-26 01:40:15 PDT","Notebook e portatili","177","","","Usato","","","","","","IT","","",""
"307204794975","Lenovo ThinkPad X13 Gen 2 i5-1145G7 8 GB 960 GB SSD 13,3"" Win11 Home Garanzia",,18964847747ITT,"5","FIXED_PRICE","EUR",313.0,,,313.0,"0","","","Sep-29-26 00:40:15 PDT","Oct-29-26 01:40:15 PDT","Notebook e portatili","177","","","Usato","","","","","","IT","","",""
"307204794976","Lenovo ThinkPad X13 Gen 2 i5-1145G7 8 GB 256 GB SSD 13,3"" Garanzia",,18964829775ITT,"5","FIXED_PRICE","EUR",199.0,,,199.0,"0","2","0","Sep-29-26 00:40:15 PDT","Oct-29-26 01:40:15 PDT","Notebook e portatili","177","","","Usato","","","","","","IT","","",""
"307204794977","Lenovo ThinkPad X13 Gen 2 i5-1145G7 16 GB 480 GB SSD 13,3"" Win11 Home Garanzia",,18964892834ITT,"5","FIXED_PRICE","EUR",302.0,,,302.0,"0","","","Sep-29-26 00:40:15 PDT","Oct-29-26 01:40:15 PDT","Notebook e portatili","177","","","Usato","","","","","","IT","","",""
"307204794978","Lenovo ThinkPad X13 Gen 2 i5-1145G7 8 GB 480 GB SSD 13,3"" Win11 Home Garanzia",,18964843191ITT,"5","FIXED_PRICE","EUR",245.0,,,245.0,"0","","","Sep-29-26 00:40:16 PDT","Oct-29-26 01:40:16 PDT","Notebook e portatili","177","","","Usato","","","","","","IT","","",""
"307204794979","Lenovo ThinkPad X13 Gen 2 i5-1145G7 16 GB 256 GB SSD 13,3"" Win11 Home Garanzia",,18964885128ITT,"5","FIXED_PRICE","EUR",256.0,,,256.0,"0","1","0","Sep-29-26 00:40:16 PDT","Oct-29-26 01:40:16 PDT","Notebook e portatili","177","","","Usato","","","","","","IT","","",""
"307204794980","Lenovo ThinkPad L14 Gen1 Ryzen 5 8 GB 256 GB SSD 14"" Win11 Pro Garanzia",,5253_20260213135937ITT,"0","FIXED_PRICE","EUR",204.0,,,204.0,"0","","","Sep-29-26 00:40:16 PDT","Oct-29-26 01:40:16 PDT","Notebook e portatili","177","","","Usato","","","","","","IT","","",""
"307204794981","Lenovo ThinkPad X13 Gen 2 i5-1145G7 16 GB 960 GB SSD 13,3"" Win11 Home Garanzia",,18964895892ITT,"5","FIXED_PRICE","EUR",370.0,,,370.0,"0","","","Sep-29-26 00:40:16 PDT","Oct-29-26 01:40:16 PDT","Notebook e portatili","177","","","Usato","","","","","","IT","","",""
"307204794982","HP Zbook 15 G3 i7-6700HQ 16 GB 756 GB SSD+HDD 15,6"" Win10 Pro Garanzia",,14512080799ITT,"5","FIXED_PRICE","EUR",254.0,,,254.0,"0","","","Sep-29-26 00:40:16 PDT","Oct-29-26 01:40:16 PDT","Notebook e portatili","177","","","Usato","","","","","","IT","","",""
"307204794985","Dell Latitude 5520 i5-1135G7 16 GB 480 GB SSD 15,6"" Win11 Pro Garanzia",,18117669227ITT,"5","FIXED_PRICE","EUR",414.0,,,414.0,"0","","","Sep-29-26 00:40:16 PDT","Oct-29-26 01:40:16 PDT","Notebook e portatili","177","","","Usato","","","","","","IT","","",""
"307204794986","Dell Latitude 5500 i5-8265U 16 GB 256 GB SSD 15,6"" Win11 Pro Garanzia",,18676073402ITT,"5","FIXED_PRICE","EUR",250.0,,,250.0,"0","","","Sep-29-26 00:40:16 PDT","Oct-29-26 01:40:16 PDT","Notebook e portatili","177","","","Usato","","","","","","IT","","",""
"307204794987","Dell Latitude 5580 i5-7200U 16 GB 480 GB SSD 15,6"" Win10 Pro Garanzia",,4434ITT,"5","FIXED_PRICE","EUR",328.0,,,328.0,"0","","","Sep-29-26 00:40:16 PDT","Oct-29-26 01:40:16 PDT","Notebook e portatili","177","","","Usato","","","","","","IT","","",""
"307204794988","Dell Latitude 5520 i5-1135G7 16 GB 480 GB SSD 15,6"" Win11 Pro Garanzia",,3864_20251127093323ITT,"5","FIXED_PRICE","EUR",415.0,,,415.0,"0","","","Sep-29-26 00:40:16 PDT","Oct-29-26 01:40:16 PDT","Notebook e portatili","177","","","Usato","","","","","","IT","","",""
"307204794989","HP EliteBook 745 G5 Ryzen 7 2700U 16 GB 256 GB SSD 14"" Win11 Pro Garanzia",,5912_20260430090212ITT,"5","FIXED_PRICE","EUR",215.0,,,215.0,"0","","","Sep-29-26 00:40:16 PDT","Oct-29-26 01:40:16 PDT","Notebook e portatili","177","","","Usato","","","","","","IT","","",""
"307204794990","HP EliteBook 745 G5 Ryzen 7 2700U 8 GB 256 GB SSD 14"" Win11 Pro Garanzia",,5912ITT,"5","FIXED_PRICE","EUR",193.0,,,193.0,"0","","","Sep-29-26 00:40:16 PDT","Oct-29-26 01:40:16 PDT","Notebook e portatili","177","","","Usato","","","","","","IT","","",""
"307204794991","Dell Latitude 7480 i7-6600U 8 GB 256 GB SSD 14"" Win11 Pro Garanzia",,4598_20251031114749ITT,"5","FIXED_PRICE","EUR",176.0,,,176.0,"0","","","Sep-29-26 00:40:16 PDT","Oct-29-26 01:40:16 PDT","Notebook e portatili","177","","","Usato","","","","","","IT","","",""
"307204794993",Apple Apple MacBook Pro A1707 2017r. i7-7820HQ 16 GB 500 GB SSD macOS Garanzia,,5577ITT,"5","FIXED_PRICE","EUR",364.0,,,364.0,"0","","","Sep-29-26 00:40:16 PDT","Oct-29-26 01:40:16 PDT","Laptop, portatili Apple","111422","","","Usato","","","","","","IT","","",""
"307204794994",Microsoft Surface laptop 3 (1868) i5-1035G7 8 GB 256 GB SSD Win11 Pro Garanzia,,5691_20260505120308ITT,"5","FIXED_PRICE","EUR",364.0,,,364.0,"0","","","Sep-29-26 00:40:16 PDT","Oct-29-26 01:40:16 PDT","Notebook e portatili","177","","","Usato","","","","","","IT","","",""
"307204794995","HP EliteBook 840 G3 i5-6300U 16 GB 256 GB SSD 14"" Win10 Pro Garanzia",,12878141673ITT,"5","FIXED_PRICE","EUR",226.0,,,226.0,"0","","","Sep-29-26 00:40:16 PDT","Oct-29-26 01:40:16 PDT","Notebook e portatili","177","","","Usato","","","","","","IT","","",""
"307204794996","HP EliteBook 840 G3 i5-6300U 8 GB 240 GB SSD 14"" Win10 Pro Garanzia",,13706448901ITT,"5","FIXED_PRICE","EUR",189.0,,,189.0,"0","","","Sep-29-26 00:40:16 PDT","Oct-29-26 01:40:16 PDT","Notebook e portatili","177","","","Usato","","","","","","IT","","",""
"307204794997","Lenovo lenovo ThinkPad T480 i5-8350U 8 GB 256 GB SSD 14"" Win10 Pro Garanzia",,15051507225ITT,"5","FIXED_PRICE","EUR",250.0,,,250.0,"0","","","Sep-29-26 00:40:16 PDT","Oct-29-26 01:40:16 PDT","Notebook e portatili","177","","","Usato","","","","","","IT","","",""
"307204794999","HP ProBook 450 G8 i5-1135G7 16 GB 256 GB SSD 15,6"" Win11 Pro Garanzia",,18422263714ITT,"5","FIXED_PRICE","EUR",410.0,,,410.0,"0","","","Sep-29-26 00:40:16 PDT","Oct-29-26 01:40:16 PDT","Notebook e portatili","177","","","Usato","","","","","","IT","","",""
"307204795000","HP EliteBook 840 G3 i5-6300U 8 GB 240 GB SSD 14"" Win10 Pro Garanzia",,17121822097ITT,"5","FIXED_PRICE","EUR",201.0,,,201.0,"0","","","Sep-29-26 00:40:16 PDT","Oct-29-26 01:40:16 PDT","Notebook e portatili","177","","","Usato","","","","","","IT","","",""
"307204795002","HP EliteBook 840 G3 i5 i5-6300U 16 GB 512 GB SSD 14"" Win11 Pro Garanzia",,16161870822ITT,"5","FIXED_PRICE","EUR",365.0,,,365.0,"0","","","Sep-29-26 00:40:16 PDT","Oct-29-26 01:40:16 PDT","Notebook e portatili","177","","","Usato","","","","","","IT","","",""
"307204795003",Lenovo ThinkPad L14 Gen1 Ryzen 5 PRO 4650U 8 GB 256 GB SSD Win11 Pro Garanzia,,5253_20260213134353ITT,"0","FIXED_PRICE","EUR",238.0,,,238.0,"0","","","Sep-29-26 00:40:16 PDT","Oct-29-26 01:40:16 PDT","Notebook e portatili","177","","","Usato","","","","","","IT","","",""
"307204795005","Lenovo ThinkPad T590 i5-8365U 8 GB 256 GB SSD 15,6"" Win11 Pro Garanzia",,18547290077ITT,"0","FIXED_PRICE","EUR",238.0,,,238.0,"2","0","0","Sep-29-26 00:40:16 PDT","Oct-29-26 01:40:16 PDT","Notebook e portatili","177","","","Usato","","","","","","IT","","",""
"307204795006",Lenovo ThinkPad L14 Gen1 Ryzen 5 PRO 4650U 8 GB 256 GB SSD Win11 Pro Garanzia,,5253_20260213134746ITT,"0","FIXED_PRICE","EUR",215.0,,,215.0,"0","","","Sep-29-26 00:40:16 PDT","Oct-29-26 01:40:16 PDT","Notebook e portatili","177","","","Usato","","","","","","IT","","",""
"307204795007","Lenovo ThinkPad L14 Gen1 Ryzen 5 8 GB 256 GB SSD 14"" Win11 Pro Garanzia",,5253_20260213135520ITT,"0","FIXED_PRICE","EUR",227.0,,,227.0,"0","","","Sep-29-26 00:40:16 PDT","Oct-29-26 01:40:16 PDT","Notebook e portatili","177","","","Usato","","","","","","IT","","",""
"307204795008","HP ProBook 450 G8 i5-1135G7 16 GB 256 GB SSD 15,6"" Win11 Pro Garanzia",,18422342372ITT,"5","FIXED_PRICE","EUR",364.0,,,364.0,"0","","","Sep-29-26 00:40:16 PDT","Oct-29-26 01:40:16 PDT","Notebook e portatili","177","","","Usato","","","","","","IT","","",""
"307204795009","Dell Latitude 5580 i5-7200U 16 GB 480 GB SSD 15,6"" Win10 Pro Garanzia",,12668051384ITT,"5","FIXED_PRICE","EUR",318.0,,,318.0,"0","","","Sep-29-26 00:40:16 PDT","Oct-29-26 01:40:16 PDT","Notebook e portatili","177","","","Usato","","","","","","IT","","",""
"307204795011","Dell Latitude 5580 i5-7200U 8 GB 480 GB SSD 15,6"" Win10 Pro Garanzia",,12668059671ITT,"5","FIXED_PRICE","EUR",302.0,,,302.0,"0","","","Sep-29-26 00:40:16 PDT","Oct-29-26 01:40:16 PDT","Notebook e portatili","177","","","Usato","","","","","","IT","","",""
"307204795013","Dell Dell Latitude 7480 i7-7600U 32 GB 960 GB SSD 14"" Win11 Pro Garanzia",,18043524203ITT,"5","FIXED_PRICE","EUR",362.0,,,362.0,"0","","","Sep-29-26 00:40:16 PDT","Oct-29-26 01:40:16 PDT","Notebook e portatili","177","","","Usato","","","","","","IT","","",""
"307204795014","Dell Dell Latitude 7480 i7-6600U 16 GB 512 GB SSD 14"" Win10 Pro Garanzia",,13897593209ITT,"5","FIXED_PRICE","EUR",291.0,,,291.0,"0","","","Sep-29-26 00:40:16 PDT","Oct-29-26 01:40:16 PDT","Notebook e portatili","177","","","Usato","","","","","","IT","","",""
"307204795015","Lenovo ThinkPad T590 i5-8365U 8 GB 256 GB SSD 15,6"" Win11 Pro Garanzia",,18547336230ITT,"0","FIXED_PRICE","EUR",273.0,,,273.0,"0","","","Sep-29-26 00:40:16 PDT","Oct-29-26 01:40:16 PDT","Notebook e portatili","177","","","Usato","","","","","","IT","","",""
"307204795017",Logic Gaming-PC i5-8400 16 GB 480 GB SSD+HDD Win11 Home Garanzia,,6293ITT,"5","FIXED_PRICE","EUR",775.0,,,775.0,"0","","","Sep-29-26 00:40:16 PDT","Oct-29-26 01:40:16 PDT","Desktop PC","179","","","Nuovo","","","","","","IT","","Non applicabile",""
"307204795018",Dell Optiplex 5050 i5-6600 8 GB 256 GB SSD Win11 Pro Garanzia,,9926ITT,"5","FIXED_PRICE","EUR",133.0,,,133.0,"0","","","Sep-29-26 00:40:16 PDT","Oct-29-26 01:40:16 PDT","Desktop PC","179","","","Usato","","","","","","IT","","",""
"307204795019","Dell Precision 7730 i7-8750H 32 GB 512 GB SSD 17,3"" Win11 Pro Garanzia",,5520ITT,"1","FIXED_PRICE","EUR",714.0,,,714.0,"0","","","Sep-29-26 00:40:16 PDT","Oct-29-26 01:40:16 PDT","Notebook e portatili","177","","","Usato","","","","","","IT","","",""
"307204795020","Dell Precision 7730 i7-8750H 32 GB 512 GB SSD 17,3"" Win11 Pro Garanzia",,5520_20250908114045ITT,"1","FIXED_PRICE","EUR",679.0,,,679.0,"0","","","Sep-29-26 00:40:16 PDT","Oct-29-26 01:40:16 PDT","Notebook e portatili","177","","","Usato","","","","","","IT","","",""
"307204795021","Dell Latitude 5500 i5-8265U 8 GB 240 GB SSD 15,6"" Win11 Pro Garanzia",,6222ITT,"5","FIXED_PRICE","EUR",250.0,,,250.0,"0","","","Sep-29-26 00:40:16 PDT","Oct-29-26 01:40:16 PDT","Notebook e portatili","177","","","Usato","","","","","","IT","","",""
"307204795022","Dell Latitude 7480 i7-6600U 8 GB 256 GB SSD 14"" Win11 Pro Garanzia",,4598_20251031114919ITT,"5","FIXED_PRICE","EUR",193.0,,,193.0,"0","","","Sep-29-26 00:40:16 PDT","Oct-29-26 01:40:16 PDT","Notebook e portatili","177","","","Usato","","","","","","IT","","",""
"307204795023","Dell Latitude 5410 i5-10310U 8 GB 256 GB SSD 14"" Win11 Pro Garanzia",,5570_20251106131704ITT,"5","FIXED_PRICE","EUR",250.0,,,250.0,"0","","","Sep-29-26 00:40:16 PDT","Oct-29-26 01:40:16 PDT","Notebook e portatili","177","","","Usato","","","","","","IT","","",""
"307204795024","HP Probook 640 G8 i5-1135G7 8 GB 256 GB SSD 14"" Win11 Pro Garanzia",,4227_20260202082317ITT,"5","FIXED_PRICE","EUR",318.0,,,318.0,"0","","","Sep-29-26 00:40:16 PDT","Oct-29-26 01:40:16 PDT","Notebook e portatili","177","","","Usato","","","","","","IT","","",""
"307204795026","Dell Latitude 5410 i5-10310U 16 GB 480 GB SSD 14"" Win11 Pro Garanzia",,15091894833ITT,"5","FIXED_PRICE","EUR",350.0,,,350.0,"0","","","Sep-29-26 00:40:16 PDT","Oct-29-26 01:40:16 PDT","Notebook e portatili","177","","","Usato","","","","","","IT","","",""
"307204795027","Dell Dell Latitude 7480 i7-6600U 32 GB 1 TB SSD 14"" Win10 Pro Garanzia",,15344915722ITT,"5","FIXED_PRICE","EUR",357.0,,,357.0,"0","","","Sep-29-26 00:40:16 PDT","Oct-29-26 01:40:16 PDT","Notebook e portatili","177","","","Usato","","","","","","IT","","",""
"307204795028","Dell laptop Dell Latitude 7480 i7-6600U 16 GB 256 GB SSD 14"" Win11 Pro Garanzia",,18043316872ITT,"5","FIXED_PRICE","EUR",227.0,,,227.0,"0","","","Sep-29-26 00:40:16 PDT","Oct-29-26 01:40:16 PDT","Notebook e portatili","177","","","Usato","","","","","","IT","","",""
"307204795030","Dell Dell Latitude 7480 i7-7600U 8 GB 256 GB SSD 14"" Win11 Pro Garanzia",,18043475365ITT,"5","FIXED_PRICE","EUR",181.0,,,181.0,"0","","","Sep-29-26 00:40:16 PDT","Oct-29-26 01:40:16 PDT","Notebook e portatili","177","","","Usato","","","","","","IT","","",""
"307204795031","Dell Latitude 5580 i5-6440HQ 32 GB 480 GB SSD 15,6"" Win10 Pro Garanzia",,14488869662ITT,"5","FIXED_PRICE","EUR",401.0,,,401.0,"0","","","Sep-29-26 00:40:16 PDT","Oct-29-26 01:40:16 PDT","Notebook e portatili","177","","","Usato","","","","","","IT","","",""
"307204795032","Dell Dell Latitude 7480 i7-7600U 16 GB 256 GB SSD 14"" Win11 Pro Garanzia",,18043503450ITT,"5","FIXED_PRICE","EUR",220.0,,,220.0,"0","1","0","Sep-29-26 00:40:16 PDT","Oct-29-26 01:40:16 PDT","Notebook e portatili","177","","","Usato","","","","","","IT","","",""
"307204795033","Microsoft Surface GO 1824 Intel Pentium 8 GB 128 GB SSD 10"" Win10 Pro Garanzia",,15780026971ITT,"5","FIXED_PRICE","EUR",147.0,,,147.0,"0","","","Sep-29-26 00:40:16 PDT","Oct-29-26 01:40:16 PDT","Notebook e portatili","177","","","Usato","","","","","","IT","","",""
"307204795034","Dell Dell Latitude 7480 i7-7600U 32 GB 1 TB SSD 14"" Win10 Pro Garanzia",,15365045149ITT,"5","FIXED_PRICE","EUR",350.0,,,350.0,"0","","","Sep-29-26 00:40:16 PDT","Oct-29-26 01:40:16 PDT","Notebook e portatili","177","","","Usato","","","","","","IT","","",""
"307204795035","Dell Latitude 5420 i5-1135G7 32 GB 480 GB SSD 14"" Win11 Pro Garanzia",,18062647458ITT,"5","FIXED_PRICE","EUR",417.0,,,417.0,"0","","","Sep-29-26 00:40:16 PDT","Oct-29-26 01:40:16 PDT","Notebook e portatili","177","","","Usato","","","","","","IT","","",""
"307204795036","Dell Latitude 5420 i5-1135G7 8 GB 256 GB SSD 14"" Win11 Pro Garanzia",,5112_20251107094128ITT,"5","FIXED_PRICE","EUR",318.0,,,318.0,"0","","","Sep-29-26 00:40:16 PDT","Oct-29-26 01:40:16 PDT","Notebook e portatili","177","","","Usato","","","","","","IT","","",""
"307204795037",Apple Apple MacBook Pro A1707 2017r. i7-7820HQ 16 GB 500 GB SSD macOS Garanzia,,4771ITT,"5","FIXED_PRICE","EUR",364.0,,,364.0,"0","3","0","Sep-29-26 00:40:16 PDT","Oct-29-26 01:40:16 PDT","Laptop, portatili Apple","111422","","","Usato","","","","","","IT","","",""
"307204795041","Dell Latitude 7480 i7-7600U 8 GB 256 GB SSD 14"" Win11 Pro Garanzia",,4598_20251031101523ITT,"5","FIXED_PRICE","EUR",181.0,,,181.0,"0","","","Sep-29-26 00:40:16 PDT","Oct-29-26 01:40:16 PDT","Notebook e portatili","177","","","Usato","","","","","","IT","","",""
"307204795042","HP EliteBook 745 G5 Ryzen 7 2700U 32 GB 960 GB SSD 14"" Win11 Pro Garanzia",,5912_20260430091005ITT,"5","FIXED_PRICE","EUR",444.0,,,444.0,"0","","","Sep-29-26 00:40:16 PDT","Oct-29-26 01:40:16 PDT","Notebook e portatili","177","","","Usato","","","","","","IT","","",""
"307204795043",Lenovo ThinkPad L14 Gen 1 Ryzen 5 PRO 4650U 8 GB 256 GB SSD Win11 Home Garanzia,,18324448144ITT,"0","FIXED_PRICE","EUR",215.0,,,215.0,"0","","","Sep-29-26 00:40:17 PDT","Oct-29-26 01:40:17 PDT","Notebook e portatili","177","","","Usato","","","","","","IT","","",""
"307204795044","Dell Latitude 5420 i5-1135G7 16 GB 480 GB SSD 14"" Win11 Pro Garanzia",,18062502404ITT,"5","FIXED_PRICE","EUR",384.0,,,384.0,"0","","","Sep-29-26 00:40:17 PDT","Oct-29-26 01:40:17 PDT","Notebook e portatili","177","","","Usato","","","","","","IT","","",""
"307204795045","Panasonic ToughPad FZ-G1 mk4 i5-6300U 4 GB 120 GB SSD 10,1"" Win10 Pro Garanzia",,10356_20260812093001ITT,"5","FIXED_PRICE","EUR",153.0,,,153.0,"0","","","Sep-29-26 00:40:17 PDT","Oct-29-26 01:40:17 PDT","Notebook e portatili","177","","","Usato","","","","","","IT","","",""
"307204795048",Lenovo ThinkPad L14 Gen 1 Ryzen 5 PRO 4650U 32 GB 480 GB SSD Win11 Home Garanzia,,18375966844ITT,"0","FIXED_PRICE","EUR",387.0,,,387.0,"0","","","Sep-29-26 00:40:17 PDT","Oct-29-26 01:40:17 PDT","Notebook e portatili","177","","","Usato","","","","","","IT","","",""
"307204795049",Lenovo ThinkPad L14 Gen 1 Ryzen 5 PRO 4650U 16 GB 256 GB SSD Win11 Home Garanzia,,18415770605ITT,"0","FIXED_PRICE","EUR",307.0,,,307.0,"0","","","Sep-29-26 00:40:17 PDT","Oct-29-26 01:40:17 PDT","Notebook e portatili","177","","","Usato","","","","","","IT","","",""
"307204795050",Lenovo ThinkPad L14 Gen 1 Ryzen 5 PRO 4650U 32 GB 256 GB SSD Win11 Home Garanzia,,18375962707ITT,"0","FIXED_PRICE","EUR",341.0,,,341.0,"0","","","Sep-29-26 00:40:17 PDT","Oct-29-26 01:40:17 PDT","Notebook e portatili","177","","","Usato","","","","","","IT","","",""
"307204795051","HP Probook 640 G8 i5-1135G7 8 GB 256 GB SSD 14"" Win11 Pro Garanzia",,4227_20260202082853ITT,"5","FIXED_PRICE","EUR",261.0,,,261.0,"0","","","Sep-29-26 00:40:17 PDT","Oct-29-26 01:40:17 PDT","Notebook e portatili","177","","","Usato","","","","","","IT","","",""
"307204795053","Dell Latitude 5410 i5-10310U 8 GB 256 GB SSD 14"" Win11 Pro Garanzia",,5570_20251106131416ITT,"5","FIXED_PRICE","EUR",273.0,,,273.0,"0","","","Sep-29-26 00:40:17 PDT","Oct-29-26 01:40:17 PDT","Notebook e portatili","177","","","Usato","","","","","","IT","","",""
"307204795054","HP EliteBook 840 G6 i7-8665U 8 GB 256 GB SSD 14"" Win11 Pro Garanzia",,4542_20260702081634ITT,"0","FIXED_PRICE","EUR",250.0,,,250.0,"0","","","Sep-29-26 00:40:17 PDT","Oct-29-26 01:40:17 PDT","Notebook e portatili","177","","","Usato","","","","","","IT","","",""
"307204795055","Dell Dell Latitude 7480 i7-7600U 16 GB 512 GB SSD 14"" Win10 Pro Garanzia",,15365033750ITT,"5","FIXED_PRICE","EUR",284.0,,,284.0,"0","","","Sep-29-26 00:40:17 PDT","Oct-29-26 01:40:17 PDT","Notebook e portatili","177","","","Usato","","","","","","IT","","",""
"307204795056","Dell Dell Latitude 7480 i7-7600U 8 GB 256 GB SSD 14"" Win11 Pro Garanzia",,18043355686ITT,"5","FIXED_PRICE","EUR",204.0,,,204.0,"0","","","Sep-29-26 00:40:17 PDT","Oct-29-26 01:40:17 PDT","Notebook e portatili","177","","","Usato","","","","","","IT","","",""
"307204795058","HP Zbook 15 G3 i7-6700HQ 32 GB 756 GB SSD+HDD 15,6"" Win10 Pro Garanzia",,14512190531ITT,"5","FIXED_PRICE","EUR",396.0,,,396.0,"0","","","Sep-29-26 00:40:17 PDT","Oct-29-26 01:40:17 PDT","Notebook e portatili","177","","","Usato","","","","","","IT","","",""
"307204795060","Dell Latitude 5420 i5-1135G7 32 GB 960 GB SSD 14"" Win11 Pro Garanzia",,18062650522ITT,"5","FIXED_PRICE","EUR",453.0,,,453.0,"0","","","Sep-29-26 00:40:17 PDT","Oct-29-26 01:40:17 PDT","Notebook e portatili","177","","","Usato","","","","","","IT","","",""
"307204795061","Dell Dell Latitude 7480 i7-7600U 16 GB 960 GB SSD 14"" Win11 Pro Garanzia",,18043521260ITT,"5","FIXED_PRICE","EUR",277.0,,,277.0,"0","","","Sep-29-26 00:40:17 PDT","Oct-29-26 01:40:17 PDT","Notebook e portatili","177","","","Usato","","","","","","IT","","",""
"307204795062","Dell Dell Latitude 7480 i7-7600U 16 GB 256 GB SSD 14"" Win11 Pro Garanzia",,18043465648ITT,"5","FIXED_PRICE","EUR",243.0,,,243.0,"0","0","0","Sep-29-26 00:40:17 PDT","Oct-29-26 01:40:17 PDT","Notebook e portatili","177","","","Usato","","","","","","IT","","",""
"307204795063","Dell Dell Latitude 7480 i7-7600U 16 GB 480 GB SSD 14"" Win11 Pro Garanzia",,18043513583ITT,"5","FIXED_PRICE","EUR",259.0,,,259.0,"0","","","Sep-29-26 00:40:17 PDT","Oct-29-26 01:40:17 PDT","Notebook e portatili","177","","","Usato","","","","","","IT","","",""
"307204795064","Dell Latitude 7480 i7-6600U 16 GB 960 GB SSD 14"" Win11 Pro Garanzia",,18295063964ITT,"5","FIXED_PRICE","EUR",336.0,,,336.0,"0","","","Sep-29-26 00:40:17 PDT","Oct-29-26 01:40:17 PDT","Notebook e portatili","177","","","Usato","","","","","","IT","","",""
"307204795065","HP ProBook 640 G8 i5-1145G7 16 GB 256 GB SSD 14"" Win11 Home Garanzia",,18291993563ITT,"5","FIXED_PRICE","EUR",307.0,,,307.0,"0","","","Sep-29-26 00:40:17 PDT","Oct-29-26 01:40:17 PDT","Notebook e portatili","177","","","Usato","","","","","","IT","","",""
"307204795066","Dell Latitude 5420 i5-1135G7 16 GB 960 GB SSD 14"" Win11 Pro Garanzia",,18062795870ITT,"5","FIXED_PRICE","EUR",380.0,,,380.0,"0","","","Sep-29-26 00:40:17 PDT","Oct-29-26 01:40:17 PDT","Notebook e portatili","177","","","Usato","","","","","","IT","","",""
"307204795067","Dell Latitude 5420 i5-1135G7 32 GB 960 GB SSD 14"" Win11 Pro Garanzia",,18062816670ITT,"5","FIXED_PRICE","EUR",430.0,,,430.0,"0","","","Sep-29-26 00:40:17 PDT","Oct-29-26 01:40:17 PDT","Notebook e portatili","177","","","Usato","","","","","","IT","","",""
"307204795068",Lenovo ThinkPad L14 Gen 1 Ryzen 5 PRO 4650U 32 GB 256 GB SSD Win11 Home Garanzia,,18418685638ITT,"0","FIXED_PRICE","EUR",398.0,,,398.0,"0","","","Sep-29-26 00:40:17 PDT","Oct-29-26 01:40:17 PDT","Notebook e portatili","177","","","Usato","","","","","","IT","","",""
"307204795069",Lenovo ThinkPad L14 Gen 1 Ryzen 5 PRO 4650U 8 GB 256 GB SSD Win11 Home Garanzia,,18418679789ITT,"0","FIXED_PRICE","EUR",261.0,,,261.0,"0","","","Sep-29-26 00:40:17 PDT","Oct-29-26 01:40:17 PDT","Notebook e portatili","177","","","Usato","","","","","","IT","","",""
"307204795070","HP ProBook 450 G8 i5-1135G7 16 GB 480 GB SSD 15,6"" Win11 Pro Garanzia",,18523686620ITT,"5","FIXED_PRICE","EUR",410.0,,,410.0,"0","","","Sep-29-26 00:40:17 PDT","Oct-29-26 01:40:17 PDT","Notebook e portatili","177","","","Usato","","","","","","IT","","",""
"307204795071","HP ProBook 450 G8 i5-1135G7 16 GB 960 GB SSD 15,6"" Win11 Pro Garanzia",,18523702784ITT,"5","FIXED_PRICE","EUR",478.0,,,478.0,"0","","","Sep-29-26 00:40:17 PDT","Oct-29-26 01:40:17 PDT","Notebook e portatili","177","","","Usato","","","","","","IT","","",""
"307204795072","Dell Latitude 5500 i5-8265U 16 GB 480 GB SSD 15,6"" Win11 Pro Garanzia",,18676042073ITT,"5","FIXED_PRICE","EUR",341.0,,,341.0,"0","","","Sep-29-26 00:40:17 PDT","Oct-29-26 01:40:17 PDT","Notebook e portatili","177","","","Usato","","","","","","IT","","",""
"307204795073","Dell Latitude 5420 i5-1135G7 8 GB 256 GB SSD 14"" Win11 Pro Garanzia",,5112_20251107093620ITT,"5","FIXED_PRICE","EUR",295.0,,,295.0,"0","","","Sep-29-26 00:40:17 PDT","Oct-29-26 01:40:17 PDT","Notebook e portatili","177","","","Usato","","","","","","IT","","",""
"307204795074","Dell Latitude 5500 i5-8265U 16 GB 256 GB SSD 15,6"" Win11 Pro Garanzia",,18676022903ITT,"5","FIXED_PRICE","EUR",295.0,,,295.0,"0","","","Sep-29-26 00:40:17 PDT","Oct-29-26 01:40:17 PDT","Notebook e portatili","177","","","Usato","","","","","","IT","","",""
"307204795075","Lenovo ThinkPad T490 i5-8265U 16 GB 500 GB SSD 14"" Win11 Pro Garanzia",,4220_20260430112210ITT,"5","FIXED_PRICE","EUR",365.0,,,365.0,"0","","","Sep-29-26 00:40:17 PDT","Oct-29-26 01:40:17 PDT","Notebook e portatili","177","","","Usato","","","","","","IT","","",""
"307204795076","HP Probook 640 G8 i5-1135G7 32 GB 256 GB SSD 14"" Win11 Pro Garanzia",,4227_20260223081918ITT,"5","FIXED_PRICE","EUR",387.0,,,387.0,"0","","","Sep-29-26 00:40:17 PDT","Oct-29-26 01:40:17 PDT","Notebook e portatili","177","","","Usato","","","","","","IT","","",""
"307204795077","Panasonic Toughpad FZ-G1 i5-6300U 4 GB 120 GB SSD 10,1"" Win10 Pro Garanzia",,18835842380ITT,"5","FIXED_PRICE","EUR",147.0,,,147.0,"0","","","Sep-29-26 00:40:17 PDT","Oct-29-26 01:40:17 PDT","Notebook e portatili","177","","","Usato","","","","","","IT","","",""
"307204795078","Dell Latitude 7490 i7-8650U 16 GB 960 GB SSD 14"" Win11 Pro Garanzia",,17897523407ITT,"5","FIXED_PRICE","EUR",277.0,,,277.0,"0","","","Sep-29-26 00:40:17 PDT","Oct-29-26 01:40:17 PDT","Notebook e portatili","177","","","Usato","","","","","","IT","","",""
"307204795080","HP EliteBook 840 G6 i7-8665U 8 GB 256 GB SSD 14"" Win11 Pro Garanzia",,4542_20260702082421ITT,"0","FIXED_PRICE","EUR",273.0,,,273.0,"0","","","Sep-29-26 00:40:17 PDT","Oct-29-26 01:40:17 PDT","Notebook e portatili","177","","","Usato","","","","","","IT","","",""
"307204795082","Dell Dell Latitude 7480 i7-7600U 8 GB 480 GB SSD 14"" Win11 Pro Garanzia",,18043452718ITT,"5","FIXED_PRICE","EUR",243.0,,,243.0,"0","1","0","Sep-29-26 00:40:17 PDT","Oct-29-26 01:40:17 PDT","Notebook e portatili","177","","","Usato","","","","","","IT","","",""
"307204795083","Dell Latitude 5410 i5-10310U 16 GB 256 GB SSD 14"" Win11 Pro Garanzia",,18060112469ITT,"5","FIXED_PRICE","EUR",300.0,,,300.0,"0","","","Sep-29-26 00:40:17 PDT","Oct-29-26 01:40:17 PDT","Notebook e portatili","177","","","Usato","","","","","","IT","","",""
"307204795084","Dell Latitude 5410 i5-10310U 16 GB 480 GB SSD 14"" Win11 Pro Garanzia",,18060119648ITT,"5","FIXED_PRICE","EUR",339.0,,,339.0,"0","","","Sep-29-26 00:40:17 PDT","Oct-29-26 01:40:17 PDT","Notebook e portatili","177","","","Usato","","","","","","IT","","",""
"307204795085","Dell Dell Latitude 7480 i7-7600U 16 GB 960 GB SSD 14"" Win11 Pro Garanzia",,18043470882ITT,"5","FIXED_PRICE","EUR",300.0,,,300.0,"0","","","Sep-29-26 00:40:17 PDT","Oct-29-26 01:40:17 PDT","Notebook e portatili","177","","","Usato","","","","","","IT","","",""
"307204795086","Dell Latitude 5410 i5-10310U 16 GB 960 GB SSD 14"" Win11 Pro Garanzia",,18060126128ITT,"5","FIXED_PRICE","EUR",357.0,,,357.0,"0","","","Sep-29-26 00:40:17 PDT","Oct-29-26 01:40:17 PDT","Notebook e portatili","177","","","Usato","","","","","","IT","","",""
"307204795088","Dell Latitude 5410 i5-10310U 32 GB 256 GB SSD 14"" Win11 Pro Garanzia",,18060136071ITT,"5","FIXED_PRICE","EUR",350.0,,,350.0,"0","","","Sep-29-26 00:40:17 PDT","Oct-29-26 01:40:17 PDT","Notebook e portatili","177","","","Usato","","","","","","IT","","",""
"307204795089","Dell Latitude 5410 i5-10310U 32 GB 480 GB SSD 14"" Win11 Pro Garanzia",,18062217517ITT,"5","FIXED_PRICE","EUR",389.0,,,389.0,"0","","","Sep-29-26 00:40:17 PDT","Oct-29-26 01:40:17 PDT","Notebook e portatili","177","","","Usato","","","","","","IT","","",""
"307204795090","Dell Latitude 5410 i5-10310U 32 GB 960 GB SSD 14"" Win11 Pro Garanzia",,18062225083ITT,"5","FIXED_PRICE","EUR",407.0,,,407.0,"0","","","Sep-29-26 00:40:17 PDT","Oct-29-26 01:40:17 PDT","Notebook e portatili","177","","","Usato","","","","","","IT","","",""
"307204795092","Dell Latitude 5410 i5-10310U 16 GB 256 GB SSD 14"" Win11 Pro Garanzia",,18062285076ITT,"5","FIXED_PRICE","EUR",277.0,,,277.0,"0","","","Sep-29-26 00:40:17 PDT","Oct-29-26 01:40:17 PDT","Notebook e portatili","177","","","Usato","","","","","","IT","","",""
"307204795093","Dell Latitude 5410 i5-10310U 16 GB 480 GB SSD 14"" Win11 Pro Garanzia",,18062297262ITT,"5","FIXED_PRICE","EUR",316.0,,,316.0,"0","","","Sep-29-26 00:40:17 PDT","Oct-29-26 01:40:17 PDT","Notebook e portatili","177","","","Usato","","","","","","IT","","",""
"307204795094","Dell Latitude 5420 i5-1135G7 16 GB 256 GB SSD 14"" Win11 Pro Garanzia",,18062476899ITT,"5","FIXED_PRICE","EUR",346.0,,,346.0,"0","","","Sep-29-26 00:40:17 PDT","Oct-29-26 01:40:17 PDT","Notebook e portatili","177","","","Usato","","","","","","IT","","",""
"307204795095","Dell Latitude 5410 i5-10310U 32 GB 960 GB SSD 14"" Win11 Pro Garanzia",,18062335579ITT,"5","FIXED_PRICE","EUR",385.0,,,385.0,"0","","","Sep-29-26 00:40:17 PDT","Oct-29-26 01:40:17 PDT","Notebook e portatili","177","","","Usato","","","","","","IT","","",""
"307204795096","Dell Latitude 5420 i5-1135G7 16 GB 960 GB SSD 14"" Win11 Pro Garanzia",,18062634335ITT,"5","FIXED_PRICE","EUR",403.0,,,403.0,"0","","","Sep-29-26 00:40:17 PDT","Oct-29-26 01:40:17 PDT","Notebook e portatili","177","","","Usato","","","","","","IT","","",""
"307204795097","Dell Latitude 5410 i5-10310U 16 GB 960 GB SSD 14"" Win11 Pro Garanzia",,18062314836ITT,"5","FIXED_PRICE","EUR",334.0,,,334.0,"0","","","Sep-29-26 00:40:17 PDT","Oct-29-26 01:40:17 PDT","Notebook e portatili","177","","","Usato","","","","","","IT","","",""
"307204795098","Dell Latitude 5420 i5-1135G7 32 GB 256 GB SSD 14"" Win11 Pro Garanzia",,18062640204ITT,"5","FIXED_PRICE","EUR",396.0,,,396.0,"0","","","Sep-29-26 00:40:17 PDT","Oct-29-26 01:40:17 PDT","Notebook e portatili","177","","","Usato","","","","","","IT","","",""
"307204795099","Dell Latitude 5420 i5-1135G7 16 GB 256 GB SSD 14"" Win11 Pro Garanzia",,18062772935ITT,"5","FIXED_PRICE","EUR",323.0,,,323.0,"0","","","Sep-29-26 00:40:17 PDT","Oct-29-26 01:40:17 PDT","Notebook e portatili","177","","","Usato","","","","","","IT","","",""
"307204795101","HP ProBook 640 G8 i5-1145G7 8 GB 256 GB SSD 14"" Win11 Home Garanzia",,18291941242ITT,"5","FIXED_PRICE","EUR",318.0,,,318.0,"0","","","Sep-29-26 00:40:17 PDT","Oct-29-26 01:40:17 PDT","Notebook e portatili","177","","","Usato","","","","","","IT","","",""
"307204795102","Dell Latitude 5420 i5-1135G7 16 GB 480 GB SSD 14"" Win11 Pro Garanzia",,18062782306ITT,"5","FIXED_PRICE","EUR",361.0,,,361.0,"0","","","Sep-29-26 00:40:18 PDT","Oct-29-26 01:40:18 PDT","Notebook e portatili","177","","","Usato","","","","","","IT","","",""
"307204795103","HP ProBook 640 G8 i5-1145G7 8 GB 256 GB SSD 14"" Win11 Home Garanzia",,18291981656ITT,"5","FIXED_PRICE","EUR",261.0,,,261.0,"0","","","Sep-29-26 00:40:18 PDT","Oct-29-26 01:40:18 PDT","Notebook e portatili","177","","","Usato","","","","","","IT","","",""
"307204795105","HP ProBook 640 G8 i5-1145G7 16 GB 480 GB SSD 14"" Win11 Home Garanzia",,18292005235ITT,"5","FIXED_PRICE","EUR",353.0,,,353.0,"0","","","Sep-29-26 00:40:18 PDT","Oct-29-26 01:40:18 PDT","Notebook e portatili","177","","","Usato","","","","","","IT","","",""
"307204795106","HP ProBook 640 G8 i5-1145G7 16 GB 960 GB SSD 14"" Win11 Home Garanzia",,18292014054ITT,"5","FIXED_PRICE","EUR",410.0,,,410.0,"0","","","Sep-29-26 00:40:18 PDT","Oct-29-26 01:40:18 PDT","Notebook e portatili","177","","","Usato","","","","","","IT","","",""
"307204795107","HP ProBook 640 G8 i5-1145G7 32 GB 960 GB SSD 14"" Win11 Home Garanzia",,18292016582ITT,"5","FIXED_PRICE","EUR",490.0,,,490.0,"0","","","Sep-29-26 00:40:18 PDT","Oct-29-26 01:40:18 PDT","Notebook e portatili","177","","","Usato","","","","","","IT","","",""
"307204795108","HP ProBook 640 G8 i5-1145G7 16 GB 256 GB SSD 14"" Win11 Home Garanzia",,18292021358ITT,"5","FIXED_PRICE","EUR",364.0,,,364.0,"0","","","Sep-29-26 00:40:18 PDT","Oct-29-26 01:40:18 PDT","Notebook e portatili","177","","","Usato","","","","","","IT","","",""
"307204795109","HP ProBook 640 G8 i5-1145G7 16 GB 480 GB SSD 14"" Win11 Home Garanzia",,18292027458ITT,"5","FIXED_PRICE","EUR",410.0,,,410.0,"0","","","Sep-29-26 00:40:18 PDT","Oct-29-26 01:40:18 PDT","Notebook e portatili","177","","","Usato","","","","","","IT","","",""
"307204795111","HP ProBook 640 G8 i5-1145G7 32 GB 480 GB SSD 14"" Win11 Home Garanzia",,18292018212ITT,"5","FIXED_PRICE","EUR",433.0,,,433.0,"0","","","Sep-29-26 00:40:18 PDT","Oct-29-26 01:40:18 PDT","Notebook e portatili","177","","","Usato","","","","","","IT","","",""
"307204795112","HP ProBook 640 G8 i5-1145G7 32 GB 480 GB SSD 14"" Win11 Home Garanzia",,18292050649ITT,"5","FIXED_PRICE","EUR",558.0,,,558.0,"0","","","Sep-29-26 00:40:18 PDT","Oct-29-26 01:40:18 PDT","Notebook e portatili","177","","","Usato","","","","","","IT","","",""
"307204795113","HP ProBook 640 G8 i5-1145G7 16 GB 960 GB SSD 14"" Win11 Home Garanzia",,18292030088ITT,"5","FIXED_PRICE","EUR",467.0,,,467.0,"0","","","Sep-29-26 00:40:18 PDT","Oct-29-26 01:40:18 PDT","Notebook e portatili","177","","","Usato","","","","","","IT","","",""
"307204795114","HP ProBook 640 G8 i5-1145G7 32 GB 960 GB SSD 14"" Win11 Home Garanzia",,18292048781ITT,"5","FIXED_PRICE","EUR",547.0,,,547.0,"0","","","Sep-29-26 00:40:18 PDT","Oct-29-26 01:40:18 PDT","Notebook e portatili","177","","","Usato","","","","","","IT","","",""
"307204795115","HP ProBook 640 G8 i5-1145G7 32 GB 256 GB SSD 14"" Win11 Home Garanzia",,18292052287ITT,"5","FIXED_PRICE","EUR",444.0,,,444.0,"0","","","Sep-29-26 00:40:18 PDT","Oct-29-26 01:40:18 PDT","Notebook e portatili","177","","","Usato","","","","","","IT","","",""
"307204795117","Dell Latitude 7480 i7-6600U 16 GB 480 GB SSD 14"" Win11 Pro Garanzia",,18295062294ITT,"5","FIXED_PRICE","EUR",267.0,,,267.0,"0","","","Sep-29-26 00:40:18 PDT","Oct-29-26 01:40:18 PDT","Notebook e portatili","177","","","Usato","","","","","","IT","","",""
"307204795118","Dell Latitude 7480 i7-6600U 32 GB 960 GB SSD 14"" Win11 Pro Garanzia",,18295070323ITT,"5","FIXED_PRICE","EUR",416.0,,,416.0,"0","","","Sep-29-26 00:40:18 PDT","Oct-29-26 01:40:18 PDT","Notebook e portatili","177","","","Usato","","","","","","IT","","",""
"307204795119",Lenovo ThinkPad L14 Gen 1 Ryzen 5 PRO 4650U 8 GB 256 GB SSD Win11 Home Garanzia,,18324472819ITT,"0","FIXED_PRICE","EUR",238.0,,,238.0,"0","","","Sep-29-26 00:40:18 PDT","Oct-29-26 01:40:18 PDT","Notebook e portatili","177","","","Usato","","","","","","IT","","",""
"307204795120","Dell Latitude 7480 i7-6600U 16 GB 256 GB SSD 14"" Win11 Pro Garanzia",,18295056058ITT,"5","FIXED_PRICE","EUR",233.0,,,233.0,"0","","","Sep-29-26 00:40:18 PDT","Oct-29-26 01:40:18 PDT","Notebook e portatili","177","","","Usato","","","","","","IT","","",""
"307204795122","HP Zbook 14U G5 i5-7300U 8 GB 120 GB SSD 14,1"" Win11 Pro Garanzia",,18372382028ITT,"5","FIXED_PRICE","EUR",181.0,,,181.0,"0","","","Sep-29-26 00:40:18 PDT","Oct-29-26 01:40:18 PDT","Notebook e portatili","177","","","Usato","","","","","","IT","","",""
"307204795124",Lenovo ThinkPad L14 Gen 1 Ryzen 5 PRO 4650U 16 GB 480 GB SSD Win11 Home Garanzia,,18375916253ITT,"0","FIXED_PRICE","EUR",307.0,,,307.0,"0","","","Sep-29-26 00:40:18 PDT","Oct-29-26 01:40:18 PDT","Notebook e portatili","177","","","Usato","","","","","","IT","","",""
"307204795126","HP Zbook 14U G5 i5-7200U 16 GB 120 GB SSD 14,1"" Win11 Pro Garanzia",,18372407303ITT,"5","FIXED_PRICE","EUR",221.0,,,221.0,"0","","","Sep-29-26 00:40:18 PDT","Oct-29-26 01:40:18 PDT","Notebook e portatili","177","","","Usato","","","","","","IT","","",""
"307204795127",Lenovo ThinkPad L14 Gen 1 Ryzen 5 PRO 4650U 16 GB 256 GB SSD Win11 Home Garanzia,,18375908714ITT,"0","FIXED_PRICE","EUR",261.0,,,261.0,"0","","","Sep-29-26 00:40:18 PDT","Oct-29-26 01:40:18 PDT","Notebook e portatili","177","","","Usato","","","","","","IT","","",""
"307204795128",Lenovo ThinkPad L14 Gen 1 Ryzen 5 PRO 4650U 16 GB 960 GB SSD Win11 Home Garanzia,,18375944967ITT,"0","FIXED_PRICE","EUR",375.0,,,375.0,"0","","","Sep-29-26 00:40:18 PDT","Oct-29-26 01:40:18 PDT","Notebook e portatili","177","","","Usato","","","","","","IT","","",""
"307204795129",Lenovo ThinkPad L14 Gen 1 Ryzen 5 PRO 4650U 32 GB 960 GB SSD Win11 Home Garanzia,,18375969839ITT,"0","FIXED_PRICE","EUR",455.0,,,455.0,"0","","","Sep-29-26 00:40:18 PDT","Oct-29-26 01:40:18 PDT","Notebook e portatili","177","","","Usato","","","","","","IT","","",""
"307204795130",Lenovo ThinkPad L14 Gen 1 Ryzen 5 PRO 4650U 32 GB 256 GB SSD Win11 Home Garanzia,,18375996657ITT,"0","FIXED_PRICE","EUR",364.0,,,364.0,"0","","","Sep-29-26 00:40:18 PDT","Oct-29-26 01:40:18 PDT","Notebook e portatili","177","","","Usato","","","","","","IT","","",""
"307204795131",Lenovo ThinkPad L14 Gen 1 Ryzen 5 PRO 4650U 16 GB 256 GB SSD Win11 Home Garanzia,,18375973272ITT,"0","FIXED_PRICE","EUR",284.0,,,284.0,"0","","","Sep-29-26 00:40:18 PDT","Oct-29-26 01:40:18 PDT","Notebook e portatili","177","","","Usato","","","","","","IT","","",""
"307204795132",Lenovo ThinkPad L14 Gen 1 Ryzen 5 PRO 4650U 32 GB 480 GB SSD Win11 Home Garanzia,,18376031910ITT,"0","FIXED_PRICE","EUR",410.0,,,410.0,"0","","","Sep-29-26 00:40:18 PDT","Oct-29-26 01:40:18 PDT","Notebook e portatili","177","","","Usato","","","","","","IT","","",""
"307204795134",Lenovo ThinkPad L14 Gen 1 Ryzen 5 PRO 4650U 16 GB 480 GB SSD Win11 Home Garanzia,,18375975189ITT,"0","FIXED_PRICE","EUR",330.0,,,330.0,"0","","","Sep-29-26 00:40:18 PDT","Oct-29-26 01:40:18 PDT","Notebook e portatili","177","","","Usato","","","","","","IT","","",""
"307204795135",Lenovo ThinkPad L14 Gen 1 Ryzen 5 PRO 4650U 16 GB 960 GB SSD Win11 Home Garanzia,,18375986631ITT,"0","FIXED_PRICE","EUR",398.0,,,398.0,"0","","","Sep-29-26 00:40:18 PDT","Oct-29-26 01:40:18 PDT","Notebook e portatili","177","","","Usato","","","","","","IT","","",""
"307204795136",Lenovo ThinkPad L14 Gen 1 Ryzen 5 PRO 4650U 32 GB 960 GB SSD Win11 Home Garanzia,,18376044370ITT,"0","FIXED_PRICE","EUR",478.0,,,478.0,"0","","","Sep-29-26 00:40:18 PDT","Oct-29-26 01:40:18 PDT","Notebook e portatili","177","","","Usato","","","","","","IT","","",""
"307204795137","HP ProBook 640 G8 i5-1145G7 8 GB 256 GB SSD 14"" Win11 Home Garanzia",,18418965743ITT,"5","FIXED_PRICE","EUR",348.0,,,348.0,"0","","","Sep-29-26 00:40:18 PDT","Oct-29-26 01:40:18 PDT","Notebook e portatili","177","","","Usato","","","","","","IT","","",""
"307204795138",Lenovo ThinkPad L14 Gen 1 Ryzen 5 PRO 4650U 32 GB 480 GB SSD Win11 Home Garanzia,,18418687984ITT,"0","FIXED_PRICE","EUR",444.0,,,444.0,"0","","","Sep-29-26 00:40:18 PDT","Oct-29-26 01:40:18 PDT","Notebook e portatili","177","","","Usato","","","","","","IT","","",""
"307204795140","HP ProBook 640 G8 i5-1145G7 16 GB 256 GB SSD 14"" Win11 Home Garanzia",,18419017446ITT,"5","FIXED_PRICE","EUR",398.0,,,398.0,"0","","","Sep-29-26 00:40:18 PDT","Oct-29-26 01:40:18 PDT","Notebook e portatili","177","","","Usato","","","","","","IT","","",""
"307204795141","HP ProBook 640 G8 i5-1145G7 16 GB 500 GB SSD 14"" Win11 Home Garanzia",,18419032428ITT,"5","FIXED_PRICE","EUR",433.0,,,433.0,"0","","","Sep-29-26 00:40:18 PDT","Oct-29-26 01:40:18 PDT","Notebook e portatili","177","","","Usato","","","","","","IT","","",""
"307204795142","HP ProBook 640 G8 i5-1145G7 32 GB 256 GB SSD 14"" Win11 Home Garanzia",,18419024691ITT,"5","FIXED_PRICE","EUR",478.0,,,478.0,"0","","","Sep-29-26 00:40:18 PDT","Oct-29-26 01:40:18 PDT","Notebook e portatili","177","","","Usato","","","","","","IT","","",""
"307204795143","HP ProBook 450 G8 i5-1135G7 16 GB 480 GB SSD 15,6"" Win11 Pro Garanzia",,18523626363ITT,"5","FIXED_PRICE","EUR",455.0,,,455.0,"0","","","Sep-29-26 00:40:18 PDT","Oct-29-26 01:40:18 PDT","Notebook e portatili","177","","","Usato","","","","","","IT","","",""
"307204795144","HP ProBook 450 G8 i5-1135G7 32 GB 480 GB SSD 15,6"" Win11 Pro Garanzia",,18523652836ITT,"5","FIXED_PRICE","EUR",547.0,,,547.0,"0","","","Sep-29-26 00:40:18 PDT","Oct-29-26 01:40:18 PDT","Notebook e portatili","177","","","Usato","","","","","","IT","","",""
"307204795145","HP ProBook 450 G8 i5-1135G7 32 GB 256 GB SSD 15,6"" Win11 Pro Garanzia",,18523641258ITT,"5","FIXED_PRICE","EUR",501.0,,,501.0,"0","","","Sep-29-26 00:40:18 PDT","Oct-29-26 01:40:18 PDT","Notebook e portatili","177","","","Usato","","","","","","IT","","",""
"307204795146","HP ProBook 450 G8 i5-1135G7 16 GB 960 GB SSD 15,6"" Win11 Pro Garanzia",,18523629118ITT,"5","FIXED_PRICE","EUR",524.0,,,524.0,"0","","","Sep-29-26 00:40:18 PDT","Oct-29-26 01:40:18 PDT","Notebook e portatili","177","","","Usato","","","","","","IT","","",""
"307204795148","HP ProBook 450 G8 i5-1135G7 32 GB 960 GB SSD 15,6"" Win11 Pro Garanzia",,18523660017ITT,"5","FIXED_PRICE","EUR",615.0,,,615.0,"0","","","Sep-29-26 00:40:18 PDT","Oct-29-26 01:40:18 PDT","Notebook e portatili","177","","","Usato","","","","","","IT","","",""
"307204795149","HP ProBook 450 G8 i5-1135G7 32 GB 256 GB SSD 15,6"" Win11 Pro Garanzia",,18523711853ITT,"5","FIXED_PRICE","EUR",455.0,,,455.0,"0","","","Sep-29-26 00:40:18 PDT","Oct-29-26 01:40:18 PDT","Notebook e portatili","177","","","Usato","","","","","","IT","","",""
"307204795150","HP ProBook 450 G8 i5-1135G7 32 GB 960 GB SSD 15,6"" Win11 Pro Garanzia",,18523745140ITT,"5","FIXED_PRICE","EUR",570.0,,,570.0,"0","","","Sep-29-26 00:40:18 PDT","Oct-29-26 01:40:18 PDT","Notebook e portatili","177","","","Usato","","","","","","IT","","",""
"307204795151","HP ProBook 450 G8 i5-1135G7 32 GB 480 GB SSD 15,6"" Win11 Pro Garanzia",,18523741291ITT,"5","FIXED_PRICE","EUR",501.0,,,501.0,"0","","","Sep-29-26 00:40:18 PDT","Oct-29-26 01:40:18 PDT","Notebook e portatili","177","","","Usato","","","","","","IT","","",""
"307204795152","Dell Latitude 5500 i5-8265U 16 GB 960 GB SSD 15,6"" Win11 Pro Garanzia",,18676051117ITT,"5","FIXED_PRICE","EUR",410.0,,,410.0,"0","","","Sep-29-26 00:40:18 PDT","Oct-29-26 01:40:18 PDT","Notebook e portatili","177","","","Usato","","","","","","IT","","",""
"307204795153","Dell Latitude 5500 i5-8365U 8 GB 256 GB SSD 15,6"" Win10 Pro Garanzia",,18675986463ITT,"5","FIXED_PRICE","EUR",250.0,,,250.0,"0","","","Sep-29-26 00:40:18 PDT","Oct-29-26 01:40:18 PDT","Notebook e portatili","177","","","Usato","","","","","","IT","","",""
"307204795155","Dell Latitude 5500 i5-8265U 16 GB 960 GB SSD 15,6"" Win11 Pro Garanzia",,18676087088ITT,"5","FIXED_PRICE","EUR",364.0,,,364.0,"0","","","Sep-29-26 00:40:18 PDT","Oct-29-26 01:40:18 PDT","Notebook e portatili","177","","","Usato","","","","","","IT","","",""
"307204795156","Dell Latitude 5500 i5-8265U 32 GB 960 GB SSD 15,6"" Win11 Pro Garanzia",,18676063285ITT,"5","FIXED_PRICE","EUR",490.0,,,490.0,"0","","","Sep-29-26 00:40:18 PDT","Oct-29-26 01:40:18 PDT","Notebook e portatili","177","","","Usato","","","","","","IT","","",""
"307204795157","HP Elitebook 840 G6 i7-8665U 8 GB 256 GB SSD 14"" Win10 Pro Garanzia",,18726244644ITT,"0","FIXED_PRICE","EUR",261.0,,,261.0,"0","","","Sep-29-26 00:40:18 PDT","Oct-29-26 01:40:18 PDT","Notebook e portatili","177","","","Usato","","","","","","IT","","",""
"307204795158","HP Elitebook 840 G6 i7-8665U 8 GB 256 GB SSD 14"" Win10 Pro Garanzia",,18726252529ITT,"0","FIXED_PRICE","EUR",284.0,,,284.0,"0","","","Sep-29-26 00:40:18 PDT","Oct-29-26 01:40:18 PDT","Notebook e portatili","177","","","Usato","","","","","","IT","","",""
"307204795159","HP Elitebook 840 G6 i7-8665U 16 GB 480 GB SSD 14"" Win11 Pro Garanzia",,18726291698ITT,"0","FIXED_PRICE","EUR",364.0,,,364.0,"0","","","Sep-29-26 00:40:18 PDT","Oct-29-26 01:40:18 PDT","Notebook e portatili","177","","","Usato","","","","","","IT","","",""
"307204795160","Dell Latitude 5500 i5-8265U 32 GB 960 GB SSD 15,6"" Win11 Pro Garanzia",,18676092683ITT,"5","FIXED_PRICE","EUR",444.0,,,444.0,"0","","","Sep-29-26 00:40:18 PDT","Oct-29-26 01:40:18 PDT","Notebook e portatili","177","","","Usato","","","","","","IT","","",""
"307204795161","HP Elitebook 840 G6 i7-8665U 16 GB 256 GB SSD 14"" Win11 Pro Garanzia",,18726269528ITT,"0","FIXED_PRICE","EUR",330.0,,,330.0,"0","","","Sep-29-26 00:40:18 PDT","Oct-29-26 01:40:18 PDT","Notebook e portatili","177","","","Usato","","","","","","IT","","",""
"307204795162","HP Elitebook 840 G6 i7-8665U 16 GB 1 TB SSD 14"" Win11 Pro Garanzia",,18726296943ITT,"0","FIXED_PRICE","EUR",444.0,,,444.0,"0","","","Sep-29-26 00:40:18 PDT","Oct-29-26 01:40:18 PDT","Notebook e portatili","177","","","Usato","","","","","","IT","","",""
"307204795165","HP Elitebook 840 G6 i7-8665U 16 GB 256 GB SSD 14"" Win11 Pro Garanzia",,18726318979ITT,"0","FIXED_PRICE","EUR",307.0,,,307.0,"0","","","Sep-29-26 00:40:18 PDT","Oct-29-26 01:40:18 PDT","Notebook e portatili","177","","","Usato","","","","","","IT","","",""
"307204795166","HP Elitebook 840 G6 i7-8665U 16 GB 500 GB SSD 14"" Win11 Pro Garanzia",,18726328063ITT,"0","FIXED_PRICE","EUR",341.0,,,341.0,"0","","","Sep-29-26 00:40:19 PDT","Oct-29-26 01:40:19 PDT","Notebook e portatili","177","","","Usato","","","","","","IT","","",""
"307204795167","HP Elitebook 840 G6 i7-8665U 16 GB 1 TB SSD 14"" Win11 Pro Garanzia",,18726337859ITT,"0","FIXED_PRICE","EUR",421.0,,,421.0,"0","","","Sep-29-26 00:40:19 PDT","Oct-29-26 01:40:19 PDT","Notebook e portatili","177","","","Usato","","","","","","IT","","",""
"307204795168","HP Elitebook 840 G6 i7-8665U 32 GB 1 TB SSD 14"" Win11 Pro Garanzia",,18726310316ITT,"0","FIXED_PRICE","EUR",524.0,,,524.0,"0","","","Sep-29-26 00:40:19 PDT","Oct-29-26 01:40:19 PDT","Notebook e portatili","177","","","Usato","","","","","","IT","","",""
"307204795169","HP Elitebook 840 G6 i7-8665U 32 GB 1 TB SSD 14"" Win11 Pro Garanzia",,18726346096ITT,"0","FIXED_PRICE","EUR",512.0,,,512.0,"0","","","Sep-29-26 00:40:19 PDT","Oct-29-26 01:40:19 PDT","Notebook e portatili","177","","","Usato","","","","","","IT","","",""
"307204795170","Lenovo ThinkPad T490 i5-8265U 8 GB 256 GB SSD 14"" Win11 Pro Garanzia",,4220ITT,"8","FIXED_PRICE","EUR",273.0,,,273.0,"0","","","Sep-29-26 00:40:19 PDT","Oct-29-26 01:40:19 PDT","Notebook e portatili","177","","","Usato","","","","","","IT","","",""
"307204795171","Lenovo ThinkPad T590 i5-8365U 12 GB 256 GB SSD 15,6"" Win11 Pro Garanzia",,18893376347ITT,"0","FIXED_PRICE","EUR",261.0,,,261.0,"0","","","Sep-29-26 00:40:19 PDT","Oct-29-26 01:40:19 PDT","Notebook e portatili","177","","","Usato","","","","","","IT","","",""
"307204795173",Dell Optiplex 5050 i5-6600 16 GB 480 GB SSD Win11 Pro Garanzia,,9926_20260610141159ITT,"8","FIXED_PRICE","EUR",225.0,,,225.0,"0","","","Sep-29-26 00:40:19 PDT","Oct-29-26 01:40:19 PDT","Desktop PC","179","","","Usato","","","","","","IT","","",""
"307204795175","HP ZBook 14u G5 i5-7200U 16 GB 480 GB SSD 14"" Win10 Pro Garanzia",,12649754926ITT,"8","FIXED_PRICE","EUR",341.0,,,341.0,"0","","","Sep-29-26 00:40:19 PDT","Oct-29-26 01:40:19 PDT","Notebook e portatili","177","","","Usato","","","","","","IT","","",""
"307204795177","Dell Dell Precision 7740 i7-9850H 16 GB 512 GB SSD 17,3"" Win11 Pro Garanzia",,17869434815ITT,"8","FIXED_PRICE","EUR",762.0,,,762.0,"0","","","Sep-29-26 00:40:19 PDT","Oct-29-26 01:40:19 PDT","Notebook e portatili","177","","","Usato","","","","","","IT","","",""
"307204795178","Dell Latitude 5410 i5-10310U 32 GB 960 GB SSD 14"" Win11 Pro Garanzia",,15092084477ITT,"8","FIXED_PRICE","EUR",465.0,,,465.0,"0","","","Sep-29-26 00:40:19 PDT","Oct-29-26 01:40:19 PDT","Notebook e portatili","177","","","Usato","","","","","","IT","","",""
"307204795179","Dell Latitude 5410 i5-10310U 32 GB 480 GB SSD 14"" Win11 Pro Garanzia",,15092071150ITT,"8","FIXED_PRICE","EUR",446.0,,,446.0,"0","","","Sep-29-26 00:40:19 PDT","Oct-29-26 01:40:19 PDT","Notebook e portatili","177","","","Usato","","","","","","IT","","",""
"307204795180",Lenovo ThinkPad T14 Gen1 Ryzen 5 PRO 4650U 16 GB 480 GB SSD Win11 Pro Garanzia,,18415895321ITT,"0","FIXED_PRICE","EUR",290.0,,,290.0,"0","","","Sep-29-26 00:40:19 PDT","Oct-29-26 01:40:19 PDT","Notebook e portatili","177","","","Usato","","","","","","IT","","",""
"307204795181","Dell Latitude 5500 i5-8365U 16 GB 512 GB SSD 15,6"" Win10 Pro Garanzia",,18561294716ITT,"8","FIXED_PRICE","EUR",295.0,,,295.0,"0","","","Sep-29-26 00:40:19 PDT","Oct-29-26 01:40:19 PDT","Notebook e portatili","177","","","Usato","","","","","","IT","","",""
"307204795182","Dell Latitude 5500 i5-8265U 32 GB 480 GB SSD 15,6"" Win11 Pro Garanzia",,6222_20260430093735ITT,"8","FIXED_PRICE","EUR",444.0,,,444.0,"0","","","Sep-29-26 00:40:19 PDT","Oct-29-26 01:40:19 PDT","Notebook e portatili","177","","","Usato","","","","","","IT","","",""
"307204795183","Dell Latitude 5500 i5-8365U 16 GB 480 GB SSD 15,6"" Win11 Pro Garanzia",,5494ITT,"8","FIXED_PRICE","EUR",319.0,,,319.0,"0","","","Sep-29-26 00:40:19 PDT","Oct-29-26 01:40:19 PDT","Notebook e portatili","177","","","Usato","","","","","","IT","","",""
"307204795184","HP ZBook 14u G5 i5-7200U 16 GB 256 GB SSD 14"" Win11 Pro Garanzia",,4622ITT,"8","FIXED_PRICE","EUR",300.0,,,300.0,"0","","","Sep-29-26 00:40:19 PDT","Oct-29-26 01:40:19 PDT","Notebook e portatili","177","","","Usato","","","","","","IT","","",""
"307204795185","Dell Dell Precision 7740 i7-9850H 16 GB 512 GB SSD 17,3"" Win11 Pro Garanzia",,17869432585ITT,"8","FIXED_PRICE","EUR",876.0,,,876.0,"0","","","Sep-29-26 00:40:19 PDT","Oct-29-26 01:40:19 PDT","Notebook e portatili","177","","","Usato","","","","","","IT","","",""
"307204795186","Dell Latitude 5500 i5-8265U 32 GB 2 TB SSD 15,6"" Win11 Pro Garanzia",,6222_20260505134958ITT,"8","FIXED_PRICE","EUR",592.0,,,592.0,"0","","","Sep-29-26 00:40:19 PDT","Oct-29-26 01:40:19 PDT","Notebook e portatili","177","","","Usato","","","","","","IT","","",""
"307204795187","Dell Latitude 5500 i5-8365U 32 GB 1 TB SSD 15,6"" Win11 Pro Garanzia",,5494_20260430095153ITT,"8","FIXED_PRICE","EUR",483.0,,,483.0,"0","","","Sep-29-26 00:40:19 PDT","Oct-29-26 01:40:19 PDT","Notebook e portatili","177","","","Usato","","","","","","IT","","",""
"307204795188","Dell Latitude 5580 i5-7300U 8 GB 240 GB SSD 15,6"" Win11 Pro Garanzia",,18444670962ITT,"8","FIXED_PRICE","EUR",199.0,,,199.0,"0","","","Sep-29-26 00:40:19 PDT","Oct-29-26 01:40:19 PDT","Notebook e portatili","177","","","Usato","","","","","","IT","","",""
"307204795189",HP EliteDesk 800 G4 i5-8500T 8 GB 240 GB SSD Win11 Pro Garanzia,,3959_20260917132919ITT,"8","FIXED_PRICE","EUR",193.0,,,193.0,"0","","","Sep-29-26 00:40:19 PDT","Oct-29-26 01:40:19 PDT","Desktop PC","179","","","Usato","","","","","","IT","","",""
"307204795190",HP T730 Thin Client 8 GB 32 GB SSD Win10 Garanzia,,10419ITT,"8","FIXED_PRICE","EUR",65.0,,,65.0,"1","1","0","Sep-29-26 00:40:19 PDT","Oct-29-26 01:40:19 PDT","Desktop PC","179","","","Usato","","","","","","IT","","",""
"307204795191","Lenovo ThinkPad T480 i5-8350U 8 GB 256 GB SSD 14"" Win11 Pro Garanzia",,4773ITT,"8","FIXED_PRICE","EUR",227.0,,,227.0,"0","2","0","Sep-29-26 00:40:19 PDT","Oct-29-26 01:40:19 PDT","Notebook e portatili","177","","","Usato","","","","","","IT","","",""
"307204795192","Dell Latitude 5500 i5-8365U 8 GB 256 GB SSD 15,6"" Win10 Pro Garanzia",,17431196942ITT,"8","FIXED_PRICE","EUR",204.0,,,204.0,"0","","","Sep-29-26 00:40:19 PDT","Oct-29-26 01:40:19 PDT","Notebook e portatili","177","","","Usato","","","","","","IT","","",""
"307204795195","HP ZBook 14u G5 i5-7200U 16 GB 960 GB SSD 14"" Win10 Pro Garanzia",,12649759565ITT,"8","FIXED_PRICE","EUR",369.0,,,369.0,"0","","","Sep-29-26 00:40:19 PDT","Oct-29-26 01:40:19 PDT","Notebook e portatili","177","","","Usato","","","","","","IT","","",""
"307204795196","HP ZBook 14u G5 i5-7200U 32 GB 960 GB SSD 14"" Win10 Pro Garanzia",,12649782345ITT,"8","FIXED_PRICE","EUR",446.0,,,446.0,"0","","","Sep-29-26 00:40:19 PDT","Oct-29-26 01:40:19 PDT","Notebook e portatili","177","","","Usato","","","","","","IT","","",""
"307204795197","HP ZBook 14u G5 i5-7200U 32 GB 256 GB SSD 14"" Win10 Pro Garanzia",,12079039722ITT,"8","FIXED_PRICE","EUR",378.0,,,378.0,"0","","","Sep-29-26 00:40:19 PDT","Oct-29-26 01:40:19 PDT","Notebook e portatili","177","","","Usato","","","","","","IT","","",""
"307204795198","Dell Precision 7730 i7-8750H 32 GB 256 GB SSD 17,3"" Win11 Pro Garanzia",,18447805163ITT,"8","FIXED_PRICE","EUR",663.0,,,663.0,"0","0","0","Sep-29-26 00:40:19 PDT","Oct-29-26 01:40:19 PDT","Notebook e portatili","177","","","Usato","","","","","","IT","","",""
"307204795199","Dell Precision 7730 i7-8750H 64 GB 960 GB SSD 17,3"" Win10 Pro Garanzia",,14785783935ITT,"8","FIXED_PRICE","EUR",976.0,,,976.0,"0","","","Sep-29-26 00:40:19 PDT","Oct-29-26 01:40:19 PDT","Notebook e portatili","177","","","Usato","","","","","","IT","","",""
"307204795200","Dell Latitude 5580 i5-7300U 8 GB 240 GB SSD 15,6"" Win11 Pro Garanzia",,4748_20260326100900ITT,"8","FIXED_PRICE","EUR",224.0,,,224.0,"0","","","Sep-29-26 00:40:19 PDT","Oct-29-26 01:40:19 PDT","Notebook e portatili","177","","","Usato","","","","","","IT","","",""
"307204795201","HP ZBook 14u G5 i5-7200U 32 GB 480 GB SSD 14"" Win10 Pro Garanzia",,12649764214ITT,"8","FIXED_PRICE","EUR",419.0,,,419.0,"0","","","Sep-29-26 00:40:19 PDT","Oct-29-26 01:40:19 PDT","Notebook e portatili","177","","","Usato","","","","","","IT","","",""
"307204795204","Lenovo ThinkPad T15 Gen2 i5-1135G7 16 GB 500 GB SSD 15,6"" Win11 Pro Garanzia",,17622086782_20260609123827ITT,"8","FIXED_PRICE","EUR",479.0,,,479.0,"0","","","Sep-29-26 00:40:19 PDT","Oct-29-26 01:40:19 PDT","Notebook e portatili","177","","","Usato","","","","","","IT","","",""
"307204795205","Dell Precision 7730 i7-8750H 32 GB 512 GB SSD 17,3"" Win10 Pro Garanzia",,16388098675ITT,"8","FIXED_PRICE","EUR",709.0,,,709.0,"0","","","Sep-29-26 00:40:19 PDT","Oct-29-26 01:40:19 PDT","Notebook e portatili","177","","","Usato","","","","","","IT","","",""
"307204795206","HP ZBook 14u G5 i5-7200U 16 GB 256 GB SSD 14"" Win10 Pro Garanzia",,4005ITT,"8","FIXED_PRICE","EUR",300.0,,,300.0,"0","","","Sep-29-26 00:40:19 PDT","Oct-29-26 01:40:19 PDT","Notebook e portatili","177","","","Usato","","","","","","IT","","",""
"307204795207","Dell Precision 7730 i7-8750H 32 GB 512 GB SSD 17,3"" Win10 Pro Garanzia",,14785773944ITT,"8","FIXED_PRICE","EUR",725.0,,,725.0,"0","","","Sep-29-26 00:40:19 PDT","Oct-29-26 01:40:19 PDT","Notebook e portatili","177","","","Usato","","","","","","IT","","",""
"307204795209","HP EliteBook 840 G8 i5-1145G7 16 GB 256 GB SSD 14"" Win11 Pro Garanzia",,17629697332ITT,"0","FIXED_PRICE","EUR",369.0,,,369.0,"8","0","0","Sep-29-26 00:40:19 PDT","Oct-29-26 01:40:19 PDT","Notebook e portatili","177","","","Usato","","","","","","IT","","",""
"307204795210","Dell Latitude 5500 i5-8365U 32 GB 512 GB SSD 15,6"" Win11 Pro Garanzia",,18561299003ITT,"8","FIXED_PRICE","EUR",375.0,,,375.0,"0","","","Sep-29-26 00:40:19 PDT","Oct-29-26 01:40:19 PDT","Notebook e portatili","177","","","Usato","","","","","","IT","","",""
"307204795212",Lenovo ThinkPad T14 Gen1 Ryzen 5 PRO 4650U 16 GB 256 GB SSD Win11 Pro Garanzia,,18407489881ITT,"0","FIXED_PRICE","EUR",244.0,,,244.0,"0","1","0","Sep-29-26 00:40:19 PDT","Oct-29-26 01:40:19 PDT","Notebook e portatili","177","","","Usato","","","","","","IT","","",""
"307204795214",Lenovo ThinkPad T15 Gen 2 i5-1135G7 i5-1135G7 32 GB 500 GB Win11 Pro Garanzia,,18655211449ITT,"8","FIXED_PRICE","EUR",512.0,,,512.0,"0","","","Sep-29-26 00:40:19 PDT","Oct-29-26 01:40:19 PDT","Notebook e portatili","177","","","Usato","","","","","","IT","","",""
"307204795215","Lenovo ThinkPad E15 Gen 2 i5-1135G7 8 GB 256 GB SSD 15,6"" Win11 Pro Garanzia",,4553ITT,"8","FIXED_PRICE","EUR",341.0,,,341.0,"0","1","0","Sep-29-26 00:40:19 PDT","Oct-29-26 01:40:19 PDT","Notebook e portatili","177","","","Usato","","","","","","IT","","",""
"307204795217","Dell Latitude 5500 i5-8365U 32 GB 480 GB SSD 15,6"" Win11 Pro Garanzia",,18561431078ITT,"8","FIXED_PRICE","EUR",421.0,,,421.0,"0","","","Sep-29-26 00:40:19 PDT","Oct-29-26 01:40:19 PDT","Notebook e portatili","177","","","Usato","","","","","","IT","","",""
"307204795218","Dell Latitude 5500 i5-8365U 8 GB 480 GB SSD 15,6"" Win11 Pro Garanzia",,18561301886ITT,"8","FIXED_PRICE","EUR",295.0,,,295.0,"0","","","Sep-29-26 00:40:19 PDT","Oct-29-26 01:40:19 PDT","Notebook e portatili","177","","","Usato","","","","","","IT","","",""
"307204795219","Lenovo ThinkPad T15 Gen2 i5-1135G7 16 GB 256 GB SSD 15,6"" Win11 Pro Garanzia",,17622086782_20260609121111ITT,"8","FIXED_PRICE","EUR",433.0,,,433.0,"0","","","Sep-29-26 00:40:19 PDT","Oct-29-26 01:40:19 PDT","Notebook e portatili","177","","","Usato","","","","","","IT","","",""
"307204795220",Lenovo ThinkPad T15 Gen 2 i5-1135G7 i5-1135G7 16 GB 256 GB Win11 Pro Garanzia,,18655018372ITT,"8","FIXED_PRICE","EUR",387.0,,,387.0,"0","","","Sep-29-26 00:40:19 PDT","Oct-29-26 01:40:19 PDT","Notebook e portatili","177","","","Usato","","","","","","IT","","",""
"307204795221","HP ProBook 440 G6 i5-8265U 8 GB 256 GB SSD 14"" Win11 Pro Garanzia",,3939ITT,"8","FIXED_PRICE","EUR",215.0,,,215.0,"0","","","Sep-29-26 00:40:19 PDT","Oct-29-26 01:40:19 PDT","Notebook e portatili","177","","","Usato","","","","","","IT","","",""
"307204795222","Lenovo ThinkPad T490 i5-8265U 8 GB 256 GB SSD 14"" Win11 Pro Garanzia",,5213ITT,"8","FIXED_PRICE","EUR",250.0,,,250.0,"0","","","Sep-29-26 00:40:19 PDT","Oct-29-26 01:40:19 PDT","Notebook e portatili","177","","","Usato","","","","","","IT","","",""
"307204795223","Lenovo ThinkPad T15 Gen2 i5-1135G7 16 GB 256 GB SSD 15,6"" Win11 Pro Garanzia",,17622086782_20260609112545ITT,"8","FIXED_PRICE","EUR",387.0,,,387.0,"0","0","0","Sep-29-26 00:40:19 PDT","Oct-29-26 01:40:19 PDT","Notebook e portatili","177","","","Usato","","","","","","IT","","",""
"307204795224",Lenovo ThinkPad T15 Gen 2 i5-11gen i5-1135G7 16 GB 500 GB SSD Win11 Pro Garanzia,,18765856057ITT,"8","FIXED_PRICE","EUR",467.0,,,467.0,"0","","","Sep-29-26 00:40:19 PDT","Oct-29-26 01:40:19 PDT","Notebook e portatili","177","","","Usato","","","","","","IT","","",""
"307204795225","Lenovo ThinkPad T15 Gen1 i5-10210U 16 GB 256 GB SSD 15,6"" Win11 Pro Garanzia",,17622086782ITT,"8","FIXED_PRICE","EUR",318.0,,,318.0,"1","1","0","Sep-29-26 00:40:19 PDT","Oct-29-26 01:40:19 PDT","Notebook e portatili","177","","","Usato","","","","","","IT","","",""
"307204795226","Dell Latitude 7490 i7-8650U 8 GB 256 GB SSD 14"" Win11 Pro Garanzia",,4855_20251031124550ITT,"8","FIXED_PRICE","EUR",193.0,,,193.0,"0","","","Sep-29-26 00:40:20 PDT","Oct-29-26 01:40:20 PDT","Notebook e portatili","177","","","Usato","","","","","","IT","","",""
"307204795227","HP EliteBook 745 G5 Ryzen 7 PRO 2700U 16 GB 256 GB SSD 14"" Win11 Pro Garanzia",,18059433337ITT,"8","FIXED_PRICE","EUR",215.0,,,215.0,"1","1","0","Sep-29-26 00:40:20 PDT","Oct-29-26 01:40:20 PDT","Notebook e portatili","177","","","Usato","","","","","","IT","","",""
"307204795228","HP Zbook 14U G5 i5-7300U 16 GB 256 GB SSD 14,1"" Win10 Pro Garanzia",,15061692860ITT,"8","FIXED_PRICE","EUR",254.0,,,254.0,"0","","","Sep-29-26 00:40:20 PDT","Oct-29-26 01:40:20 PDT","Notebook e portatili","177","","","Usato","","","","","","IT","","",""
"307204795229","HP EliteBook 840 G3 i5-6300U 8 GB 128 GB SSD 14"" Win11 Pro Garanzia",,5669_20260413101359ITT,"8","FIXED_PRICE","EUR",158.0,,,158.0,"0","","","Sep-29-26 00:40:20 PDT","Oct-29-26 01:40:20 PDT","Notebook e portatili","177","","","Usato","","","","","","IT","","",""
"307204795230",Lenovo ThinkPad T14 Gen1 Ryzen 5 PRO 4650U 24 GB 500 GB SSD Win11 Pro Garanzia,,18617375802ITT,"0","FIXED_PRICE","EUR",347.0,,,347.0,"0","","","Sep-29-26 00:40:20 PDT","Oct-29-26 01:40:20 PDT","Notebook e portatili","177","","","Usato","","","","","","IT","","",""
"307204795231","Lenovo ThinkPad T15 Gen 1 i5-10210U 16 GB 256 GB SSD 15,6"" Win11 Pro Garanzia",,17496877602ITT,"8","FIXED_PRICE","EUR",353.0,,,353.0,"0","","","Sep-29-26 00:40:20 PDT","Oct-29-26 01:40:20 PDT","Notebook e portatili","177","","","Usato","","","","","","IT","","",""
"307204795232","Lenovo ThinkPad T490 i5-8265U 32 GB 960 GB SSD 14"" Win11 Pro Garanzia",,5213_20260430120023ITT,"8","FIXED_PRICE","EUR",502.0,,,502.0,"0","","","Sep-29-26 00:40:20 PDT","Oct-29-26 01:40:20 PDT","Notebook e portatili","177","","","Usato","","","","","","IT","","",""
"307204795233",Lenovo ThinkPad T15 Gen 2 i5-11gen i5-1135G7 16 GB 256 GB SSD Win11 Pro Garanzia,,18655202896ITT,"8","FIXED_PRICE","EUR",433.0,,,433.0,"0","","","Sep-29-26 00:40:20 PDT","Oct-29-26 01:40:20 PDT","Notebook e portatili","177","","","Usato","","","","","","IT","","",""
"307204795235",Lenovo ThinkPad T15 Gen 2 i5-1135G7 i5-1135G7 32 GB 1 TB SSD Win11 Pro Garanzia,,18655215651ITT,"8","FIXED_PRICE","EUR",592.0,,,592.0,"0","","","Sep-29-26 00:40:20 PDT","Oct-29-26 01:40:20 PDT","Notebook e portatili","177","","","Usato","","","","","","IT","","",""
"307204795236","Lenovo ThinkPad T490 i5-8265U 16 GB 960 GB SSD 14"" Win10 Pro Garanzia",,16115704250ITT,"8","FIXED_PRICE","EUR",410.0,,,410.0,"0","","","Sep-29-26 00:40:20 PDT","Oct-29-26 01:40:20 PDT","Notebook e portatili","177","","","Usato","","","","","","IT","","",""
"307204795238","HP ProBook 440 G6 i5-8265U 16 GB 256 GB SSD 14"" Win11 Pro Garanzia",,17757808785ITT,"8","FIXED_PRICE","EUR",209.0,,,209.0,"0","","","Sep-29-26 00:40:20 PDT","Oct-29-26 01:40:20 PDT","Notebook e portatili","177","","","Usato","","","","","","IT","","",""
"307204795239",Lenovo ThinkPad T15 Gen 2 i5-11gen i5-1135G7 32 GB 256 GB SSD Win11 Pro Garanzia,,18655297458ITT,"8","FIXED_PRICE","EUR",524.0,,,524.0,"0","","","Sep-29-26 00:40:20 PDT","Oct-29-26 01:40:20 PDT","Notebook e portatili","177","","","Usato","","","","","","IT","","",""
"307204795242","HP EliteBook 840 G3 i5-6300U 8 GB 128 GB SSD 14"" Win11 Pro Garanzia",,5669_20260413100631ITT,"8","FIXED_PRICE","EUR",141.0,,,141.0,"0","","","Sep-29-26 00:40:20 PDT","Oct-29-26 01:40:20 PDT","Notebook e portatili","177","","","Usato","","","","","","IT","","",""
"307204795245","Lenovo ThinkPad E15 Gen 2 i5-1135G7 32 GB 500 GB SSD 15,6"" Win11 Pro Garanzia",,4553_20260504134623ITT,"0","FIXED_PRICE","EUR",547.0,,,547.0,"0","","","Sep-29-26 00:40:20 PDT","Oct-29-26 01:40:20 PDT","Notebook e portatili","177","","","Usato","","","","","","IT","","",""
"307204795246","HP ZBook 14u G5 i5-7200U 16 GB 480 GB SSD 14"" Win10 Pro Garanzia",,15615745802ITT,"8","FIXED_PRICE","EUR",373.0,,,373.0,"0","","","Sep-29-26 00:40:20 PDT","Oct-29-26 01:40:20 PDT","Notebook e portatili","177","","","Usato","","","","","","IT","","",""
"307204795247","Panasonic ToughPad FZ-G1 mk3 i5-5300U 4 GB 120 GB SSD 10,1"" Win10 Pro Garanzia",,10356_20260812090814ITT,"8","FIXED_PRICE","EUR",136.0,,,136.0,"0","","","Sep-29-26 00:40:20 PDT","Oct-29-26 01:40:20 PDT","Notebook e portatili","177","","","Usato","","","","","","IT","","",""
"307204795248","Lenovo ThinkPad T490 i5-8265U 16 GB 480 GB SSD 14"" Win10 Pro Garanzia",,16115675243ITT,"8","FIXED_PRICE","EUR",341.0,,,341.0,"0","","","Sep-29-26 00:40:20 PDT","Oct-29-26 01:40:20 PDT","Notebook e portatili","177","","","Usato","","","","","","IT","","",""
"307204795249","Panasonic Toughpad FZ-G1 i5-5300U 4 GB 120 GB SSD 10,1"" Win10 Pro Garanzia",,18835685066ITT,"8","FIXED_PRICE","EUR",136.0,,,136.0,"0","","","Sep-29-26 00:40:20 PDT","Oct-29-26 01:40:20 PDT","Notebook e portatili","177","","","Usato","","","","","","IT","","",""
"307204795250",Lenovo ThinkPad T14 Gen1 Ryzen 5 PRO 4650U 16 GB 480 GB SSD Win11 Pro Garanzia,,18415912687ITT,"0","FIXED_PRICE","EUR",313.0,,,313.0,"0","","","Sep-29-26 00:40:20 PDT","Oct-29-26 01:40:20 PDT","Notebook e portatili","177","","","Usato","","","","","","IT","","",""
"307204795251","HP ProBook 440 G6 i5-8265U 32 GB 1280 GB SSD+HDD 14"" Win11 Pro Garanzia",,17757834093ITT,"8","FIXED_PRICE","EUR",327.0,,,327.0,"0","","","Sep-29-26 00:40:20 PDT","Oct-29-26 01:40:20 PDT","Notebook e portatili","177","","","Usato","","","","","","IT","","",""
"307204795252","HP ProBook 440 G6 i5-8265U 16 GB 480 GB SSD 14"" Win11 Pro Garanzia",,17757816631ITT,"8","FIXED_PRICE","EUR",247.0,,,247.0,"0","","","Sep-29-26 00:40:20 PDT","Oct-29-26 01:40:20 PDT","Notebook e portatili","177","","","Usato","","","","","","IT","","",""
"307204795253","HP EliteBook 840 G8 i5-1145G7 32 GB 1 TB SSD 14"" Win11 Pro Garanzia",,17629697332_20260430083743ITT,"0","FIXED_PRICE","EUR",586.0,,,586.0,"0","","","Sep-29-26 00:40:20 PDT","Oct-29-26 01:40:20 PDT","Notebook e portatili","177","","","Usato","","","","","","IT","","",""
"307204795254","Dell Latitude 7490 i7-8650U 16 GB 256 GB SSD 14"" Win10 Pro Garanzia",,18043910425ITT,"8","FIXED_PRICE","EUR",220.0,,,220.0,"0","","","Sep-29-26 00:40:20 PDT","Oct-29-26 01:40:20 PDT","Notebook e portatili","177","","","Usato","","","","","","IT","","",""
"307204795256","HP EliteBook 840 G8 i5-1145G7 32 GB 512 GB SSD 14"" Win11 Pro Garanzia",,17629721417_20260420133216ITT,"0","FIXED_PRICE","EUR",460.0,,,460.0,"0","","","Sep-29-26 00:40:20 PDT","Oct-29-26 01:40:20 PDT","Notebook e portatili","177","","","Usato","","","","","","IT","","",""
"307204795257","Dell Latitude 7490 i7-8650U 16 GB 480 GB SSD 14"" Win10 Pro Garanzia",,18043919545ITT,"8","FIXED_PRICE","EUR",259.0,,,259.0,"0","","","Sep-29-26 00:40:20 PDT","Oct-29-26 01:40:20 PDT","Notebook e portatili","177","","","Usato","","","","","","IT","","",""
"307204795258","Lenovo ThinkPad T490 i5-8265U 16 GB 960 GB SSD 14"" Win10 Pro Garanzia",,16115732324ITT,"8","FIXED_PRICE","EUR",433.0,,,433.0,"0","","","Sep-29-26 00:40:20 PDT","Oct-29-26 01:40:20 PDT","Notebook e portatili","177","","","Usato","","","","","","IT","","",""
"307204795259","HP ProBook 440 G6 i5-8265U 8 GB 256 GB SSD+HDD 14"" Win11 Pro Garanzia",,17757696191ITT,"8","FIXED_PRICE","EUR",193.0,,,193.0,"0","","","Sep-29-26 00:40:20 PDT","Oct-29-26 01:40:20 PDT","Notebook e portatili","177","","","Usato","","","","","","IT","","",""
"307204795260",Lenovo ThinkPad T14 Gen1 Ryzen 5 PRO 4650U 16 GB 960 GB SSD Win11 Pro Garanzia,,18415907958ITT,"0","FIXED_PRICE","EUR",358.0,,,358.0,"0","","","Sep-29-26 00:40:20 PDT","Oct-29-26 01:40:20 PDT","Notebook e portatili","177","","","Usato","","","","","","IT","","",""
"307204795261","Dell Latitude 7490 i7-8650U 32 GB 960 GB SSD 14"" Win10 Pro Garanzia",,18043940902ITT,"8","FIXED_PRICE","EUR",328.0,,,328.0,"0","","","Sep-29-26 00:40:20 PDT","Oct-29-26 01:40:20 PDT","Notebook e portatili","177","","","Usato","","","","","","IT","","",""
"307204795262","HP EliteBook 840 G8 i5-1145G7 16 GB 256 GB SSD 14"" Win10 Pro Garanzia",,18418723367ITT,"0","FIXED_PRICE","EUR",403.0,,,403.0,"0","","","Sep-29-26 00:40:20 PDT","Oct-29-26 01:40:20 PDT","Notebook e portatili","177","","","Usato","","","","","","IT","","",""
"307204795263","HP EliteBook 840 G8 i5-1145G7 16 GB 500 GB SSD 14"" Win10 Pro Garanzia",,18418824496ITT,"0","FIXED_PRICE","EUR",439.0,,,439.0,"0","","","Sep-29-26 00:40:20 PDT","Oct-29-26 01:40:20 PDT","Notebook e portatili","177","","","Usato","","","","","","IT","","",""
"307204795264","HP EliteBook 840 G8 i5-1145G7 32 GB 256 GB SSD 14"" Win10 Pro Garanzia",,18418820473ITT,"0","FIXED_PRICE","EUR",501.0,,,501.0,"0","","","Sep-29-26 00:40:20 PDT","Oct-29-26 01:40:20 PDT","Notebook e portatili","177","","","Usato","","","","","","IT","","",""
"307204795266","HP EliteBook 840 G8 i5-1145G7 16 GB 500 GB SSD 14"" Win10 Pro Garanzia",,18418827252ITT,"0","FIXED_PRICE","EUR",540.0,,,540.0,"0","","","Sep-29-26 00:40:20 PDT","Oct-29-26 01:40:20 PDT","Notebook e portatili","177","","","Usato","","","","","","IT","","",""
"307204795267","Lenovo ThinkPad T15 Gen2 i5-1135G7 32 GB 1 TB SSD 15,6"" Win11 Pro Garanzia",,17622086782_20260609124017ITT,"8","FIXED_PRICE","EUR",604.0,,,604.0,"0","","","Sep-29-26 00:40:20 PDT","Oct-29-26 01:40:20 PDT","Notebook e portatili","177","","","Usato","","","","","","IT","","",""
"307204795268","HP EliteBook 840 G8 i5-1145G7 32 GB 1 TB SSD 14"" Win10 Pro Garanzia",,18547227988ITT,"0","FIXED_PRICE","EUR",586.0,,,586.0,"0","","","Sep-29-26 00:40:20 PDT","Oct-29-26 01:40:20 PDT","Notebook e portatili","177","","","Usato","","","","","","IT","","",""
"307204795270","Dell Latitude 5580 i5-7300U 16 GB 256 GB SSD 15,6"" Win11 Pro Garanzia",,18444689217ITT,"8","FIXED_PRICE","EUR",245.0,,,245.0,"0","","","Sep-29-26 00:40:20 PDT","Oct-29-26 01:40:20 PDT","Notebook e portatili","177","","","Usato","","","","","","IT","","",""
"307204795271","HP ZBook 14u G5 i5-7200U 32 GB 960 GB SSD 14"" Win10 Pro Garanzia",,15615870644ITT,"8","FIXED_PRICE","EUR",503.0,,,503.0,"0","","","Sep-29-26 00:40:20 PDT","Oct-29-26 01:40:20 PDT","Notebook e portatili","177","","","Usato","","","","","","IT","","",""
"307204795272","HP ProBook 440 G6 i5-8265U 32 GB 480 GB SSD 14"" Win11 Pro Garanzia",,17757785153ITT,"8","FIXED_PRICE","EUR",332.0,,,332.0,"0","","","Sep-29-26 00:40:20 PDT","Oct-29-26 01:40:20 PDT","Notebook e portatili","177","","","Usato","","","","","","IT","","",""
"307204795274",Lenovo ThinkPad T14 Gen1 Ryzen 5 PRO 4650U 16 GB 960 GB SSD Win11 Pro Garanzia,,18415918892ITT,"0","FIXED_PRICE","EUR",381.0,,,381.0,"0","","","Sep-29-26 00:40:20 PDT","Oct-29-26 01:40:20 PDT","Notebook e portatili","177","","","Usato","","","","","","IT","","",""
"307204795275","Lenovo ThinkPad T15 GEN1 i5-10210U 16 GB 256 GB SSD 15"" Win11 Pro Garanzia",,18830654159ITT,"8","FIXED_PRICE","EUR",318.0,,,318.0,"0","","","Sep-29-26 00:40:20 PDT","Oct-29-26 01:40:20 PDT","Notebook e portatili","177","","","Usato","","","","","","IT","","",""
"307204795277","Lenovo ThinkPad T15 GEN1 i5-10210U 32 GB 256 GB SSD 15"" Win11 Pro Garanzia",,18830770523ITT,"8","FIXED_PRICE","EUR",410.0,,,410.0,"0","","","Sep-29-26 00:40:20 PDT","Oct-29-26 01:40:20 PDT","Notebook e portatili","177","","","Usato","","","","","","IT","","",""
"307204795278","HP EliteBook 840 G3 i5-6300U 16 GB 240 GB SSD 14"" Win11 Pro Garanzia",,18496653733ITT,"8","FIXED_PRICE","EUR",199.0,,,199.0,"0","","","Sep-29-26 00:40:20 PDT","Oct-29-26 01:40:20 PDT","Notebook e portatili","177","","","Usato","","","","","","IT","","",""
"307204795279","Dell Latitude 5580 i5-7300U 8 GB 120 GB SSD 15,6"" Win11 Pro Garanzia",,18444699173ITT,"8","FIXED_PRICE","EUR",187.0,,,187.0,"0","","","Sep-29-26 00:40:20 PDT","Oct-29-26 01:40:20 PDT","Notebook e portatili","177","","","Usato","","","","","","IT","","",""
"307204795280","HP EliteBook 840 G6 i5-8365U 32 GB 1 TB SSD 14"" Win11 Pro Garanzia",,18589765205ITT,"0","FIXED_PRICE","EUR",478.0,,,478.0,"0","","","Sep-29-26 00:40:20 PDT","Oct-29-26 01:40:20 PDT","Notebook e portatili","177","","","Usato","","","","","","IT","","",""
"307204795281","Fujitsu Lifebook E5510 i7-10510U 32 GB 480 GB SSD 15,6"" Win11 Pro Garanzia",,18857482509ITT,"8","FIXED_PRICE","EUR",455.0,,,455.0,"0","","","Sep-29-26 00:40:20 PDT","Oct-29-26 01:40:20 PDT","Notebook e portatili","177","","","Usato","","","","","","IT","","",""
"307210247573","Lenovo ThinkPad X13 Gen. 2 i5-1145G7 8 GB 256 GB SSD 13,3"" Win11 Pro Garanzia",,17622296963_20260928090139ITT,"5","FIXED_PRICE","EUR",199.0,,,199.0,"2","2","0","Oct-02-26 05:41:45 PDT","Nov-02-26 05:41:45 PST","Notebook e portatili","177","","","Usato","","","","","","IT","","",""
"307210247574","Lenovo ThinkPad X13 Gen. 2 i5-1145G7 16 GB 256 GB SSD 13,3"" Win11 Pro Garanzia",,17622296963_20260928091520ITT,"5","FIXED_PRICE","EUR",256.0,,,256.0,"1","0","0","Oct-02-26 05:41:45 PDT","Nov-02-26 05:41:45 PST","Notebook e portatili","177","","","Usato","","","","","","IT","","",""
"307210247576",Dell OptiPlex 7040 8 GB 250 GB HDD Win11 Pro Garanzia,,4153_20260929132305ITT,"2","FIXED_PRICE","EUR",80.0,,,80.0,"0","1","0","Oct-02-26 05:41:46 PDT","Nov-02-26 05:41:46 PST","Desktop PC","179","","","Usato","","","","","","IT","","",""
"307210247577",Dell OptiPlex 7050 i3-6100T 8 GB 256 GB SSD Win11 Home Garanzia,,5460_20260929141241ITT,"2","FIXED_PRICE","EUR",82.0,,,82.0,"1","4","0","Oct-02-26 05:41:46 PDT","Nov-02-26 05:41:46 PST","Desktop PC","179","","","Usato","","","","","","IT","","",""
"307210247578","HP ProBook 650 G2 i5-6200U 8 GB 120 GB SSD 15,6"" Win11 Pro Garanzia",,15984428909_20260930072640ITT,"14","FIXED_PRICE","EUR",142.0,,,142.0,"0","","","Oct-02-26 05:41:46 PDT","Nov-02-26 05:41:46 PST","Notebook e portatili","177","","","Usato","","","","","","IT","","",""
"307210247579","Lenovo W540 i7-4700MQ 32 GB 240 GB SSD 15,6"" Win10 Pro Garanzia",,12618860388ITT,"0","FIXED_PRICE","EUR",373.0,,,373.0,"0","","","Oct-02-26 05:41:46 PDT","Nov-02-26 05:41:46 PST","Notebook e portatili","177","","","Usato","","","","","","IT","","",""
"307210247580","Lenovo W540 i7-4700MQ 32 GB 480 GB SSD 15,6"" Win10 Pro Garanzia",,12618871183ITT,"0","FIXED_PRICE","EUR",419.0,,,419.0,"0","","","Oct-02-26 05:41:46 PDT","Nov-02-26 05:41:46 PST","Notebook e portatili","177","","","Usato","","","","","","IT","","",""
"307210247581","Dell Latitude 5580 i7-7820HQ 32 GB 480 GB SSD 15,6"" Win10 Pro Garanzia",,14623654526ITT,"0","FIXED_PRICE","EUR",417.0,,,417.0,"0","","","Oct-02-26 05:41:46 PDT","Nov-02-26 05:41:46 PST","Notebook e portatili","177","","","Usato","","","","","","IT","","",""
"307210247582","Lenovo ThinkPad P52 i7-8750H 32 GB 1 TB SSD 15,6"" Win10 Pro Garanzia",,13896446359ITT,"0","FIXED_PRICE","EUR",545.0,,,545.0,"0","","","Oct-02-26 05:41:46 PDT","Nov-02-26 05:41:46 PST","Notebook e portatili","177","","","Usato","","","","","","IT","","",""
"307210247584","Dell Precision 7520 i7-6820HQ 32 GB 480 GB SSD 15,6"" Win10 Pro Garanzia",,15107244334ITT,"0","FIXED_PRICE","EUR",481.0,,,481.0,"0","","","Oct-02-26 05:41:46 PDT","Nov-02-26 05:41:46 PST","Notebook e portatili","177","","","Usato","","","","","","IT","","",""
"307210247585","HP EliteBook 850 G5 i7 i7-8650U 16 GB 512 GB SSD 15,6"" Win10 Pro Garanzia",,15272423854ITT,"0","FIXED_PRICE","EUR",430.0,,,430.0,"0","","","Oct-02-26 05:41:46 PDT","Nov-02-26 05:41:46 PST","Notebook e portatili","177","","","Usato","","","","","","IT","","",""
"307210247586","Dell Precision 7540 i5-9400H 32 GB 512 GB SSD 15,6"" Win10 Pro Garanzia",,14891611802ITT,"0","FIXED_PRICE","EUR",652.0,,,652.0,"0","","","Oct-02-26 05:41:46 PDT","Nov-02-26 05:41:46 PST","Notebook e portatili","177","","","Usato","","","","","","IT","","",""
"307210247588","Lenovo ThinkPad L380 i3-8130U 16 GB 512 GB SSD 13,3"" Win10 Pro Garanzia",,15333635502ITT,"0","FIXED_PRICE","EUR",248.0,,,248.0,"0","","","Oct-02-26 05:41:46 PDT","Nov-02-26 05:41:46 PST","Notebook e portatili","177","","","Usato","","","","","","IT","","",""
"307210247589","Dell Latitude 5510 i5-10310U 16 GB 480 GB SSD 15,6"" Win10 Pro Garanzia",,15977789307ITT,"0","FIXED_PRICE","EUR",421.0,,,421.0,"0","","","Oct-02-26 05:41:46 PDT","Nov-02-26 05:41:46 PST","Notebook e portatili","177","","","Usato","","","","","","IT","","",""
"307210247590","Dell Dell Precision 7740 i7-9850H 32 GB 512 GB SSD 17,3"" Win11 Pro Garanzia",,15818128143ITT,"0","FIXED_PRICE","EUR",949.0,,,949.0,"0","","","Oct-02-26 05:41:46 PDT","Nov-02-26 05:41:46 PST","Notebook e portatili","177","","","Usato","","","","","","IT","","",""
"307210247591","HP EliteBook 830 G5 i5-8350U 8 GB 256 GB SSD 13,3"" Win10 Pro Garanzia",,15844463078ITT,"0","FIXED_PRICE","EUR",204.0,,,204.0,"0","","","Oct-02-26 05:41:46 PDT","Nov-02-26 05:41:46 PST","Notebook e portatili","177","","","Usato","","","","","","IT","","",""
"307210247592","Dell Latitude 5520 i5-1135G7 16 GB 480 GB SSD 15,6"" Win11 Pro Garanzia",,17358336879ITT,"8","FIXED_PRICE","EUR",430.0,,,430.0,"0","","","Oct-02-26 05:41:46 PDT","Nov-02-26 05:41:46 PST","Notebook e portatili","177","","","Usato","","","","","","IT","","",""
"307210247593","Lenovo ThinkPad T490 i5-8265U 32 GB 960 GB SSD 14"" Win10 Pro Garanzia",,16115711196ITT,"8","FIXED_PRICE","EUR",490.0,,,490.0,"0","","","Oct-02-26 05:41:46 PDT","Nov-02-26 05:41:46 PST","Notebook e portatili","177","","","Usato","","","","","","IT","","",""
"307210247595","HP HP EliteBook 830 G7 i5-10310U 16 GB 480 GB SSD 13,3"" Win11 Pro Garanzia",,17643004837ITT,"0","FIXED_PRICE","EUR",305.0,,,305.0,"0","","","Oct-02-26 05:41:46 PDT","Nov-02-26 05:41:46 PST","Notebook e portatili","177","","","Usato","","","","","","IT","","",""
"307210247596",Dell Dell XPS 13 7390 Intel Core i5 8 GB 256 GB i5-10210U Win11 Pro Garanzia,,18179290250ITT,"0","FIXED_PRICE","EUR",250.0,,,250.0,"0","","","Oct-02-26 05:41:46 PDT","Nov-02-26 05:41:46 PST","Notebook e portatili","177","","","Usato","","","","","","IT","","",""
"307210247597","HP HP EliteBook 830 G7 i5-10310U 32 GB 480 GB SSD 13,3"" Win11 Pro Garanzia",,17643128223ITT,"0","FIXED_PRICE","EUR",389.0,,,389.0,"0","","","Oct-02-26 05:41:46 PDT","Nov-02-26 05:41:46 PST","Notebook e portatili","177","","","Usato","","","","","","IT","","",""
"307210247598","HP ZBook 15u G3 i7-6500U 8 GB 256 GB SSD 15,6"" Win11 Pro Garanzia",,18428217311ITT,"0","FIXED_PRICE","EUR",204.0,,,204.0,"0","","","Oct-02-26 05:41:46 PDT","Nov-02-26 05:41:46 PST","Notebook e portatili","177","","","Usato","","","","","","IT","","",""
"307210247599","Dell Latitude 5510 i5-10310U 16 GB 256 GB SSD 15,6"" Win11 Pro Garanzia",,18428402999ITT,"0","FIXED_PRICE","EUR",341.0,,,341.0,"0","","","Oct-02-26 05:41:46 PDT","Nov-02-26 05:41:46 PST","Notebook e portatili","177","","","Usato","","","","","","IT","","",""
"307210247600","HP EliteBook 850 G6 i5-8365U 16 GB 256 GB SSD 15,6"" Win11 Pro Garanzia",,18444605186ITT,"0","FIXED_PRICE","EUR",318.0,,,318.0,"0","","","Oct-02-26 05:41:46 PDT","Nov-02-26 05:41:46 PST","Notebook e portatili","177","","","Usato","","","","","","IT","","",""
"307210247601","Dell Precision 7530 i7-8850H 16 GB 256 GB SSD 15,6"" Win11 Pro Garanzia",,18521481738ITT,"0","FIXED_PRICE","EUR",433.0,,,433.0,"0","","","Oct-02-26 05:41:46 PDT","Nov-02-26 05:41:46 PST","Notebook e portatili","177","","","Usato","","","","","","IT","","",""
"307210247602","HP EliteBook 850 G6 i5-8365U 16 GB 480 GB SSD 15,6"" Win11 Pro Garanzia",,18444624123ITT,"0","FIXED_PRICE","EUR",364.0,,,364.0,"0","","","Oct-02-26 05:41:46 PDT","Nov-02-26 05:41:46 PST","Notebook e portatili","177","","","Usato","","","","","","IT","","",""
"307210247603","Microsoft Surface 3 i5-1035G7 8 GB 256 GB SSD 13,5"" Win11 Home Garanzia",,18541525448ITT,"2","FIXED_PRICE","EUR",364.0,,,364.0,"0","","","Oct-02-26 05:41:46 PDT","Nov-02-26 05:41:46 PST","Notebook e portatili","177","","","Usato","","","","","","IT","","",""
"307210247604",Lenovo Lenovo ThinkPad T14 Gen 2 G2 2th Ryzen 5 PRO 5650U Win11 Pro Garanzia,,18577517975ITT,"0","FIXED_PRICE","EUR",336.0,,,336.0,"0","1","0","Oct-02-26 05:41:46 PDT","Nov-02-26 05:41:46 PST","Notebook e portatili","177","","","Usato","","","","","","IT","","",""
"307210247606",Lenovo ThinkPad T14 Gen 2 Ryzen 5 PRO 5650U 16 GB 512 GB SSD Win11 Pro Garanzia,,18577568406ITT,"0","FIXED_PRICE","EUR",382.0,,,382.0,"0","2","0","Oct-02-26 05:41:46 PDT","Nov-02-26 05:41:46 PST","Notebook e portatili","177","","","Usato","","","","","","IT","","",""
"307210247607",Lenovo Lenovo ThinkPad T14 Gen 2 G2 2th Ryzen 5 PRO 5650U Win11 Pro Garanzia,,18577560401ITT,"0","FIXED_PRICE","EUR",313.0,,,313.0,"0","4","0","Oct-02-26 05:41:46 PDT","Nov-02-26 05:41:46 PST","Notebook e portatili","177","","","Usato","","","","","","IT","","",""
"307210247608","Toshiba DYNABOOK TECRA A40-G i3-10110U 8 GB 128 GB SSD 13,9"" Garanzia",,18580221790ITT,"0","FIXED_PRICE","EUR",148.0,,,148.0,"0","","","Oct-02-26 05:41:46 PDT","Nov-02-26 05:41:46 PST","Notebook e portatili","177","","","Usato","","","","","","IT","","",""
"307210247609","HP 845 G7 Ryzen 5 PRO 4650U 8 GB 256 GB SSD 14"" Win11 Pro Garanzia",,18766506738ITT,"2","FIXED_PRICE","EUR",222.0,,,222.0,"0","1","0","Oct-02-26 05:41:46 PDT","Nov-02-26 05:41:46 PST","Notebook e portatili","177","","","Usato","","","","","","IT","","",""
"307210247610","HP EliteBook 840 G6 i5-8365U 16 GB 500 GB SSD 14"" Win11 Pro Garanzia",,18589762579ITT,"0","FIXED_PRICE","EUR",307.0,,,307.0,"0","","","Oct-02-26 05:41:46 PDT","Nov-02-26 05:41:46 PST","Notebook e portatili","177","","","Usato","","","","","","IT","","",""
"307210247611","Panasonic Toughpad FZ-G1 i5-6300U 4 GB 120 GB SSD 10,1"" Win10 Pro Garanzia",,18835912859ITT,"0","FIXED_PRICE","EUR",233.0,,,233.0,"1","1","0","Oct-02-26 05:41:46 PDT","Nov-02-26 05:41:46 PST","Notebook e portatili","177","","","Usato","","","","","","IT","","",""
"307210247612",Lenovo ThinkPad X13 Yoga Gen 1 i5-10210U 8 GB 256 GB SSD Win11 Pro Garanzia,,18660835373ITT,"0","FIXED_PRICE","EUR",284.0,,,284.0,"0","","","Oct-02-26 05:41:46 PDT","Nov-02-26 05:41:46 PST","Notebook e portatili","177","","","Usato","","","","","","IT","","",""
"307210247613","HP 250 G6 i3-6006U 8/128 i3-6006U 8 GB 128 GB SSD 15,6"" Win11 Pro Garanzia",,18851662532ITT,"0","FIXED_PRICE","EUR",136.0,,,136.0,"0","","","Oct-02-26 05:41:46 PDT","Nov-02-26 05:41:46 PST","Notebook e portatili","177","","","Usato","","","","","","IT","","",""
"307210247614","HP 250 G5 i3-5005U 8 GB 128 GB SSD 15,6"" Win11 Pro Garanzia",,18851673747ITT,"0","FIXED_PRICE","EUR",130.0,,,130.0,"0","","","Oct-02-26 05:41:47 PDT","Nov-02-26 05:41:47 PST","Notebook e portatili","177","","","Usato","","","","","","IT","","",""
"307210247616","HP 250 G5 i3-5005U 8 GB 256 GB SSD 15,6"" Win11 Pro Garanzia",,18851705231ITT,"0","FIXED_PRICE","EUR",148.0,,,148.0,"0","","","Oct-02-26 05:41:47 PDT","Nov-02-26 05:41:47 PST","Notebook e portatili","177","","","Usato","","","","","","IT","","",""
"307210247617","Dell Latitude 7480 i7-6600U 8 GB 120 GB SSD 14"" Win11 Pro Garanzia",,18970674741ITT,"2","FIXED_PRICE","EUR",148.0,,,148.0,"0","","","Oct-02-26 05:41:47 PDT","Nov-02-26 05:41:47 PST","Notebook e portatili","177","","","Usato","","","","","","IT","","",""
"307210247618","Dell Precision 7730 i7-8750H 32 GB 1 TB SSD 17,3"" Win10 Pro Garanzia",,18465864151ITT,"0","FIXED_PRICE","EUR",783.0,,,783.0,"0","","","Oct-02-26 05:41:47 PDT","Nov-02-26 05:41:47 PST","Notebook e portatili","177","","","Usato","","","","","","IT","","",""
"307210263042","Dell Latitude 5590 i7-8650U 16 GB 256 GB SSD 15,6 Zoll Win11 Pro",,5417,"2","FIXED_PRICE","EUR",289.0,,,289.0,"0","","","Oct-02-26 05:54:53 PDT","Nov-02-26 05:54:53 PST","PC Notebooks & Netbooks","177","","","Gebraucht","","","","","","DE","","",""
"307210263043","HP ProBook 430 G5 i5-8250U 8 GB 240 GB SSD 13,3 Zoll Win10 Pro",,6113,"0","FIXED_PRICE","EUR",192.0,,,192.0,"0","","","Oct-02-26 05:54:53 PDT","Nov-02-26 05:54:53 PST","PC Notebooks & Netbooks","177","","","Gebraucht","","","","","","DE","","",""
"307210263044",Dell Latitude 5490 i5-8350U 8 GB 256 GB SSD 14 Zoll Win11 Pro,,4139,"2","FIXED_PRICE","EUR",169.0,,,169.0,"0","","","Oct-02-26 05:54:53 PDT","Nov-02-26 05:54:53 PST","PC Notebooks & Netbooks","177","","","Gebraucht","","","","","","DE","","",""
"307210263046",Apple MacBook Pro A2141 2019r. i9-9880H 32 GB 1 TB SSD 16 Zoll macOS,,6311,"2","FIXED_PRICE","EUR",729.0,,,729.0,"0","","","Oct-02-26 05:54:53 PDT","Nov-02-26 05:54:53 PST","Apple Notebooks","111422","","","Gebraucht","","","","","","DE","","",""
"307210263047","HP ZBook Firefly 15 G7 i7-10510U 16 GB 256 GB SSD 15,6 Zoll Win11 Pro",,10406,"2","FIXED_PRICE","EUR",432.0,,,432.0,"0","","","Oct-02-26 05:54:53 PDT","Nov-02-26 05:54:53 PST","PC Notebooks & Netbooks","177","","","Gebraucht","","","","","","DE","","",""
"307210263048",Dell Optiplex 3050 i3-6100T 8 GB 256 GB HDD Win11 Pro,,5817,"0","FIXED_PRICE","EUR",83.0,,,83.0,"0","","","Oct-02-26 05:54:53 PDT","Nov-02-26 05:54:53 PST","PC Desktops & All-in-Ones","179","","","Gebraucht","","","","","","DE","","",""
"307210263049",Dell Latitude 7480 i7-6600U 8 GB 120 GB SSD 14 Zoll Win11 Pro,,18970674741,"2","FIXED_PRICE","EUR",147.0,,,147.0,"0","","","Oct-02-26 05:54:53 PDT","Nov-02-26 05:54:53 PST","PC Notebooks & Netbooks","177","","","Gebraucht","","","","","","DE","","",""
"307210263050","HP ProBook 430 G5 i5-8250U 8 GB 240 GB SSD 13,3 Zoll Win10 Pro",,6199,"2","FIXED_PRICE","EUR",169.0,,,169.0,"0","","","Oct-02-26 05:54:53 PDT","Nov-02-26 05:54:53 PST","PC Notebooks & Netbooks","177","","","Gebraucht","","","","","","DE","","",""
"307210263052","HP ZBook 15 G2 i7-4700MQ 16 GB 480 GB SSD 15,6 Zoll Win10 Pro",,6133,"2","FIXED_PRICE","EUR",304.0,,,304.0,"0","","","Oct-02-26 05:54:53 PDT","Nov-02-26 05:54:53 PST","PC Notebooks & Netbooks","177","","","Gebraucht","","","","","","DE","","",""
"307210263053",HP EliteBook 745 G6 Ryzen 7 PRO 3700U 8 GB 256 GB SSD 14 Zoll Win11 Pro,,17578270987,"2","FIXED_PRICE","EUR",226.0,,,226.0,"0","1","0","Oct-02-26 05:54:53 PDT","Nov-02-26 05:54:53 PST","PC Notebooks & Netbooks","177","","","Gebraucht","","","","","","DE","","",""
"307210263054",HP ProBook 440 G6 i5-8265U 8 GB 120 GB SSD 14 Zoll Win11 Pro,,3939_20250731091621,"2","FIXED_PRICE","EUR",169.0,,,169.0,"0","","","Oct-02-26 05:54:53 PDT","Nov-02-26 05:54:53 PST","PC Notebooks & Netbooks","177","","","Gebraucht","","","","","","DE","","",""
"307210263055",Dell OptiPlex 7050 i3-6100T 8 GB 256 GB SSD Win11 Home,,5460_20260929141241,"2","FIXED_PRICE","EUR",81.0,,,81.0,"0","2","0","Oct-02-26 05:54:53 PDT","Nov-02-26 05:54:53 PST","PC Desktops & All-in-Ones","179","","","Gebraucht","","","","","","DE","","",""
"307210263056","Dell Latitude E5570 i7-6820HQ 8 GB 256 GB SSD 15,6 Zoll Win11 Pro",,4103_20251103123022,"2","FIXED_PRICE","EUR",260.0,,,260.0,"0","","","Oct-02-26 05:54:53 PDT","Nov-02-26 05:54:53 PST","PC Notebooks & Netbooks","177","","","Gebraucht","","","","","","DE","","",""
"307210263057",Fujitsu Lifebook U749 i7-8665U 16 GB 256 GB SSD 14 Zoll Win10/11 Pro,,17293710113,"0","FIXED_PRICE","EUR",265.0,,,265.0,"0","","","Oct-02-26 05:54:53 PDT","Nov-02-26 05:54:53 PST","PC Notebooks & Netbooks","177","","","Gebraucht","","","","","","DE","","",""
"307210263058","HP ZBook 15 G2 i5-4300M 16 GB 240 GB SSD 15,6 Zoll Win10 Pro",,4908,"5","FIXED_PRICE","EUR",208.0,,,208.0,"0","","","Oct-02-26 05:54:53 PDT","Nov-02-26 05:54:53 PST","PC Notebooks & Netbooks","177","","","Gebraucht","","","","","","DE","","",""
"307210263059",Logic Gaming-PC Ryzen 7 5700X 32 GB 1 TB SSD Win11 Home,,10362Ryzen,"2","FIXED_PRICE","EUR",1255.0,,,1255.0,"0","","","Oct-02-26 05:54:53 PDT","Nov-02-26 05:54:53 PST","PC Desktops & All-in-Ones","179","","","Neu","","","","","","DE","","Nicht zutreffend",""
"307210263060",Logic Gaming-PC i5-12400F 32 GB 1 TB SSD Win11 Home,,10362,"2","FIXED_PRICE","EUR",1083.0,,,1083.0,"0","","","Oct-02-26 05:54:53 PDT","Nov-02-26 05:54:53 PST","PC Desktops & All-in-Ones","179","","","Neu","","","","","","DE","","Nicht zutreffend",""
"307210263063","Dell Precision 7520 i7-6820HQ 32 GB 480 GB SSD 15,6 Zoll Win10 Pro",,15107244334,"0","FIXED_PRICE","EUR",480.0,,,480.0,"0","","","Oct-02-26 05:54:53 PDT","Nov-02-26 05:54:53 PST","PC Notebooks & Netbooks","177","","","Gebraucht","","","","","","DE","","",""
"307210263064","HP ProBook 650 G2 i5-6200U 8 GB 240 GB SSD 15,6 Zoll Win11 Pro",,15984428909,"5","FIXED_PRICE","EUR",157.0,,,157.0,"0","","","Oct-02-26 05:54:54 PDT","Nov-02-26 05:54:54 PST","PC Notebooks & Netbooks","177","","","Gebraucht","","","","","","DE","","",""
"307210263065","Dell Latitude 5500 i5-8265U 16 GB 240 GB SSD 15,6 Zoll Win11 Pro",,5757_20260505135353,"2","FIXED_PRICE","EUR",317.0,,,317.0,"0","","","Oct-02-26 05:54:54 PDT","Nov-02-26 05:54:54 PST","PC Notebooks & Netbooks","177","","","Gebraucht","","","","","","DE","","",""
"307210263066","HP EliteBook 850 G3 i7-6500U 8 GB 240 GB SSD 15,6 Zoll Win11 Pro",,18415882642,"2","FIXED_PRICE","EUR",203.0,,,203.0,"0","","","Oct-02-26 05:54:54 PDT","Nov-02-26 05:54:54 PST","PC Notebooks & Netbooks","177","","","Gebraucht","","","","","","DE","","",""
"307210263069","HP ProBook 650 G2 i5-6200U 8 GB 120 GB SSD 15,6 Zoll Win11 Pro",,15984428909_20260930072640,"5","FIXED_PRICE","EUR",141.0,,,141.0,"0","","","Oct-02-26 05:54:54 PDT","Nov-02-26 05:54:54 PST","PC Notebooks & Netbooks","177","","","Gebraucht","","","","","","DE","","",""
"307210263071","Dell Latitude E5570 i7-6820HQ 8 GB 256 GB SSD 15,6 Zoll Win11 Pro",,4103_20251103123304,"2","FIXED_PRICE","EUR",237.0,,,237.0,"0","","","Oct-02-26 05:54:54 PDT","Nov-02-26 05:54:54 PST","PC Notebooks & Netbooks","177","","","Gebraucht","","","","","","DE","","",""
"307210263072",HP EliteBook 840 G7 i5-10210U 16 GB 256 GB SSD 14 Zoll Win11 Pro,,17002865311,"2","FIXED_PRICE","EUR",288.0,,,288.0,"0","","","Oct-02-26 05:54:54 PDT","Nov-02-26 05:54:54 PST","PC Notebooks & Netbooks","177","","","Gebraucht","","","","","","DE","","",""
"307210263073","HP EliteBook 850 G3 i7-6500U 8 GB 240 GB SSD 15,6 Zoll Win11 Pro",,18415852040,"2","FIXED_PRICE","EUR",180.0,,,180.0,"0","","","Oct-02-26 05:54:54 PDT","Nov-02-26 05:54:54 PST","PC Notebooks & Netbooks","177","","","Gebraucht","","","","","","DE","","",""
"307210263074","Dell Latitude 5520 i5-1135G7 16 GB 256 GB SSD 15,6 Zoll Win11 Pro",,3864_20260126082111,"2","FIXED_PRICE","EUR",363.0,,,363.0,"0","","","Oct-02-26 05:54:54 PDT","Nov-02-26 05:54:54 PST","PC Notebooks & Netbooks","177","","","Gebraucht","","","","","","DE","","",""
"307210263076","Dell Precision 7750 i7-10850H 32 GB 512 GB SSD 17,3 Zoll Win11 Pro",,5743,"2","FIXED_PRICE","EUR",1090.0,,,1090.0,"0","","","Oct-02-26 05:54:54 PDT","Nov-02-26 05:54:54 PST","PC Notebooks & Netbooks","177","","","Gebraucht","","","","","","DE","","",""
"307210263080",Lenovo Chromebook 300e 2nd Gen Intel Celeron N4020 4 GB 32 GB SSD ChromeOS,,5318_20260121085112,"2","FIXED_PRICE","EUR",89.0,,,89.0,"0","2","0","Oct-02-26 05:54:54 PDT","Nov-02-26 05:54:54 PST","PC Notebooks & Netbooks","177","","","Gebraucht","","","","","","DE","","",""
"307210263081","HP ZBook Firefly 15 G7 i7-10510U 16 GB 256 GB SSD 15,6 Zoll Win11 Pro",,10407,"2","FIXED_PRICE","EUR",477.0,,,477.0,"0","","","Oct-02-26 05:54:54 PDT","Nov-02-26 05:54:54 PST","PC Notebooks & Netbooks","177","","","Gebraucht","","","","","","DE","","",""
"307210263084","Dell Precision 7740 i7-9850H 16 GB 512 GB SSD 17,3 Zoll Win11 Pro",,4760_20250908072757,"2","FIXED_PRICE","EUR",857.0,,,857.0,"0","","","Oct-02-26 05:54:54 PDT","Nov-02-26 05:54:54 PST","PC Notebooks & Netbooks","177","","","Gebraucht","","","","","","DE","","",""
"307210263085",Dell Latitude 7410 i7-10610U 16 GB 256 GB SSD 14 Zoll Win11 Pro,,10370_20251203112444,"2","FIXED_PRICE","EUR",288.0,,,288.0,"0","","","Oct-02-26 05:54:54 PDT","Nov-02-26 05:54:54 PST","PC Notebooks & Netbooks","177","","","Gebraucht","","","","","","DE","","",""
"307210263086","Dell Latitude 5580 i7-7820HQ 8 GB 256 GB SSD 15,6 Zoll Win10 Pro",,6186_20251103085550,"2","FIXED_PRICE","EUR",295.0,,,295.0,"0","","","Oct-02-26 05:54:54 PDT","Nov-02-26 05:54:54 PST","PC Notebooks & Netbooks","177","","","Gebraucht","","","","","","DE","","",""
"307210263087",Dell Latitude 5410 i5-10310U 16 GB 480 GB SSD 14 Zoll Win11 Pro,,5570,"5","FIXED_PRICE","EUR",372.0,,,372.0,"0","","","Oct-02-26 05:54:54 PDT","Nov-02-26 05:54:54 PST","PC Notebooks & Netbooks","177","","","Gebraucht","","","","","","DE","","",""
"307210263088",Dell Optiplex 5060 i5-9500 8 GB 240 GB SSD Win11 Pro,,3940,"2","FIXED_PRICE","EUR",215.0,,,215.0,"0","","","Oct-02-26 05:54:54 PDT","Nov-02-26 05:54:54 PST","PC Desktops & All-in-Ones","179","","","Gebraucht","","","","","","DE","","",""
"307210263089",Dell Latitude 5420 i5-1135G7 8 GB 256 GB SSD 14 Zoll Win11 Pro,,5112_20251107093427,"2","FIXED_PRICE","EUR",260.0,,,260.0,"0","","","Oct-02-26 05:54:54 PDT","Nov-02-26 05:54:54 PST","PC Notebooks & Netbooks","177","","","Gebraucht","","","","","","DE","","",""
"307210263090",HP EliteDesk 805 G6 Ryzen 5 PRO 4650GE 16 GB 256 GB SSD Win11 Pro,,5099,"2","FIXED_PRICE","EUR",386.0,,,386.0,"0","","","Oct-02-26 05:54:54 PDT","Nov-02-26 05:54:54 PST","PC Desktops & All-in-Ones","179","","","Gebraucht","","","","","","DE","","",""
"307210263091",Dell Latitude 7480 i7-7600U 8 GB 256 GB SSD 14 Zoll Win11 Pro,,4598,"5","FIXED_PRICE","EUR",203.0,,,203.0,"0","","","Oct-02-26 05:54:54 PDT","Nov-02-26 05:54:54 PST","PC Notebooks & Netbooks","177","","","Gebraucht","","","","","","DE","","",""
"307210263093",Fujitsu Lifebook U749 i7-8650U 16 GB 256 GB SSD 14 Zoll Win10/11 Pro,,17292932466,"0","FIXED_PRICE","EUR",253.0,,,253.0,"0","","","Oct-02-26 05:54:54 PDT","Nov-02-26 05:54:54 PST","PC Notebooks & Netbooks","177","","","Gebraucht","","","","","","DE","","",""
"307210263094","HP EliteBook 830 G6 i5-8365U 8 GB 256 GB SSD 13,3 Zoll Win11 Pro",,3808_20260612131225,"5","FIXED_PRICE","EUR",198.0,,,198.0,"0","","","Oct-02-26 05:54:54 PDT","Nov-02-26 05:54:54 PST","PC Notebooks & Netbooks","177","","","Gebraucht","","","","","","DE","","",""
"307210263095","HP Zbook 15 G3 i7-6700HQ 16 GB 256 GB SSD+HDD 15,6 Zoll Win10/11 Pro",,5858,"5","FIXED_PRICE","EUR",333.0,,,333.0,"0","","","Oct-02-26 05:54:54 PDT","Nov-02-26 05:54:54 PST","PC Notebooks & Netbooks","177","","","Gebraucht","","","","","","DE","","",""
"307210263096","Lenovo ThinkPad X13 Gen. 2 i5-1145G7 16 GB 256 GB SSD 13,3 Zoll Win11 Pro",,17622296963_20260928091520,"5","FIXED_PRICE","EUR",255.0,,,255.0,"0","2","0","Oct-02-26 05:54:54 PDT","Nov-02-26 05:54:54 PST","PC Notebooks & Netbooks","177","","","Gebraucht","","","","","","DE","","",""
"307210263098","Lenovo ThinkPad X13 Gen. 2 i5-1145G7 8 GB 256 GB SSD 13,3 Zoll Win11 Pro",,17622296963_20260928090139,"5","FIXED_PRICE","EUR",198.0,,,198.0,"1","6","0","Oct-02-26 05:54:54 PDT","Nov-02-26 05:54:54 PST","PC Notebooks & Netbooks","177","","","Gebraucht","","","","","","DE","","",""
"307210263099",HP ProDesk 600 G5 i5-9500 8 GB 256 GB SSD Win11 Home,,6076,"5","FIXED_PRICE","EUR",221.0,,,221.0,"0","","","Oct-02-26 05:54:54 PDT","Nov-02-26 05:54:54 PST","PC Desktops & All-in-Ones","179","","","Gebraucht","","","","","","DE","","",""
"307210263100",Dell 5070 Thin Client Intel Celeron J4105 8 GB 128 GB SSD,,4462,"5","FIXED_PRICE","EUR",98.0,,,98.0,"0","","","Oct-02-26 05:54:54 PDT","Nov-02-26 05:54:54 PST","PC Desktops & All-in-Ones","179","","","Gebraucht","","","","","","DE","","",""
"307210263101","Dell Latitude 5540 i5-1345U 16 GB 256 GB SSD 15,6 Zoll Win11 Pro",,4870_20260403113150,"5","FIXED_PRICE","EUR",523.0,,,523.0,"0","","","Oct-02-26 05:54:54 PDT","Nov-02-26 05:54:54 PST","PC Notebooks & Netbooks","177","","","Gebraucht","","","","","","DE","","",""
"307210263102","Dell Latitude 5580 i5-7200U 16 GB 480 GB SSD 15,6 Zoll Win10 Pro",,4434,"5","FIXED_PRICE","EUR",327.0,,,327.0,"0","","","Oct-02-26 05:54:54 PDT","Nov-02-26 05:54:54 PST","PC Notebooks & Netbooks","177","","","Gebraucht","","","","","","DE","","",""
"307210263103",Dell Latitude 7480 i7-6600U 8 GB 256 GB SSD 14 Zoll Win11 Pro,,4598_20251031114749,"5","FIXED_PRICE","EUR",175.0,,,175.0,"0","","","Oct-02-26 05:54:54 PDT","Nov-02-26 05:54:54 PST","PC Notebooks & Netbooks","177","","","Gebraucht","","","","","","DE","","",""
"307210263104","Apple Apple MacBook Pro A1707 2017r. i7-7820HQ 16 GB 500 GB SSD 15,6 Zoll macOS",,5577,"5","FIXED_PRICE","EUR",363.0,,,363.0,"0","","","Oct-02-26 05:54:54 PDT","Nov-02-26 05:54:54 PST","Apple Notebooks","111422","","","Gebraucht","","","","","","DE","","",""
"307210263105","Microsoft Surface laptop 3 (1868) i5-1035G7 8 GB 256 GB SSD 13,5 Zoll Win11 Pro",,5691_20260505120308,"5","FIXED_PRICE","EUR",363.0,,,363.0,"0","","","Oct-02-26 05:54:54 PDT","Nov-02-26 05:54:54 PST","PC Notebooks & Netbooks","177","","","Gebraucht","","","","","","DE","","",""
"307210263106",Dell Optiplex 3060 i5-8500T 8 GB 256 GB SSD Win11 Pro,,4873,"5","FIXED_PRICE","EUR",192.0,,,192.0,"0","","","Oct-02-26 05:54:54 PDT","Nov-02-26 05:54:54 PST","PC Desktops & All-in-Ones","179","","","Gebraucht","","","","","","DE","","",""
"307210263107","HP ProBook 450 G8 i5-1135G7 16 GB 256 GB SSD 15,6 Zoll Win11 Pro",,18422263714,"5","FIXED_PRICE","EUR",409.0,,,409.0,"0","","","Oct-02-26 05:54:54 PDT","Nov-02-26 05:54:54 PST","PC Notebooks & Netbooks","177","","","Gebraucht","","","","","","DE","","",""
"307210263109","HP ProBook 450 G8 i5-1135G7 16 GB 256 GB SSD 15,6 Zoll Win11 Pro",,18422342372,"5","FIXED_PRICE","EUR",363.0,,,363.0,"0","","","Oct-02-26 05:54:54 PDT","Nov-02-26 05:54:54 PST","PC Notebooks & Netbooks","177","","","Gebraucht","","","","","","DE","","",""
"307210263110","Lenovo ThinkPad T590 i5-8365U 8 GB 256 GB SSD 15,6 Zoll Win11 Pro",,18547336230,"0","FIXED_PRICE","EUR",272.0,,,272.0,"0","","","Oct-02-26 05:54:54 PDT","Nov-02-26 05:54:54 PST","PC Notebooks & Netbooks","177","","","Gebraucht","","","","","","DE","","",""
"307210263111",Logic Gaming-PC i5-8400 16 GB 480 GB SSD+HDD Win11 Home,,6293,"5","FIXED_PRICE","EUR",775.0,,,775.0,"0","","","Oct-02-26 05:54:54 PDT","Nov-02-26 05:54:54 PST","PC Desktops & All-in-Ones","179","","","Neu","","","","","","DE","","Nicht zutreffend",""
"307210263112","Dell Latitude 5500 i5-8265U 8 GB 240 GB SSD 15,6 Zoll Win11 Pro",,6222,"5","FIXED_PRICE","EUR",249.0,,,249.0,"0","","","Oct-02-26 05:54:54 PDT","Nov-02-26 05:54:54 PST","PC Notebooks & Netbooks","177","","","Gebraucht","","","","","","DE","","",""
"307210263113",Dell Latitude 7480 i7-6600U 8 GB 256 GB SSD 14 Zoll Win11 Pro,,4598_20251031114919,"5","FIXED_PRICE","EUR",192.0,,,192.0,"0","","","Oct-02-26 05:54:54 PDT","Nov-02-26 05:54:54 PST","PC Notebooks & Netbooks","177","","","Gebraucht","","","","","","DE","","",""
"307210263114","Dell Precision 7730 i7-8750H 32 GB 512 GB SSD 17,3 Zoll Win11 Pro",,5520_20250908114045,"5","FIXED_PRICE","EUR",690.0,,,690.0,"0","","","Oct-02-26 05:54:54 PDT","Nov-02-26 05:54:54 PST","PC Notebooks & Netbooks","177","","","Gebraucht","","","","","","DE","","",""
"307210263115",HP Probook 640 G8 i5-1135G7 8 GB 256 GB SSD 14 Zoll Win11 Pro,,4227_20260202082317,"5","FIXED_PRICE","EUR",317.0,,,317.0,"0","","","Oct-02-26 05:54:54 PDT","Nov-02-26 05:54:54 PST","PC Notebooks & Netbooks","177","","","Gebraucht","","","","","","DE","","",""
"307210263116",Dell Latitude 5410 i5-10310U 8 GB 256 GB SSD 14 Zoll Win11 Pro,,5570_20251106131416,"5","FIXED_PRICE","EUR",272.0,,,272.0,"0","","","Oct-02-26 05:54:54 PDT","Nov-02-26 05:54:54 PST","PC Notebooks & Netbooks","177","","","Gebraucht","","","","","","DE","","",""
"307210263117",Lenovo ThinkPad T490 i5-8265U 16 GB 500 GB SSD 14 Zoll Win11 Pro,,4220_20260430112210,"5","FIXED_PRICE","EUR",363.0,,,363.0,"0","1","0","Oct-02-26 05:54:54 PDT","Nov-02-26 05:54:54 PST","PC Notebooks & Netbooks","177","","","Gebraucht","","","","","","DE","","",""
"307210263118",HP Probook 640 G8 i5-1135G7 8 GB 256 GB SSD 14 Zoll Win11 Pro,,4227_20260202082853,"5","FIXED_PRICE","EUR",260.0,,,260.0,"0","","","Oct-02-26 05:54:54 PDT","Nov-02-26 05:54:54 PST","PC Notebooks & Netbooks","177","","","Gebraucht","","","","","","DE","","",""
"307210263119",Dell Latitude 7480 i7-7600U 8 GB 256 GB SSD 14 Zoll Win11 Pro,,4598_20251031101523,"5","FIXED_PRICE","EUR",180.0,,,180.0,"0","","","Oct-02-26 05:54:54 PDT","Nov-02-26 05:54:54 PST","PC Notebooks & Netbooks","177","","","Gebraucht","","","","","","DE","","",""
"307210263121",HP Probook 640 G8 i5-1135G7 32 GB 256 GB SSD 14 Zoll Win11 Pro,,4227_20260223081918,"5","FIXED_PRICE","EUR",386.0,,,386.0,"0","","","Oct-02-26 05:54:54 PDT","Nov-02-26 05:54:54 PST","PC Notebooks & Netbooks","177","","","Gebraucht","","","","","","DE","","",""
"307210263122",Dell Latitude 5420 i5-1135G7 8 GB 256 GB SSD 14 Zoll Win11 Pro,,5112_20251107093620,"5","FIXED_PRICE","EUR",295.0,,,295.0,"0","","","Oct-02-26 05:54:54 PDT","Nov-02-26 05:54:54 PST","PC Notebooks & Netbooks","177","","","Gebraucht","","","","","","DE","","",""
"307210263123",Lenovo ThinkCentre M715Q Ryzen 5 PRO 2400GE 8 GB 256 GB SSD Win11 Pro,,5487,"5","FIXED_PRICE","EUR",135.0,,,135.0,"0","3","0","Oct-02-26 05:54:54 PDT","Nov-02-26 05:54:54 PST","PC Desktops & All-in-Ones","179","","","Gebraucht","","","","","","DE","","",""
"307210263124",HP ZBook 14u G5 i5-7200U 16 GB 256 GB SSD 14 Zoll Win11 Pro,,4622,"8","FIXED_PRICE","EUR",299.0,,,299.0,"0","","","Oct-02-26 05:54:54 PDT","Nov-02-26 05:54:54 PST","PC Notebooks & Netbooks","177","","","Gebraucht","","","","","","DE","","",""
"307210263125","Lenovo ThinkPad E15 Gen 2 i5-1135G7 8 GB 256 GB SSD 15,6 Zoll Win11 Pro",,4553,"8","FIXED_PRICE","EUR",340.0,,,340.0,"0","","","Oct-02-26 05:54:54 PDT","Nov-02-26 05:54:54 PST","PC Notebooks & Netbooks","177","","","Gebraucht","","","","","","DE","","",""
"307210263126","Lenovo ThinkPad T15 Gen2 i5-1135G7 16 GB 500 GB SSD 15,6 Zoll Win11 Pro",,17622086782_20260609123827,"8","FIXED_PRICE","EUR",477.0,,,477.0,"0","","","Oct-02-26 05:54:54 PDT","Nov-02-26 05:54:54 PST","PC Notebooks & Netbooks","177","","","Gebraucht","","","","","","DE","","",""
"307210263127","Dell Latitude 5500 i5-8265U 32 GB 480 GB SSD 15,6 Zoll Win11 Pro",,6222_20260430093735,"8","FIXED_PRICE","EUR",443.0,,,443.0,"0","","","Oct-02-26 05:54:55 PDT","Nov-02-26 05:54:55 PST","PC Notebooks & Netbooks","177","","","Gebraucht","","","","","","DE","","",""
"307210263128",HP ProBook 440 G6 i5-8265U 8 GB 256 GB SSD 14 Zoll Win11 Pro,,3939,"8","FIXED_PRICE","EUR",215.0,,,215.0,"0","","","Oct-02-26 05:54:55 PDT","Nov-02-26 05:54:55 PST","PC Notebooks & Netbooks","177","","","Gebraucht","","","","","","DE","","",""
"307210263129",HP EliteBook 840 G6 i5-8365U 8 GB 256 GB SSD 14 Zoll Win11 Pro,,3832,"0","FIXED_PRICE","EUR",226.0,,,226.0,"0","","","Oct-02-26 05:54:55 PDT","Nov-02-26 05:54:55 PST","PC Notebooks & Netbooks","177","","","Gebraucht","","","","","","DE","","",""
"307210263130",Lenovo ThinkPad T490 i5-8265U 32 GB 960 GB SSD 14 Zoll Win11 Pro,,5213_20260430120023,"8","FIXED_PRICE","EUR",500.0,,,500.0,"0","","","Oct-02-26 05:54:55 PDT","Nov-02-26 05:54:55 PST","PC Notebooks & Netbooks","177","","","Gebraucht","","","","","","DE","","",""
"307210263131","Lenovo ThinkPad E15 Gen 2 i5-1135G7 32 GB 1 TB SSD 15,6 Zoll Win11 Pro",,4553_20260504135712,"0","FIXED_PRICE","EUR",580.0,,,580.0,"0","","","Oct-02-26 05:54:55 PDT","Nov-02-26 05:54:55 PST","PC Notebooks & Netbooks","177","","","Gebraucht","","","","","","DE","","",""
"307210263132",HP ProBook 440 G6 i5-8265U 32 GB 480 GB SSD 14 Zoll Win11 Pro,,3939_20260415081208,"10","FIXED_PRICE","EUR",352.0,,,352.0,"0","","","Oct-02-26 05:54:55 PDT","Nov-02-26 05:54:55 PST","PC Notebooks & Netbooks","177","","","Gebraucht","","","","","","DE","","",""
"307210263134","Toshiba Dynabook Tecra A50-J i5-1135G7 8 GB 256 GB SSD 15,6 Zoll Win11 Pro",,10403,"5","FIXED_PRICE","EUR",363.0,,,363.0,"0","","","Oct-02-26 05:54:55 PDT","Nov-02-26 05:54:55 PST","PC Notebooks & Netbooks","177","","","Gebraucht","","","","","","DE","","",""
"307210263135",HP EliteBook 840 G6 i5-8365U 16 GB 500 GB SSD 14 Zoll Win11 Pro,,3832_20260515085807,"0","FIXED_PRICE","EUR",317.0,,,317.0,"0","","","Oct-02-26 05:54:55 PDT","Nov-02-26 05:54:55 PST","PC Notebooks & Netbooks","177","","","Gebraucht","","","","","","DE","","",""
"307210263136","HP EliteBook 850 G6 i7-8650U 8 GB 256 GB SSD 15,6 Zoll Win11 Pro",,17574484462,"10","FIXED_PRICE","EUR",306.0,,,306.0,"0","","","Oct-02-26 05:54:55 PDT","Nov-02-26 05:54:55 PST","PC Notebooks & Netbooks","177","","","Gebraucht","","","","","","DE","","",""
"307210263137","Lenovo ThinkPad E15 Gen 2 i5-1135G7 16 GB 2 TB SSD 15,6 Zoll Win11 Pro",,4553_20260504135333,"0","FIXED_PRICE","EUR",580.0,,,580.0,"0","","","Oct-02-26 05:54:55 PDT","Nov-02-26 05:54:55 PST","PC Notebooks & Netbooks","177","","","Gebraucht","","","","","","DE","","",""
"307210263138",HP EliteBook 840 G6 i5-8365U 16 GB 500 GB SSD 14 Zoll Win11 Pro,,18589762579,"0","FIXED_PRICE","EUR",306.0,,,306.0,"0","","","Oct-02-26 05:54:55 PDT","Nov-02-26 05:54:55 PST","PC Notebooks & Netbooks","177","","","Gebraucht","","","","","","DE","","",""
"307210263139",HP EliteBook 840 G6 i5-8365U 32 GB 500 GB SSD 14 Zoll Win11 Pro,,4542_20260515092743,"0","FIXED_PRICE","EUR",375.0,,,375.0,"0","","","Oct-02-26 05:54:55 PDT","Nov-02-26 05:54:55 PST","PC Notebooks & Netbooks","177","","","Gebraucht","","","","","","DE","","",""