Item number,Title,Variation details,Custom label (SKU),Available quantity,Format,Currency,Start price,Auction Buy It Now price,Reserve price,Current price,Sold quantity,Watchers,Bids,Start date,End date,eBay category 1 name,eBay category 1 number,eBay category 2 name,eBay category 2 number,Condition,CD:Professional Grader - (ID: 27501),CD:Grade - (ID: 27502),CDA:Certification Number - (ID: 27503),CD:Card Condition - (ID: 40001),eBay Product ID(ePID),Listing site,P:UPC,P:EAN,P:ISBN
"307123911846",Lenovo ThinkPad T14 Gen 1 Ryzen 5 PRO 4650U 16 GB 256 GB SSD 14 Zoll Win11 Pro,,3888_20250724125241,"15","FIXED_PRICE","EUR",244.0,,,244.0,"3","16","0","Aug-13-26 00:00:15 PDT","Oct-13-26 00:00:15 PDT","PC Notebooks & Netbooks","177","","","Gebraucht","","","","","","DE","","",""
"307124457460","Dell Latitude 5540 i5-1345U 16 GB 256 GB SSD 15,6 Zoll Win11 Pro",,4870_20260403112433,"8","FIXED_PRICE","EUR",570.0,,,570.0,"0","","","Aug-13-26 05:36:51 PDT","Oct-13-26 05:36:51 PDT","PC Notebooks & Netbooks","177","","","Gebraucht","","","","","","DE","","",""
"307145261903",HP ProBook 640 G2 i5-6200U 8 GB 120 GB SSD 14 Zoll Win11 Pro,,18857183867,"0","FIXED_PRICE","EUR",119.0,,,119.0,"0","","","Aug-25-26 03:26:55 PDT","Sep-25-26 03:26:55 PDT","PC Notebooks & Netbooks","177","","","Gebraucht","","","","","","DE","","",""
"307145261906",HP EliteBook 840 G6 i5-8365U 16 GB 500 GB SSD 14 Zoll Win11 Pro,,18589762579,"15","FIXED_PRICE","EUR",308.0,,,308.0,"0","","","Aug-25-26 03:26:55 PDT","Sep-25-26 03:26:55 PDT","PC Notebooks & Netbooks","177","","","Gebraucht","","","","","","DE","","",""
"307145261907",HP EliteBook 840 G6 i5-8365U 32 GB 1000 GB SSD 14 Zoll Win11 Pro,,18589765205,"15","FIXED_PRICE","EUR",467.0,,,467.0,"0","","","Aug-25-26 03:26:55 PDT","Sep-25-26 03:26:55 PDT","PC Notebooks & Netbooks","177","","","Gebraucht","","","","","","DE","","",""
"307145261909","Fujitsu Lifebook E5510 i7-10510U 16 GB 256 GB SSD 15,6 Zoll Win11 Pro",,5563_20260819142954,"15","FIXED_PRICE","EUR",320.0,,,320.0,"0","1","0","Aug-25-26 03:26:55 PDT","Sep-25-26 03:26:55 PDT","PC Notebooks & Netbooks","177","","","Gebraucht","","","","","","DE","","",""
"307145261910","Fujitsu Lifebook E5510 i7-10510U 8 GB 256 GB SSD 15,6 Zoll Win11 Pro",,5563_20260819094242,"15","FIXED_PRICE","EUR",295.0,,,295.0,"0","","","Aug-25-26 03:26:55 PDT","Sep-25-26 03:26:55 PDT","PC Notebooks & Netbooks","177","","","Gebraucht","","","","","","DE","","",""
"307145261915","Panasonic ToughBook CF-31 MK3 i5-3340M 16 GB 120 GB SSD 13,3 Zoll Win10 Pro",,10365,"15","FIXED_PRICE","EUR",231.0,,,231.0,"0","4","0","Aug-25-26 03:26:55 PDT","Sep-25-26 03:26:55 PDT","PC Notebooks & Netbooks","177","","","Gebraucht","","","","","","DE","","",""
"307145261917",HP EliteBook 840 G6 i5-8365U 16 GB 256 GB SSD 14 Zoll Win11 Pro,,18589771410,"15","FIXED_PRICE","EUR",250.0,,,250.0,"0","","","Aug-25-26 03:26:55 PDT","Sep-25-26 03:26:55 PDT","PC Notebooks & Netbooks","177","","","Gebraucht","","","","","","DE","","",""
"307145261919",HP EliteBook 840 G6 i5-8365U 16 GB 256 GB SSD 14 Zoll Win11 Pro,,18726194238,"15","FIXED_PRICE","EUR",272.0,,,272.0,"0","","","Aug-25-26 03:26:55 PDT","Sep-25-26 03:26:55 PDT","PC Notebooks & Netbooks","177","","","Gebraucht","","","","","","DE","","",""
"307145261920",HP EliteBook 840 G6 i5-8365U 32 GB 2000 GB SSD 14 Zoll Win11 Pro,,18589774290,"15","FIXED_PRICE","EUR",524.0,,,524.0,"0","","","Aug-25-26 03:26:55 PDT","Sep-25-26 03:26:55 PDT","PC Notebooks & Netbooks","177","","","Gebraucht","","","","","","DE","","",""
"307145261922",HP EliteBook 840 G6 i5-8365U 16 GB 1000 GB SSD 14 Zoll Win11 Pro,,18726200007,"15","FIXED_PRICE","EUR",389.0,,,389.0,"0","","","Aug-25-26 03:26:55 PDT","Sep-25-26 03:26:55 PDT","PC Notebooks & Netbooks","177","","","Gebraucht","","","","","","DE","","",""
"307145261923",HP EliteBook 840 G6 i5-8365U 32 GB 2000 GB SSD 14 Zoll Win11 Pro,,18726210487,"15","FIXED_PRICE","EUR",547.0,,,547.0,"0","","","Aug-25-26 03:26:55 PDT","Sep-25-26 03:26:55 PDT","PC Notebooks & Netbooks","177","","","Gebraucht","","","","","","DE","","",""
"307145261928",HP EliteBook 840 G6 i5-8365U 8 GB 256 GB SSD 14 Zoll Win11 Pro,,16974667118,"15","FIXED_PRICE","EUR",229.0,,,229.0,"0","","","Aug-25-26 03:26:55 PDT","Sep-25-26 03:26:55 PDT","PC Notebooks & Netbooks","177","","","Gebraucht","","","","","","DE","","",""
"307145261929",HP EliteBook 840 G6 i5-8365U 8 GB 256 GB SSD 14 Zoll Win11 Pro,,18589767879,"15","FIXED_PRICE","EUR",206.0,,,206.0,"0","","","Aug-25-26 03:26:55 PDT","Sep-25-26 03:26:55 PDT","PC Notebooks & Netbooks","177","","","Gebraucht","","","","","","DE","","",""
"307145261933","HP EliteBook 850 G6 i7-8650U 8 GB 960 GB SSD 15,6 Zoll Win10 Pro",,17376915232,"15","FIXED_PRICE","EUR",401.0,,,401.0,"0","","","Aug-25-26 03:26:55 PDT","Sep-25-26 03:26:55 PDT","PC Notebooks & Netbooks","177","","","Gebraucht","","","","","","DE","","",""
"307145261934","HP EliteBook 850 G6 i7-8650U 16 GB 960 GB SSD 15,6 Zoll Win10 Pro",,17376887104,"15","FIXED_PRICE","EUR",444.0,,,444.0,"0","","","Aug-25-26 03:26:55 PDT","Sep-25-26 03:26:55 PDT","PC Notebooks & Netbooks","177","","","Gebraucht","","","","","","DE","","",""
"307145261935","HP EliteBook 850 G6 i7-8650U 8 GB 256 GB SSD 15,6 Zoll Win10 Pro",,16639542933,"15","FIXED_PRICE","EUR",285.0,,,285.0,"0","","","Aug-25-26 03:26:55 PDT","Sep-25-26 03:26:55 PDT","PC Notebooks & Netbooks","177","","","Gebraucht","","","","","","DE","","",""
"307145261936","HP EliteBook 850 G6 i7-8650U 32 GB 960 GB SSD 15,6 Zoll Win10 Pro",,17376890404,"15","FIXED_PRICE","EUR",524.0,,,524.0,"0","","","Aug-25-26 03:26:55 PDT","Sep-25-26 03:26:55 PDT","PC Notebooks & Netbooks","177","","","Gebraucht","","","","","","DE","","",""
"307145261938","HP EliteBook 850 G6 i7-8650U 32 GB 480 GB SSD 15,6 Zoll Win10 Pro",,17376895871,"15","FIXED_PRICE","EUR",444.0,,,444.0,"0","","","Aug-25-26 03:26:55 PDT","Sep-25-26 03:26:55 PDT","PC Notebooks & Netbooks","177","","","Gebraucht","","","","","","DE","","",""
"307145261939","HP EliteBook 850 G6 i7-8650U 16 GB 480 GB SSD 15,6 Zoll Win10 Pro",,17376880123,"15","FIXED_PRICE","EUR",366.0,,,366.0,"0","","","Aug-25-26 03:26:56 PDT","Sep-25-26 03:26:56 PDT","PC Notebooks & Netbooks","177","","","Gebraucht","","","","","","DE","","",""
"307145261940","HP EliteBook 850 G6 i7-8650U 8 GB 480 GB SSD 15,6 Zoll Win10 Pro",,17376901449,"15","FIXED_PRICE","EUR",318.0,,,318.0,"0","","","Aug-25-26 03:26:56 PDT","Sep-25-26 03:26:56 PDT","PC Notebooks & Netbooks","177","","","Gebraucht","","","","","","DE","","",""
"307145261943","Dell Latitude 5500 i5-8365U 16 GB 512 GB SSD 15,6 Zoll Win11 Pro",,18560675168,"15","FIXED_PRICE","EUR",331.0,,,331.0,"0","","","Aug-25-26 03:26:56 PDT","Sep-25-26 03:26:56 PDT","PC Notebooks & Netbooks","177","","","Gebraucht","","","","","","DE","","",""
"307145261945","HP EliteBook 850 G6 i7-8650U 32 GB 1000 GB SSD 15,6 Zoll Win11 Pro",,17376924431,"15","FIXED_PRICE","EUR",547.0,,,547.0,"0","","","Aug-25-26 03:26:56 PDT","Sep-25-26 03:26:56 PDT","PC Notebooks & Netbooks","177","","","Gebraucht","","","","","","DE","","",""
"307145261946","Dell Latitude 5500 i5-8365U 32 GB 512 GB SSD 15,6 Zoll Win11 Pro",,18560679089,"15","FIXED_PRICE","EUR",412.0,,,412.0,"0","","","Aug-25-26 03:26:56 PDT","Sep-25-26 03:26:56 PDT","PC Notebooks & Netbooks","177","","","Gebraucht","","","","","","DE","","",""
"307145261947","Dell Latitude 5500 i5-8365U 16 GB 256 GB SSD 15,6 Zoll Win11 Pro",,18560568436,"15","FIXED_PRICE","EUR",295.0,,,295.0,"0","","","Aug-25-26 03:26:56 PDT","Sep-25-26 03:26:56 PDT","PC Notebooks & Netbooks","177","","","Gebraucht","","","","","","DE","","",""
"307145261948","Dell Latitude 5500 i5-8365U 16 GB 256 GB SSD 15,6 Zoll Win11 Pro",,18561437107,"15","FIXED_PRICE","EUR",320.0,,,320.0,"0","","","Aug-25-26 03:26:56 PDT","Sep-25-26 03:26:56 PDT","PC Notebooks & Netbooks","177","","","Gebraucht","","","","","","DE","","",""
"307145261952",HP EliteBook 845 G8 Ryzen 5 PRO 5650U 16 GB 256 GB SSD 14 Zoll Win10 Pro,,18418929132,"15","FIXED_PRICE","EUR",363.0,,,363.0,"0","","","Aug-25-26 03:26:56 PDT","Sep-25-26 03:26:56 PDT","PC Notebooks & Netbooks","177","","","Gebraucht","","","","","","DE","","",""
"307145261953","HP EliteBook 850 G6 i7-8650U 8 GB 256 GB SSD 15,6 Zoll Win11 Pro",,10400,"10","FIXED_PRICE","EUR",288.0,,,288.0,"0","","","Aug-25-26 03:26:56 PDT","Sep-25-26 03:26:56 PDT","PC Notebooks & Netbooks","177","","","Gebraucht","","","","","","DE","","",""
"307145261956","HP EliteBook 850 G6 i7-8650U 8 GB 256 GB SSD 15,6 Zoll Win11 Pro",,17574484462,"10","FIXED_PRICE","EUR",311.0,,,311.0,"0","","","Aug-25-26 03:26:56 PDT","Sep-25-26 03:26:56 PDT","PC Notebooks & Netbooks","177","","","Gebraucht","","","","","","DE","","",""
"307145261958","Lenovo ThinkPad E15 Gen 2 i5-1135G7 16 GB 2 TB SSD 15,6 Zoll Win11 Pro",,4553_20260504135333,"15","FIXED_PRICE","EUR",582.0,,,582.0,"0","","","Aug-25-26 03:26:56 PDT","Sep-25-26 03:26:56 PDT","PC Notebooks & Netbooks","177","","","Gebraucht","","","","","","DE","","",""
"307145261959","Lenovo ThinkPad E15 Gen 2 i5-1135G7 32 GB 1 TB SSD 15,6 Zoll Win11 Pro",,4553_20260504135712,"15","FIXED_PRICE","EUR",570.0,,,570.0,"0","","","Aug-25-26 03:26:56 PDT","Sep-25-26 03:26:56 PDT","PC Notebooks & Netbooks","177","","","Gebraucht","","","","","","DE","","",""
"307145261960",HP EliteBook 840 G6 i5-8365U 32 GB 1 TB SSD 14 Zoll Win11 Pro,,3832_20260515090057,"15","FIXED_PRICE","EUR",467.0,,,467.0,"0","","","Aug-25-26 03:26:56 PDT","Sep-25-26 03:26:56 PDT","PC Notebooks & Netbooks","177","","","Gebraucht","","","","","","DE","","",""
"307145261962",HP EliteBook 840 G6 i5-8365U 32 GB 500 GB SSD 14 Zoll Win11 Pro,,4542_20260515092743,"15","FIXED_PRICE","EUR",366.0,,,366.0,"0","","","Aug-25-26 03:26:56 PDT","Sep-25-26 03:26:56 PDT","PC Notebooks & Netbooks","177","","","Gebraucht","","","","","","DE","","",""
"307145261966","HP EliteBook 850 G6 i7-8650U 32 GB 500 GB SSD 15,6 Zoll Win11 Pro",,10400_20260723071439,"15","FIXED_PRICE","EUR",444.0,,,444.0,"0","1","0","Aug-25-26 03:26:56 PDT","Sep-25-26 03:26:56 PDT","PC Notebooks & Netbooks","177","","","Gebraucht","","","","","","DE","","",""
"307145261967",HP EliteBook 845 G8 Ryzen 5 PRO 5650U 8 GB 960 GB SSD 14 Zoll Win10 Pro,,17619048201,"15","FIXED_PRICE","EUR",398.0,,,398.0,"0","","","Aug-25-26 03:26:56 PDT","Sep-25-26 03:26:56 PDT","PC Notebooks & Netbooks","177","","","Gebraucht","","","","","","DE","","",""
"307145261968",HP EliteBook 845 G8 Ryzen 5 PRO 5650U 16 GB 960 GB SSD 14 Zoll Win10 Pro,,17619053272,"15","FIXED_PRICE","EUR",444.0,,,444.0,"0","","","Aug-25-26 03:26:56 PDT","Sep-25-26 03:26:56 PDT","PC Notebooks & Netbooks","177","","","Gebraucht","","","","","","DE","","",""
"307145261969",HP EliteBook 845 G8 Ryzen 5 PRO 5650U 32 GB 480 GB SSD 14 Zoll Win10 Pro,,17619065501,"15","FIXED_PRICE","EUR",444.0,,,444.0,"0","","","Aug-25-26 03:26:56 PDT","Sep-25-26 03:26:56 PDT","PC Notebooks & Netbooks","177","","","Gebraucht","","","","","","DE","","",""
"307145261970",HP EliteBook 845 G8 Ryzen 5 PRO 5650U 8 GB 256 GB SSD 14 Zoll Win10 Pro,,18418837053,"15","FIXED_PRICE","EUR",310.0,,,310.0,"0","","","Aug-25-26 03:26:56 PDT","Sep-25-26 03:26:56 PDT","PC Notebooks & Netbooks","177","","","Gebraucht","","","","","","DE","","",""
"307145261971",HP EliteBook 845 G8 Ryzen 5 PRO 5650U 16 GB 500 GB SSD 14 Zoll Win10 Pro,,18418932124,"15","FIXED_PRICE","EUR",398.0,,,398.0,"0","","","Aug-25-26 03:26:56 PDT","Sep-25-26 03:26:56 PDT","PC Notebooks & Netbooks","177","","","Gebraucht","","","","","","DE","","",""
"307145261972","Lenovo Thinkpad E15 Gen 2 i5 11gen i5-1135G7 16 GB 1000 GB SSD 15,6 Zoll Win11",,18560328503,"15","FIXED_PRICE","EUR",502.0,,,502.0,"0","","","Aug-25-26 03:26:56 PDT","Sep-25-26 03:26:56 PDT","PC Notebooks & Netbooks","177","","","Gebraucht","","","","","","DE","","",""
"307145261975",HP EliteBook 840 G6 i5-8365U 8 GB 256 GB SSD 14 Zoll Win11 Pro,,4542,"15","FIXED_PRICE","EUR",206.0,,,206.0,"0","","","Aug-25-26 03:26:56 PDT","Sep-25-26 03:26:56 PDT","PC Notebooks & Netbooks","177","","","Gebraucht","","","","","","DE","","",""
"307145261976",HP EliteBook 840 G6 i5-8365U 8 GB 256 GB SSD 14 Zoll Win11 Pro,,3832,"15","FIXED_PRICE","EUR",229.0,,,229.0,"0","","","Aug-25-26 03:26:56 PDT","Sep-25-26 03:26:56 PDT","PC Notebooks & Netbooks","177","","","Gebraucht","","","","","","DE","","",""
"307145261977","HP EliteBook 850 G6 i5-8365U 8 GB 256 GB SSD 15,6 Zoll Win11 Pro",,16232396031_20260326092022,"10","FIXED_PRICE","EUR",253.0,,,253.0,"0","","","Aug-25-26 03:26:56 PDT","Sep-25-26 03:26:56 PDT","PC Notebooks & Netbooks","177","","","Gebraucht","","","","","","DE","","",""
"307145261979","HP EliteBook 850 G6 i5-8365U 16 GB 500 GB SSD 15,6 Zoll Win11 Pro",,16232396031_20260723070515,"15","FIXED_PRICE","EUR",331.0,,,331.0,"0","","","Aug-25-26 03:26:56 PDT","Sep-25-26 03:26:56 PDT","PC Notebooks & Netbooks","177","","","Gebraucht","","","","","","DE","","",""
"307145261980",HP EliteBook 840 G6 i5-8365U 16 GB 500 GB SSD 14 Zoll Win11 Pro,,3832_20260515085807,"15","FIXED_PRICE","EUR",308.0,,,308.0,"0","","","Aug-25-26 03:26:56 PDT","Sep-25-26 03:26:56 PDT","PC Notebooks & Netbooks","177","","","Gebraucht","","","","","","DE","","",""
"307145261981","HP EliteBook 850 G6 i7-8650U 16 GB 500 GB SSD 15,6 Zoll Win11 Pro",,17574484462_20260723071213,"15","FIXED_PRICE","EUR",389.0,,,389.0,"0","","","Aug-25-26 03:26:56 PDT","Sep-25-26 03:26:56 PDT","PC Notebooks & Netbooks","177","","","Gebraucht","","","","","","DE","","",""
"307145261988","HP EliteBook 850 G6 i5-8365U 8 GB 256 GB SSD 15,6 Zoll Win11 Pro",,16232396031_20260326091827,"10","FIXED_PRICE","EUR",276.0,,,276.0,"0","","","Aug-25-26 03:26:56 PDT","Sep-25-26 03:26:56 PDT","PC Notebooks & Netbooks","177","","","Gebraucht","","","","","","DE","","",""
"307145261989",HP EliteBook 845 G8 Ryzen 5 PRO 5650U 8 GB 480 GB SSD 14 Zoll Win10 Pro,,17619042863,"15","FIXED_PRICE","EUR",318.0,,,318.0,"0","","","Aug-25-26 03:26:56 PDT","Sep-25-26 03:26:56 PDT","PC Notebooks & Netbooks","177","","","Gebraucht","","","","","","DE","","",""
"307145261994",HP EliteBook 845 G8 Ryzen 5 PRO 5650U 32 GB 500 GB SSD 14 Zoll Win10 Pro,,18418940182,"15","FIXED_PRICE","EUR",479.0,,,479.0,"0","","","Aug-25-26 03:26:56 PDT","Sep-25-26 03:26:56 PDT","PC Notebooks & Netbooks","177","","","Gebraucht","","","","","","DE","","",""
"307145261995",HP EliteBook 845 G8 Ryzen 5 PRO 5650U 16 GB 480 GB SSD 14 Zoll Win10 Pro,,17619055916,"15","FIXED_PRICE","EUR",366.0,,,366.0,"0","","","Aug-25-26 03:26:56 PDT","Sep-25-26 03:26:56 PDT","PC Notebooks & Netbooks","177","","","Gebraucht","","","","","","DE","","",""
"307145261998",HP EliteBook 845 G8 Ryzen 5 PRO 5650U 32 GB 256 GB SSD 14 Zoll Win10 Pro,,17619062218,"15","FIXED_PRICE","EUR",412.0,,,412.0,"0","","","Aug-25-26 03:26:56 PDT","Sep-25-26 03:26:56 PDT","PC Notebooks & Netbooks","177","","","Gebraucht","","","","","","DE","","",""
"307145262001",HP EliteBook 845 G8 Ryzen 5 PRO 5650U 32 GB 960 GB SSD 14 Zoll Win10 Pro,,17619068356,"15","FIXED_PRICE","EUR",524.0,,,524.0,"0","","","Aug-25-26 03:26:57 PDT","Sep-25-26 03:26:57 PDT","PC Notebooks & Netbooks","177","","","Gebraucht","","","","","","DE","","",""
"307145262002",HP EliteBook 845 G8 Ryzen 5 PRO 5650U 16 GB 256 GB SSD 14 Zoll Win10 Pro,,17619059662,"15","FIXED_PRICE","EUR",331.0,,,331.0,"0","1","0","Aug-25-26 03:26:57 PDT","Sep-25-26 03:26:57 PDT","PC Notebooks & Netbooks","177","","","Gebraucht","","","","","","DE","","",""
"307145262003",HP EliteBook 845 G8 Ryzen 5 PRO 5650U 16 GB 1024 GB SSD 14 Zoll Win11 Pro,,18468721441,"15","FIXED_PRICE","EUR",444.0,,,444.0,"0","","","Aug-25-26 03:26:57 PDT","Sep-25-26 03:26:57 PDT","PC Notebooks & Netbooks","177","","","Gebraucht","","","","","","DE","","",""
"307145262006",HP EliteBook 845 G8 Ryzen 5 PRO 5650U 32 GB 256 GB SSD 14 Zoll Win11 Pro,,17618895854_20260303112909,"15","FIXED_PRICE","EUR",366.0,,,366.0,"3","13","0","Aug-25-26 03:26:57 PDT","Sep-25-26 03:26:57 PDT","PC Notebooks & Netbooks","177","","","Gebraucht","","","","","","DE","","",""
"307145262009",HP EliteBook 845 G8 Ryzen 5 PRO 5650U 8 GB 256 GB SSD 14 Zoll Win11 Pro,,17618895854,"15","FIXED_PRICE","EUR",238.0,,,238.0,"3","26","0","Aug-25-26 03:26:57 PDT","Sep-25-26 03:26:57 PDT","PC Notebooks & Netbooks","177","","","Gebraucht","","","","","","DE","","",""
"307145262010",HP EliteBook 845 G8 Ryzen 5 PRO 5650U 32 GB 500 GB SSD 14 Zoll Win11 Pro,,17618878712_20260430121402,"15","FIXED_PRICE","EUR",444.0,,,444.0,"0","5","0","Aug-25-26 03:26:57 PDT","Sep-25-26 03:26:57 PDT","PC Notebooks & Netbooks","177","","","Gebraucht","","","","","","DE","","",""
"307145262011",HP EliteBook 845 G8 Ryzen 5 PRO 5650U 16 GB 480 GB SSD 14 Zoll Win11 Pro,,17618895854_20260430121942,"15","FIXED_PRICE","EUR",318.0,,,318.0,"1","15","0","Aug-25-26 03:26:57 PDT","Sep-25-26 03:26:57 PDT","PC Notebooks & Netbooks","177","","","Gebraucht","","","","","","DE","","",""
"307145262013","Lenovo ThinkPad E15 Gen 2 i5-1135G7 16 GB 480 GB SSD 15,6 Zoll Win11 Pro",,4553_20260504140748,"15","FIXED_PRICE","EUR",377.0,,,377.0,"0","0","0","Aug-25-26 03:26:57 PDT","Sep-25-26 03:26:57 PDT","PC Notebooks & Netbooks","177","","","Gebraucht","","","","","","DE","","",""
"307145262014",HP EliteBook 845 G8 Ryzen 5 PRO 5650U 8 GB 256 GB SSD 14 Zoll Win11 Pro,,17618878712,"15","FIXED_PRICE","EUR",284.0,,,284.0,"1","3","0","Aug-25-26 03:26:57 PDT","Sep-25-26 03:26:57 PDT","PC Notebooks & Netbooks","177","","","Gebraucht","","","","","","DE","","",""
"307145262017","Lenovo ThinkPad E15 Gen 2 i5-1135G7 8 GB 256 GB SSD 15,6 Zoll Win11 Pro",,4553_20260216084009,"15","FIXED_PRICE","EUR",295.0,,,295.0,"0","1","0","Aug-25-26 03:26:57 PDT","Sep-25-26 03:26:57 PDT","PC Notebooks & Netbooks","177","","","Gebraucht","","","","","","DE","","",""
"307145262020","Lenovo Thinkpad E15 Gen 2 i5 11gen i5-1135G7 32 GB 1000 GB SSD 15,6 Zoll Win11",,18560332764,"15","FIXED_PRICE","EUR",616.0,,,616.0,"0","","","Aug-25-26 03:26:57 PDT","Sep-25-26 03:26:57 PDT","PC Notebooks & Netbooks","177","","","Gebraucht","","","","","","DE","","",""
"307145262023",Lenovo ThinkPad T14 Gen1 Ryzen 5 PRO 4650U 8 GB 256 GB SSD 14 Zoll Win11 Pro,,18528020967,"15","FIXED_PRICE","EUR",244.0,,,244.0,"0","1","0","Aug-25-26 03:26:57 PDT","Sep-25-26 03:26:57 PDT","PC Notebooks & Netbooks","177","","","Gebraucht","","","","","","DE","","",""
"307145262024",Lenovo ThinkPad T480 i5-8350U 8 GB 256 GB SSD 14 Zoll Win11 Pro,,4579,"10","FIXED_PRICE","EUR",253.0,,,253.0,"0","3","0","Aug-25-26 03:26:57 PDT","Sep-25-26 03:26:57 PDT","PC Notebooks & Netbooks","177","","","Gebraucht","","","","","","DE","","",""
"307145262025","Toshiba Toshiba Tecra A50-J i5-1135G7 8 GB 256 GB SSD 15,6 Zoll Win10 Pro",,17388429809,"15","FIXED_PRICE","EUR",318.0,,,318.0,"0","","","Aug-25-26 03:26:57 PDT","Sep-25-26 03:26:57 PDT","PC Notebooks & Netbooks","177","","","Gebraucht","","","","","","DE","","",""
"307145262027","Toshiba Toshiba Tecra A50-J i5-1135G7 16 GB 480 GB SSD 15,6 Zoll Win10 Pro",,17388472080,"15","FIXED_PRICE","EUR",329.0,,,329.0,"0","","","Aug-25-26 03:26:57 PDT","Sep-25-26 03:26:57 PDT","PC Notebooks & Netbooks","177","","","Gebraucht","","","","","","DE","","",""
"307145262028","Toshiba Toshiba Tecra A50-J i5-1135G7 32 GB 960 GB SSD 15,6 Zoll Win10 Pro",,17388483049,"15","FIXED_PRICE","EUR",410.0,,,410.0,"0","","","Aug-25-26 03:26:57 PDT","Sep-25-26 03:26:57 PDT","PC Notebooks & Netbooks","177","","","Gebraucht","","","","","","DE","","",""
"307145262029","Toshiba Toshiba Tecra A50-J i5-1135G7 32 GB 256 GB SSD 15,6 Zoll Win10 Pro",,17388478412,"15","FIXED_PRICE","EUR",352.0,,,352.0,"0","","","Aug-25-26 03:26:57 PDT","Sep-25-26 03:26:57 PDT","PC Notebooks & Netbooks","177","","","Gebraucht","","","","","","DE","","",""
"307145262030","Toshiba Toshiba Tecra A50-J i5-1135G7 16 GB 256 GB SSD 15,6 Zoll Win10 Pro",,17388484670,"15","FIXED_PRICE","EUR",347.0,,,347.0,"0","","","Aug-25-26 03:26:57 PDT","Sep-25-26 03:26:57 PDT","PC Notebooks & Netbooks","177","","","Gebraucht","","","","","","DE","","",""
"307145262031","Toshiba Toshiba Tecra A50-J i5-1135G7 16 GB 480 GB SSD 15,6 Zoll Win10 Pro",,17388491282,"15","FIXED_PRICE","EUR",375.0,,,375.0,"0","","","Aug-25-26 03:26:57 PDT","Sep-25-26 03:26:57 PDT","PC Notebooks & Netbooks","177","","","Gebraucht","","","","","","DE","","",""
"307145262032","Toshiba Toshiba Tecra A50-J i5-1135G7 32 GB 256 GB SSD 15,6 Zoll Win10 Pro",,17388502509,"15","FIXED_PRICE","EUR",398.0,,,398.0,"0","","","Aug-25-26 03:26:57 PDT","Sep-25-26 03:26:57 PDT","PC Notebooks & Netbooks","177","","","Gebraucht","","","","","","DE","","",""
"307145262033","Toshiba Toshiba Tecra A50-J i5-1135G7 32 GB 480 GB SSD 15,6 Zoll Win10 Pro",,17388504693,"15","FIXED_PRICE","EUR",426.0,,,426.0,"0","","","Aug-25-26 03:26:57 PDT","Sep-25-26 03:26:57 PDT","PC Notebooks & Netbooks","177","","","Gebraucht","","","","","","DE","","",""
"307145262035","Toshiba Toshiba Tecra A50-J i5-1135G7 32 GB 960 GB SSD 15,6 Zoll Win10 Pro",,17388511105,"15","FIXED_PRICE","EUR",453.0,,,453.0,"0","","","Aug-25-26 03:26:57 PDT","Sep-25-26 03:26:57 PDT","PC Notebooks & Netbooks","177","","","Gebraucht","","","","","","DE","","",""
"307145262036",Lenovo ThinkPad T14 Gen 1 Ryzen 5 PRO 4650U 24 GB 1 TB SSD 14 Zoll Win11 Pro,,3888_20260526090158,"15","FIXED_PRICE","EUR",404.0,,,404.0,"0","0","0","Aug-25-26 03:26:57 PDT","Sep-25-26 03:26:57 PDT","PC Notebooks & Netbooks","177","","","Gebraucht","","","","","","DE","","",""
"307145262037","Toshiba Toshiba Tecra A50-J i5-1135G7 16 GB 256 GB SSD 15,6 Zoll Win10 Pro",,17388461194,"15","FIXED_PRICE","EUR",301.0,,,301.0,"0","","","Aug-25-26 03:26:57 PDT","Sep-25-26 03:26:57 PDT","PC Notebooks & Netbooks","177","","","Gebraucht","","","","","","DE","","",""
"307145262038","Toshiba Toshiba Tecra A50-J i5-1135G7 16 GB 960 GB SSD 15,6 Zoll Win10 Pro",,17388500905,"15","FIXED_PRICE","EUR",405.0,,,405.0,"0","","","Aug-25-26 03:26:57 PDT","Sep-25-26 03:26:57 PDT","PC Notebooks & Netbooks","177","","","Gebraucht","","","","","","DE","","",""
"307145262039","Toshiba Toshiba Tecra A50-J i5-1135G7 8 GB 256 GB SSD 15,6 Zoll Win10 Pro",,17388309317,"15","FIXED_PRICE","EUR",272.0,,,272.0,"0","","","Aug-25-26 03:26:57 PDT","Sep-25-26 03:26:57 PDT","PC Notebooks & Netbooks","177","","","Gebraucht","","","","","","DE","","",""
"307145262040","Toshiba Toshiba Tecra A50-J i5-1135G7 16 GB 960 GB SSD 15,6 Zoll Win10 Pro",,17388475314,"15","FIXED_PRICE","EUR",359.0,,,359.0,"0","","","Aug-25-26 03:26:57 PDT","Sep-25-26 03:26:57 PDT","PC Notebooks & Netbooks","177","","","Gebraucht","","","","","","DE","","",""
"307145262042","Toshiba Toshiba Tecra A50-J i5-1135G7 32 GB 480 GB SSD 15,6 Zoll Win10 Pro",,17388481471,"15","FIXED_PRICE","EUR",380.0,,,380.0,"0","","","Aug-25-26 03:26:57 PDT","Sep-25-26 03:26:57 PDT","PC Notebooks & Netbooks","177","","","Gebraucht","","","","","","DE","","",""
"307145262043","Dell Latitude 5500 i5-8265U 8 GB 256 GB SSD 15,6 Zoll Win11 Pro",,17571717043,"15","FIXED_PRICE","EUR",229.0,,,229.0,"0","","","Aug-25-26 03:26:57 PDT","Sep-25-26 03:26:57 PDT","PC Notebooks & Netbooks","177","","","Gebraucht","","","","","","DE","","",""
"307145262045","Toshiba Dynabook Tecra A50-J i5-1135G7 8 GB 256 GB SSD 15,6 Zoll Win11 Pro",,10403,"10","FIXED_PRICE","EUR",369.0,,,369.0,"0","","","Aug-25-26 03:26:57 PDT","Sep-25-26 03:26:57 PDT","PC Notebooks & Netbooks","177","","","Gebraucht","","","","","","DE","","",""
"307145262047",Lenovo ThinkPad T14 Gen1 Ryzen 5 PRO 4650U 8 GB 256 GB SSD 14 Zoll Win11 Pro,,18528012798,"15","FIXED_PRICE","EUR",221.0,,,221.0,"0","2","0","Aug-25-26 03:26:57 PDT","Sep-25-26 03:26:57 PDT","PC Notebooks & Netbooks","177","","","Gebraucht","","","","","","DE","","",""
"307145262048",Lenovo ThinkPad T490 i5-8265U 16 GB 480 GB SSD 14 Zoll Win10 Pro,,16115725406,"15","FIXED_PRICE","EUR",353.0,,,353.0,"0","","","Aug-25-26 03:26:57 PDT","Sep-25-26 03:26:57 PDT","PC Notebooks & Netbooks","177","","","Gebraucht","","","","","","DE","","",""
"307145262050",Lenovo ThinkPad T14 Gen 1 Ryzen 5 PRO 4650U 24 GB 500 GB SSD 14 Zoll Win11 Pro,,3888_20260526083738,"15","FIXED_PRICE","EUR",349.0,,,349.0,"0","2","0","Aug-25-26 03:26:57 PDT","Sep-25-26 03:26:57 PDT","PC Notebooks & Netbooks","177","","","Gebraucht","","","","","","DE","","",""
"307145262051",Lenovo ThinkPad T480 fhd i5-8350U 16 GB 480 GB SSD 14 Zoll Win11 Pro,,18660556147,"15","FIXED_PRICE","EUR",308.0,,,308.0,"0","","","Aug-25-26 03:26:57 PDT","Sep-25-26 03:26:57 PDT","PC Notebooks & Netbooks","177","","","Gebraucht","","","","","","DE","","",""
"307145262052","Lenovo ThinkPad T15 Gen 1 i5-10210U 16 GB 256 GB SSD 15,6 Zoll Win11 Pro",,17496877602,"8","FIXED_PRICE","EUR",355.0,,,355.0,"0","","","Aug-25-26 03:26:57 PDT","Sep-25-26 03:26:57 PDT","PC Notebooks & Netbooks","177","","","Gebraucht","","","","","","DE","","",""
"307145262053",Lenovo ThinkPad T480 fhd i5-8350U 32 GB 1000 GB SSD 14 Zoll Win11 Pro,,18660639414,"15","FIXED_PRICE","EUR",467.0,,,467.0,"0","","","Aug-25-26 03:26:57 PDT","Sep-25-26 03:26:57 PDT","PC Notebooks & Netbooks","177","","","Gebraucht","","","","","","DE","","",""
"307145262054","Lenovo ThinkPad T15 Gen1 i5-10210U 16 GB 256 GB SSD 15,6 Zoll Win11 Pro",,17622086782,"8","FIXED_PRICE","EUR",320.0,,,320.0,"1","0","0","Aug-25-26 03:26:58 PDT","Sep-25-26 03:26:58 PDT","PC Notebooks & Netbooks","177","","","Gebraucht","","","","","","DE","","",""
"307145262057",HP EliteBook 840 G8 i5-1145G7 16 GB 256 GB SSD 14 Zoll Win11 Pro,,17629721417,"15","FIXED_PRICE","EUR",324.0,,,324.0,"0","1","0","Aug-25-26 03:26:58 PDT","Sep-25-26 03:26:58 PDT","PC Notebooks & Netbooks","177","","","Gebraucht","","","","","","DE","","",""
"307145262058",HP EliteBook 840 G3 i5-6300U 8 GB 240/256 GB SSD 14 Zoll Win11 Pro,,5669_20260413101921,"8","FIXED_PRICE","EUR",194.0,,,194.0,"0","","","Aug-25-26 03:26:58 PDT","Sep-25-26 03:26:58 PDT","PC Notebooks & Netbooks","177","","","Gebraucht","","","","","","DE","","",""
"307145262059",HP ZBook 14u G5 i5-7200U 32 GB 256 GB SSD 14 Zoll Win10 Pro,,15615686905,"15","FIXED_PRICE","EUR",412.0,,,412.0,"0","","","Aug-25-26 03:26:58 PDT","Sep-25-26 03:26:58 PDT","PC Notebooks & Netbooks","177","","","Gebraucht","","","","","","DE","","",""
"307145262060",HP ProBook 440 G6 i5-8265U 32 GB 480 GB SSD 14 Zoll Win11 Pro,,3939_20260415081208,"15","FIXED_PRICE","EUR",343.0,,,343.0,"0","","","Aug-25-26 03:26:58 PDT","Sep-25-26 03:26:58 PDT","PC Notebooks & Netbooks","177","","","Gebraucht","","","","","","DE","","",""
"307145262062",HP ZBook 14u G5 i5-7200U 16 GB 960 GB SSD 14 Zoll Win10 Pro,,15615818025,"15","FIXED_PRICE","EUR",428.0,,,428.0,"0","","","Aug-25-26 03:26:58 PDT","Sep-25-26 03:26:58 PDT","PC Notebooks & Netbooks","177","","","Gebraucht","","","","","","DE","","",""
"307145262063",HP ZBook 14u G5 i5-7200U 16 GB 256 GB SSD 14 Zoll Win10 Pro,,15615738508,"15","FIXED_PRICE","EUR",336.0,,,336.0,"0","","","Aug-25-26 03:26:58 PDT","Sep-25-26 03:26:58 PDT","PC Notebooks & Netbooks","177","","","Gebraucht","","","","","","DE","","",""
"307145262064",HP ZBook 14u G5 i5-7200U 32 GB 480 GB SSD 14 Zoll Win10 Pro,,15615831762,"15","FIXED_PRICE","EUR",451.0,,,451.0,"0","","","Aug-25-26 03:26:58 PDT","Sep-25-26 03:26:58 PDT","PC Notebooks & Netbooks","177","","","Gebraucht","","","","","","DE","","",""
"307145262065",Lenovo ThinkPad T490 i5-8265U 32 GB 960 GB SSD 14 Zoll Win10 Pro,,16115738995,"15","FIXED_PRICE","EUR",515.0,,,515.0,"0","","","Aug-25-26 03:26:58 PDT","Sep-25-26 03:26:58 PDT","PC Notebooks & Netbooks","177","","","Gebraucht","","","","","","DE","","",""
"307145262066",HP ProBook 440 G6 i5-8265U 16 GB 256 GB SSD 14 Zoll Win11 Pro,,17757645965,"15","FIXED_PRICE","EUR",243.0,,,243.0,"0","","","Aug-25-26 03:26:58 PDT","Sep-25-26 03:26:58 PDT","PC Notebooks & Netbooks","177","","","Gebraucht","","","","","","DE","","",""
"307145262067",HP ProBook 440 G6 i5-8265U 16 GB 480 GB SSD 14 Zoll Win11 Pro,,17757753341,"15","FIXED_PRICE","EUR",270.0,,,270.0,"0","","","Aug-25-26 03:26:58 PDT","Sep-25-26 03:26:58 PDT","PC Notebooks & Netbooks","177","","","Gebraucht","","","","","","DE","","",""
"307145262071",HP ProBook 440 G6 i5-8265U 16 GB 960 GB SSD 14 Zoll Win11 Pro,,17757766185,"15","FIXED_PRICE","EUR",301.0,,,301.0,"0","","","Aug-25-26 03:26:58 PDT","Sep-25-26 03:26:58 PDT","PC Notebooks & Netbooks","177","","","Gebraucht","","","","","","DE","","",""
"307145262074",HP ProBook 440 G6 i5-8265U 8 GB 256 GB SSD 14 Zoll Win11 Pro,,17757801582,"15","FIXED_PRICE","EUR",215.0,,,215.0,"0","","","Aug-25-26 03:26:58 PDT","Sep-25-26 03:26:58 PDT","PC Notebooks & Netbooks","177","","","Gebraucht","","","","","","DE","","",""
"307145262077",HP ProBook 440 G6 i5-8265U 32 GB 960 GB SSD+HDD 14 Zoll Win11 Pro,,17757777002,"15","FIXED_PRICE","EUR",352.0,,,352.0,"0","","","Aug-25-26 03:26:58 PDT","Sep-25-26 03:26:58 PDT","PC Notebooks & Netbooks","177","","","Gebraucht","","","","","","DE","","",""
"307145262079",HP ProBook 440 G6 i5-8265U 16 GB 960 GB SSD 14 Zoll Win11 Pro,,17757818480,"15","FIXED_PRICE","EUR",265.0,,,265.0,"0","","","Aug-25-26 03:26:58 PDT","Sep-25-26 03:26:58 PDT","PC Notebooks & Netbooks","177","","","Gebraucht","","","","","","DE","","",""
"307145262080",Dell Latitude 7490 i7-8650U 16 GB 960 GB SSD 14 Zoll Win10 Pro,,18043936483,"15","FIXED_PRICE","EUR",278.0,,,278.0,"0","","","Aug-25-26 03:26:58 PDT","Sep-25-26 03:26:58 PDT","PC Notebooks & Netbooks","177","","","Gebraucht","","","","","","DE","","",""
"307145262081",Lenovo ThinkPad T14 Gen1 Ryzen 5 PRO 4650U 16 GB 256 GB SSD 14 Zoll Win11 Pro,,18407489881,"7","FIXED_PRICE","EUR",244.0,,,244.0,"15","62","0","Aug-25-26 03:26:58 PDT","Sep-25-26 03:26:58 PDT","PC Notebooks & Netbooks","177","","","Gebraucht","","","","","","DE","","",""
"307145262087","HP EliteBook 850 G3 i5-6200U 8 GB 120 GB SSD 15,6 Zoll Win11 Pro",,18415577540,"0","FIXED_PRICE","EUR",173.0,,,173.0,"0","","","Aug-25-26 03:26:58 PDT","Sep-25-26 03:26:58 PDT","PC Notebooks & Netbooks","177","","","Gebraucht","","","","","","DE","","",""
"307145262089","HP EliteBook 850 G3 i5-6200U 16 GB 240 GB SSD 15,6 Zoll Win11 Pro",,18415623171,"0","FIXED_PRICE","EUR",229.0,,,229.0,"0","","","Aug-25-26 03:26:58 PDT","Sep-25-26 03:26:58 PDT","PC Notebooks & Netbooks","177","","","Gebraucht","","","","","","DE","","",""
"307145262091","HP EliteBook 850 G3 i5-6200U 16 GB 960 GB SSD 15,6 Zoll Win11 Pro",,18415745961,"0","FIXED_PRICE","EUR",343.0,,,343.0,"0","","","Aug-25-26 03:26:58 PDT","Sep-25-26 03:26:58 PDT","PC Notebooks & Netbooks","177","","","Gebraucht","","","","","","DE","","",""
"307145262093","HP EliteBook 850 G3 i5-6200U 16 GB 480 GB SSD 15,6 Zoll Win11 Pro",,18415634882,"0","FIXED_PRICE","EUR",264.0,,,264.0,"0","","","Aug-25-26 03:26:58 PDT","Sep-25-26 03:26:58 PDT","PC Notebooks & Netbooks","177","","","Gebraucht","","","","","","DE","","",""
"307145262098","HP EliteBook 850 G3 i5-6200U 32 GB 480 GB SSD 15,6 Zoll Win11 Pro",,18415781354,"0","FIXED_PRICE","EUR",343.0,,,343.0,"0","","","Aug-25-26 03:26:58 PDT","Sep-25-26 03:26:58 PDT","PC Notebooks & Netbooks","177","","","Gebraucht","","","","","","DE","","",""
"307145262099","HP EliteBook 850 G3 i5-6200U 32 GB 960 GB SSD 15,6 Zoll Win11 Pro",,18415778124,"0","FIXED_PRICE","EUR",424.0,,,424.0,"0","","","Aug-25-26 03:26:58 PDT","Sep-25-26 03:26:58 PDT","PC Notebooks & Netbooks","177","","","Gebraucht","","","","","","DE","","",""
"307145262102","Dell Latitude 5580 i5-7300U 16 GB 960 GB SSD 15,6 Zoll Win11 Pro",,18444694210,"15","FIXED_PRICE","EUR",361.0,,,361.0,"0","","","Aug-25-26 03:26:58 PDT","Sep-25-26 03:26:58 PDT","PC Notebooks & Netbooks","177","","","Gebraucht","","","","","","DE","","",""
"307145262103","Dell Latitude 5580 i5-7300U 16 GB 480 GB SSD 15,6 Zoll Win11 Pro",,18444691869,"15","FIXED_PRICE","EUR",279.0,,,279.0,"0","","","Aug-25-26 03:26:58 PDT","Sep-25-26 03:26:58 PDT","PC Notebooks & Netbooks","177","","","Gebraucht","","","","","","DE","","",""
"307145262104","Dell Latitude 5580 i5-7300U 32 GB 480 GB SSD 15,6 Zoll Win11 Pro",,18444717652,"15","FIXED_PRICE","EUR",361.0,,,361.0,"0","","","Aug-25-26 03:26:58 PDT","Sep-25-26 03:26:58 PDT","PC Notebooks & Netbooks","177","","","Gebraucht","","","","","","DE","","",""
"307145262105","Dell Latitude 5580 i5-7300U 32 GB 256 GB SSD 15,6 Zoll Win11 Pro",,18444703850,"15","FIXED_PRICE","EUR",326.0,,,326.0,"0","","","Aug-25-26 03:26:58 PDT","Sep-25-26 03:26:58 PDT","PC Notebooks & Netbooks","177","","","Gebraucht","","","","","","DE","","",""
"307145262106","Dell Latitude 5580 i5-7300U 32 GB 960 GB SSD 15,6 Zoll Win11 Pro",,18444719991,"15","FIXED_PRICE","EUR",439.0,,,439.0,"0","","","Aug-25-26 03:26:58 PDT","Sep-25-26 03:26:58 PDT","PC Notebooks & Netbooks","177","","","Gebraucht","","","","","","DE","","",""
"307145262108","Dell Latitude 5580 i5-7300U 8 GB 256 GB SSD 15,6 Zoll Win10 Pro",,18444724239,"15","FIXED_PRICE","EUR",224.0,,,224.0,"0","","","Aug-25-26 03:26:58 PDT","Sep-25-26 03:26:58 PDT","PC Notebooks & Netbooks","177","","","Gebraucht","","","","","","DE","","",""
"307145262109","Dell Latitude 5580 i5-7300U 16 GB 256 GB SSD 15,6 Zoll Win10 Pro",,18444817182,"15","FIXED_PRICE","EUR",270.0,,,270.0,"0","","","Aug-25-26 03:26:58 PDT","Sep-25-26 03:26:58 PDT","PC Notebooks & Netbooks","177","","","Gebraucht","","","","","","DE","","",""
"307145262110","Dell Latitude 5580 i5-7300U 16 GB 480 GB SSD 15,6 Zoll Win10 Pro",,18444821562,"15","FIXED_PRICE","EUR",304.0,,,304.0,"0","","","Aug-25-26 03:26:58 PDT","Sep-25-26 03:26:58 PDT","PC Notebooks & Netbooks","177","","","Gebraucht","","","","","","DE","","",""
"307145262113","Dell Latitude 5580 i5-7300U 16 GB 960 GB SSD 15,6 Zoll Win10 Pro",,18444822872,"15","FIXED_PRICE","EUR",386.0,,,386.0,"0","","","Aug-25-26 03:26:58 PDT","Sep-25-26 03:26:58 PDT","PC Notebooks & Netbooks","177","","","Gebraucht","","","","","","DE","","",""
"307145262115","Dell Latitude 5580 i5-7300U 32 GB 256 GB SSD 15,6 Zoll Win11 Pro",,18444825737,"15","FIXED_PRICE","EUR",352.0,,,352.0,"0","","","Aug-25-26 03:26:58 PDT","Sep-25-26 03:26:58 PDT","PC Notebooks & Netbooks","177","","","Gebraucht","","","","","","DE","","",""
"307145262117","Dell Latitude 5580 i5-7300U 32 GB 480 GB SSD 15,6 Zoll Win11 Pro",,18444836298,"15","FIXED_PRICE","EUR",386.0,,,386.0,"0","","","Aug-25-26 03:26:59 PDT","Sep-25-26 03:26:59 PDT","PC Notebooks & Netbooks","177","","","Gebraucht","","","","","","DE","","",""
"307145262118",HP EliteBook 840 G3 i5-6300U 8 GB 240 GB SSD 14 Zoll Win11 Pro,,18496641500,"15","FIXED_PRICE","EUR",154.0,,,154.0,"0","","","Aug-25-26 03:26:59 PDT","Sep-25-26 03:26:59 PDT","PC Notebooks & Netbooks","177","","","Gebraucht","","","","","","DE","","",""
"307145262120","Dell Latitude 5580 i5-7300U 32 GB 960 GB SSD 15,6 Zoll Win11 Pro",,18444839065,"15","FIXED_PRICE","EUR",465.0,,,465.0,"0","","","Aug-25-26 03:26:59 PDT","Sep-25-26 03:26:59 PDT","PC Notebooks & Netbooks","177","","","Gebraucht","","","","","","DE","","",""
"307145262121",HP EliteBook 840 G3 i5-6300U 16 GB 960 GB SSD 14 Zoll Win11 Pro,,18496695385,"15","FIXED_PRICE","EUR",314.0,,,314.0,"0","","","Aug-25-26 03:26:59 PDT","Sep-25-26 03:26:59 PDT","PC Notebooks & Netbooks","177","","","Gebraucht","","","","","","DE","","",""
"307145262123",HP EliteBook 840 G3 i5-6300U 16 GB 480 GB SSD 14 Zoll Win11 Pro,,18496686238,"15","FIXED_PRICE","EUR",232.0,,,232.0,"0","","","Aug-25-26 03:26:59 PDT","Sep-25-26 03:26:59 PDT","PC Notebooks & Netbooks","177","","","Gebraucht","","","","","","DE","","",""
"307145262124",HP EliteBook 840 G3 i5-6300U 8 GB 128 GB SSD 14 Zoll Win11 Pro,,18496718015,"15","FIXED_PRICE","EUR",160.0,,,160.0,"0","","","Aug-25-26 03:26:59 PDT","Sep-25-26 03:26:59 PDT","PC Notebooks & Netbooks","177","","","Gebraucht","","","","","","DE","","",""
"307145262126",HP EliteBook 840 G3 i5-6300U 8 GB 240 GB SSD 14 Zoll Win11 Pro,,18496721858,"15","FIXED_PRICE","EUR",171.0,,,171.0,"0","","","Aug-25-26 03:26:59 PDT","Sep-25-26 03:26:59 PDT","PC Notebooks & Netbooks","177","","","Gebraucht","","","","","","DE","","",""
"307145262132",HP EliteBook 840 G3 i5-6300U 16 GB 240 GB SSD 14 Zoll Win11 Pro,,18496723396,"15","FIXED_PRICE","EUR",215.0,,,215.0,"0","","","Aug-25-26 03:26:59 PDT","Sep-25-26 03:26:59 PDT","PC Notebooks & Netbooks","177","","","Gebraucht","","","","","","DE","","",""
"307145262134",HP EliteBook 840 G3 i5-6300U 16 GB 480 GB SSD 14 Zoll Win11 Pro,,18496725785,"15","FIXED_PRICE","EUR",250.0,,,250.0,"0","","","Aug-25-26 03:26:59 PDT","Sep-25-26 03:26:59 PDT","PC Notebooks & Netbooks","177","","","Gebraucht","","","","","","DE","","",""
"307145262142",HP EliteBook 840 G3 i5-6300U 16 GB 960 GB SSD 14 Zoll Win11 Pro,,18496742868,"15","FIXED_PRICE","EUR",331.0,,,331.0,"0","","","Aug-25-26 03:26:59 PDT","Sep-25-26 03:26:59 PDT","PC Notebooks & Netbooks","177","","","Gebraucht","","","","","","DE","","",""
"307145262144",HP EliteBook 840 G3 i5-6300U 8 GB 240 GB SSD 14 Zoll Win11 Pro,,18496746167,"15","FIXED_PRICE","EUR",194.0,,,194.0,"0","","","Aug-25-26 03:26:59 PDT","Sep-25-26 03:26:59 PDT","PC Notebooks & Netbooks","177","","","Gebraucht","","","","","","DE","","",""
"307145262146",HP EliteBook 840 G3 i5-6300U 16 GB 480 GB SSD 14 Zoll Win11 Pro,,18496758847,"15","FIXED_PRICE","EUR",272.0,,,272.0,"0","","","Aug-25-26 03:26:59 PDT","Sep-25-26 03:26:59 PDT","PC Notebooks & Netbooks","177","","","Gebraucht","","","","","","DE","","",""
"307145262148",HP EliteBook 840 G3 i5-6300U 16 GB 960 GB SSD 14 Zoll Win11 Pro,,18496760342,"15","FIXED_PRICE","EUR",354.0,,,354.0,"0","","","Aug-25-26 03:26:59 PDT","Sep-25-26 03:26:59 PDT","PC Notebooks & Netbooks","177","","","Gebraucht","","","","","","DE","","",""
"307145262151",Dell Latitude 7490 i7-8650U 8 GB 128 GB SSD 14 Zoll Win10 Pro,,18680797158,"15","FIXED_PRICE","EUR",183.0,,,183.0,"0","","","Aug-25-26 03:26:59 PDT","Sep-25-26 03:26:59 PDT","PC Notebooks & Netbooks","177","","","Gebraucht","","","","","","DE","","",""
"307145262154",Lenovo ThinkPad T15 GEN1 i5-10210U 16 GB 256 GB SSD 15 Zoll Win11 Pro,,18830618521,"15","FIXED_PRICE","EUR",355.0,,,355.0,"0","","","Aug-25-26 03:26:59 PDT","Sep-25-26 03:26:59 PDT","PC Notebooks & Netbooks","177","","","Gebraucht","","","","","","DE","","",""
"307145461461",HP EliteBook 840 G7 i5-10210U 16 GB 256 GB SSD 14 Zoll Win11 Pro,,17002815088,"10","FIXED_PRICE","EUR",315.0,,,315.0,"0","","","Aug-25-26 05:47:13 PDT","Sep-25-26 05:47:13 PDT","PC Notebooks & Netbooks","177","","","Gebraucht","","","","","","DE","","",""
"307145461462",Apple MacBook Pro A2141 2019r. i9-9880H 32 GB 1 TB SSD 16 Zoll macOS,,6311,"8","FIXED_PRICE","EUR",731.0,,,731.0,"0","","","Aug-25-26 05:47:13 PDT","Sep-25-26 05:47:13 PDT","Apple Notebooks","111422","","","Gebraucht","","","","","","DE","","",""
"307145461464","Dell XPS 13 7390 i5-10210U 8 GB 256 GB SSD 13,3 Zoll Win11 Pro",,3792_20251219130026,"8","FIXED_PRICE","EUR",272.0,,,272.0,"0","","","Aug-25-26 05:47:13 PDT","Sep-25-26 05:47:13 PDT","PC Notebooks & Netbooks","177","","","Gebraucht","","","","","","DE","","",""
"307145461466","HP ProBook 450 G7 i5-10210U 8 GB 256 GB SSD 15,6 Zoll Win11 Pro",,6101_20260116113223,"0","FIXED_PRICE","EUR",295.0,,,295.0,"0","","","Aug-25-26 05:47:13 PDT","Sep-25-26 05:47:13 PDT","PC Notebooks & Netbooks","177","","","Gebraucht","","","","","","DE","","",""
"307145461469","Lenovo ThinkPad X13 Yoga Gen1 i5-10210U 16 GB 256 GB SSD 13,3 Zoll Win11 Pro",,17622540577_20260611120323,"0","FIXED_PRICE","EUR",250.0,,,250.0,"0","3","0","Aug-25-26 05:47:14 PDT","Sep-25-26 05:47:14 PDT","PC Notebooks & Netbooks","177","","","Gebraucht","","","","","","DE","","",""
"307145461475","Dell Latitude 5510 i5-10310U 32 GB 480 GB SSD 15,6 Zoll Win10 Pro",,15977831126,"8","FIXED_PRICE","EUR",490.0,,,490.0,"0","","","Aug-25-26 05:47:14 PDT","Sep-25-26 05:47:14 PDT","PC Notebooks & Netbooks","177","","","Gebraucht","","","","","","DE","","",""
"307145461476","HP ZBook 15u G3 i7-6500U 32 GB 1012 GB SSD+HDD 15,6 Zoll Win10 Pro",,15563568256,"8","FIXED_PRICE","EUR",317.0,,,317.0,"0","","","Aug-25-26 05:47:14 PDT","Sep-25-26 05:47:14 PDT","PC Notebooks & Netbooks","177","","","Gebraucht","","","","","","DE","","",""
"307145461478","Dell Latitude 5510 i5-10310U 32 GB 960 GB SSD 15,6 Zoll Win10 Pro",,15977841616,"8","FIXED_PRICE","EUR",570.0,,,570.0,"0","","","Aug-25-26 05:47:14 PDT","Sep-25-26 05:47:14 PDT","PC Notebooks & Netbooks","177","","","Gebraucht","","","","","","DE","","",""
"307145461483","Dell Latitude 5510 i5-10310U 16 GB 960 GB SSD 15,6 Zoll Win10 Pro",,15977887759,"8","FIXED_PRICE","EUR",490.0,,,490.0,"0","","","Aug-25-26 05:47:14 PDT","Sep-25-26 05:47:14 PDT","PC Notebooks & Netbooks","177","","","Gebraucht","","","","","","DE","","",""
"307145461484","Dell Precision 7750 i7 i7-10850H 32 GB 512 GB SSD 17,3 Zoll Win11 Pro",,17264564952,"8","FIXED_PRICE","EUR",1100.0,,,1100.0,"0","","","Aug-25-26 05:47:14 PDT","Sep-25-26 05:47:14 PDT","PC Notebooks & Netbooks","177","","","Gebraucht","","","","","","DE","","",""
"307145461486","HP HP EliteBook 830 G7 i5-10310U 16 GB 960 GB SSD 13,3 Zoll Win11 Pro",,17643046710,"8","FIXED_PRICE","EUR",324.0,,,324.0,"0","","","Aug-25-26 05:47:14 PDT","Sep-25-26 05:47:14 PDT","PC Notebooks & Netbooks","177","","","Gebraucht","","","","","","DE","","",""
"307145461487",Lenovo ThinkPad P52 Pro series GAMING CAD nVidia QUADRO i7-8750H 32 GB 512 GB,,17269034479,"8","FIXED_PRICE","EUR",495.0,,,495.0,"0","1","0","Aug-25-26 05:47:14 PDT","Sep-25-26 05:47:14 PDT","PC Notebooks & Netbooks","177","","","Gebraucht","","","","","","DE","","",""
"307145461490","HP HP EliteBook 830 G7 i5-10310U 32 GB 960 GB SSD 13,3 Zoll Win11 Pro",,17643048194,"8","FIXED_PRICE","EUR",375.0,,,375.0,"0","","","Aug-25-26 05:47:14 PDT","Sep-25-26 05:47:14 PDT","PC Notebooks & Netbooks","177","","","Gebraucht","","","","","","DE","","",""
"307145461493","HP HP EliteBook 830 G7 i5-10310U 32 GB 256 GB SSD 13,3 Zoll Win11 Pro",,17643052431,"8","FIXED_PRICE","EUR",317.0,,,317.0,"0","","","Aug-25-26 05:47:14 PDT","Sep-25-26 05:47:14 PDT","PC Notebooks & Netbooks","177","","","Gebraucht","","","","","","DE","","",""
"307145461495","HP HP EliteBook 830 G7 i5-10310U 32 GB 480 GB SSD 13,3 Zoll Win11 Pro",,17643049910,"8","FIXED_PRICE","EUR",345.0,,,345.0,"0","","","Aug-25-26 05:47:14 PDT","Sep-25-26 05:47:14 PDT","PC Notebooks & Netbooks","177","","","Gebraucht","","","","","","DE","","",""
"307145461496","HP HP EliteBook 830 G7 i5-10310U 16 GB 960 GB SSD 13,3 Zoll Win11 Pro",,17643077877,"8","FIXED_PRICE","EUR",359.0,,,359.0,"0","","","Aug-25-26 05:47:14 PDT","Sep-25-26 05:47:14 PDT","PC Notebooks & Netbooks","177","","","Gebraucht","","","","","","DE","","",""
"307145461497","HP HP EliteBook 830 G7 i5-10310U 16 GB 480 GB SSD 13,3 Zoll Win11 Pro",,17643060877,"8","FIXED_PRICE","EUR",329.0,,,329.0,"0","","","Aug-25-26 05:47:14 PDT","Sep-25-26 05:47:14 PDT","PC Notebooks & Netbooks","177","","","Gebraucht","","","","","","DE","","",""
"307145461499","HP HP EliteBook 830 G7 i5-10310U 32 GB 960 GB SSD 13,3 Zoll Win11 Pro",,17643101728,"8","FIXED_PRICE","EUR",410.0,,,410.0,"0","","","Aug-25-26 05:47:14 PDT","Sep-25-26 05:47:14 PDT","PC Notebooks & Netbooks","177","","","Gebraucht","","","","","","DE","","",""
"307145461500",Dell Latitude 7410 i5-10310U 8 GB 256 GB SSD 14 Zoll Win11 Pro,,17760464389,"8","FIXED_PRICE","EUR",250.0,,,250.0,"0","","","Aug-25-26 05:47:14 PDT","Sep-25-26 05:47:14 PDT","PC Notebooks & Netbooks","177","","","Gebraucht","","","","","","DE","","",""
"307145461501","HP HP EliteBook 830 G7 i5-10310U 32 GB 256 GB SSD 13,3 Zoll Win11 Pro",,17643130098,"8","FIXED_PRICE","EUR",352.0,,,352.0,"0","","","Aug-25-26 05:47:14 PDT","Sep-25-26 05:47:14 PDT","PC Notebooks & Netbooks","177","","","Gebraucht","","","","","","DE","","",""
"307145461502",Dell Latitude 7410 i5-10310U 8 GB 480 GB SSD 14 Zoll Win11 Pro,,17760473913,"8","FIXED_PRICE","EUR",277.0,,,277.0,"0","","","Aug-25-26 05:47:14 PDT","Sep-25-26 05:47:14 PDT","PC Notebooks & Netbooks","177","","","Gebraucht","","","","","","DE","","",""
"307145461507",Dell Latitude 7410 i5-10310U 8 GB 960 GB SSD 14 Zoll Win11 Pro,,17760475449,"8","FIXED_PRICE","EUR",308.0,,,308.0,"0","","","Aug-25-26 05:47:14 PDT","Sep-25-26 05:47:14 PDT","PC Notebooks & Netbooks","177","","","Gebraucht","","","","","","DE","","",""
"307145461510","Dell Precision 7530 i5-8400H 16 GB 256 GB SSD 15,6 Zoll Win11 Pro",,18016761644,"8","FIXED_PRICE","EUR",366.0,,,366.0,"0","","","Aug-25-26 05:47:14 PDT","Sep-25-26 05:47:14 PDT","PC Notebooks & Netbooks","177","","","Gebraucht","","","","","","DE","","",""
"307145461511",Dell Latitude 5420 i5-1135G7 8 GB 256 GB SSD 14 Zoll Win11 Pro,,18062728422,"8","FIXED_PRICE","EUR",284.0,,,284.0,"0","","","Aug-25-26 05:47:14 PDT","Sep-25-26 05:47:14 PDT","PC Notebooks & Netbooks","177","","","Gebraucht","","","","","","DE","","",""
"307145461514",Dell Latitude 5420 i5-1135G7 16 GB 256 GB SSD 14 Zoll Win11 Pro,,18062877382,"8","FIXED_PRICE","EUR",311.0,,,311.0,"0","","","Aug-25-26 05:47:14 PDT","Sep-25-26 05:47:14 PDT","PC Notebooks & Netbooks","177","","","Gebraucht","","","","","","DE","","",""
"307145461515",Dell Latitude 5420 i5-1135G7 16 GB 480 GB SSD 14 Zoll Win11 Pro,,18062905434,"8","FIXED_PRICE","EUR",340.0,,,340.0,"0","","","Aug-25-26 05:47:14 PDT","Sep-25-26 05:47:14 PDT","PC Notebooks & Netbooks","177","","","Gebraucht","","","","","","DE","","",""
"307145461516",Dell Latitude 5420 i5-1135G7 16 GB 960 GB SSD 14 Zoll Win11 Pro,,18062968018,"8","FIXED_PRICE","EUR",370.0,,,370.0,"0","","","Aug-25-26 05:47:15 PDT","Sep-25-26 05:47:15 PDT","PC Notebooks & Netbooks","177","","","Gebraucht","","","","","","DE","","",""
"307145461519",Dell Latitude 5420 i5-1135G7 32 GB 960 GB SSD 14 Zoll Win11 Pro,,18063029785,"8","FIXED_PRICE","EUR",421.0,,,421.0,"0","","","Aug-25-26 05:47:15 PDT","Sep-25-26 05:47:15 PDT","PC Notebooks & Netbooks","177","","","Gebraucht","","","","","","DE","","",""
"307145461520","Dell Dell XPS 13 7390 i5-10210U 8 GB 480 GB SSD 13,3 Zoll Win11 Pro",,18179510415,"8","FIXED_PRICE","EUR",284.0,,,284.0,"0","","","Aug-25-26 05:47:15 PDT","Sep-25-26 05:47:15 PDT","PC Notebooks & Netbooks","177","","","Gebraucht","","","","","","DE","","",""
"307145461521","Dell Dell XPS 13 7390 i5-10210U 8 GB 960 GB SSD 13,3 Zoll Win11 Pro",,18179514202,"8","FIXED_PRICE","EUR",318.0,,,318.0,"0","","","Aug-25-26 05:47:15 PDT","Sep-25-26 05:47:15 PDT","PC Notebooks & Netbooks","177","","","Gebraucht","","","","","","DE","","",""
"307145461523",HP ProBook 640 G5 i5-8365U 8 GB 120 GB SSD 14 Zoll Win11 Pro,,18291943291,"8","FIXED_PRICE","EUR",166.0,,,166.0,"0","","","Aug-25-26 05:47:15 PDT","Sep-25-26 05:47:15 PDT","PC Notebooks & Netbooks","177","","","Gebraucht","","","","","","DE","","",""
"307145461525","HP ZBook 15u G3 i7-6500U 8 GB 256 GB SSD 15,6 Zoll Win11 Pro",,18428191022,"8","FIXED_PRICE","EUR",177.0,,,177.0,"0","","","Aug-25-26 05:47:15 PDT","Sep-25-26 05:47:15 PDT","PC Notebooks & Netbooks","177","","","Gebraucht","","","","","","DE","","",""
"307145461526","Dell Latitude 5510 i5-10310U 8 GB 256 GB SSD 15,6 Zoll Win11 Pro",,18428383947,"8","FIXED_PRICE","EUR",331.0,,,331.0,"0","","","Aug-25-26 05:47:15 PDT","Sep-25-26 05:47:15 PDT","PC Notebooks & Netbooks","177","","","Gebraucht","","","","","","DE","","",""
"307145461529","Dell Latitude 5510 i5-10310U 16 GB 480 GB SSD 15,6 Zoll Win11 Pro",,18428411385,"8","FIXED_PRICE","EUR",377.0,,,377.0,"0","","","Aug-25-26 05:47:15 PDT","Sep-25-26 05:47:15 PDT","PC Notebooks & Netbooks","177","","","Gebraucht","","","","","","DE","","",""
"307145461530","Dell Latitude 5510 i5-10310U 8 GB 256 GB SSD 15,6 Zoll Win11 Pro",,18428397812,"8","FIXED_PRICE","EUR",295.0,,,295.0,"0","","","Aug-25-26 05:47:15 PDT","Sep-25-26 05:47:15 PDT","PC Notebooks & Netbooks","177","","","Gebraucht","","","","","","DE","","",""
"307145461532","Dell Latitude 5510 i5-10310U 16 GB 960 GB SSD 15,6 Zoll Win11 Pro",,18428414975,"8","FIXED_PRICE","EUR",456.0,,,456.0,"0","","","Aug-25-26 05:47:15 PDT","Sep-25-26 05:47:15 PDT","PC Notebooks & Netbooks","177","","","Gebraucht","","","","","","DE","","",""
"307145461533","HP EliteBook 850 G6 i5-8365U 8 GB 256 GB SSD 15,6 Zoll Win11 Pro",,18444562955,"8","FIXED_PRICE","EUR",272.0,,,272.0,"0","","","Aug-25-26 05:47:15 PDT","Sep-25-26 05:47:15 PDT","PC Notebooks & Netbooks","177","","","Gebraucht","","","","","","DE","","",""
"307145461534","Dell Latitude 5510 i5-10310U 32 GB 960 GB SSD 15,6 Zoll Win11 Pro",,18428417677,"8","FIXED_PRICE","EUR",536.0,,,536.0,"0","","","Aug-25-26 05:47:15 PDT","Sep-25-26 05:47:15 PDT","PC Notebooks & Netbooks","177","","","Gebraucht","","","","","","DE","","",""
"307145461535","HP EliteBook 850 G6 i5-8365U 16 GB 960 GB SSD 15,6 Zoll Win11 Pro",,18444626524,"8","FIXED_PRICE","EUR",435.0,,,435.0,"0","","","Aug-25-26 05:47:15 PDT","Sep-25-26 05:47:15 PDT","PC Notebooks & Netbooks","177","","","Gebraucht","","","","","","DE","","",""
"307145461537","HP EliteBook 850 G6 i5-8365U 32 GB 256 GB SSD 15,6 Zoll Win11 Pro",,18444630986,"8","FIXED_PRICE","EUR",398.0,,,398.0,"0","","","Aug-25-26 05:47:15 PDT","Sep-25-26 05:47:15 PDT","PC Notebooks & Netbooks","177","","","Gebraucht","","","","","","DE","","",""
"307145461539","HP EliteBook 850 G6 i5-8365U 32 GB 480 GB SSD 15,6 Zoll Win11 Pro",,18444632921,"8","FIXED_PRICE","EUR",435.0,,,435.0,"0","","","Aug-25-26 05:47:15 PDT","Sep-25-26 05:47:15 PDT","PC Notebooks & Netbooks","177","","","Gebraucht","","","","","","DE","","",""
"307145461540","HP EliteBook 850 G6 i5-8365U 32 GB 960 GB SSD 15,6 Zoll Win11 Pro",,18444636905,"8","FIXED_PRICE","EUR",513.0,,,513.0,"0","","","Aug-25-26 05:47:15 PDT","Sep-25-26 05:47:15 PDT","PC Notebooks & Netbooks","177","","","Gebraucht","","","","","","DE","","",""
"307145461543","Dell Dell Precision 7740 i7-9850H 16 GB 256 GB SSD 17,3 Zoll Win11 Pro",,18447814422,"8","FIXED_PRICE","EUR",717.0,,,717.0,"0","","","Aug-25-26 05:47:15 PDT","Sep-25-26 05:47:15 PDT","PC Notebooks & Netbooks","177","","","Gebraucht","","","","","","DE","","",""
"307145461545","Dell Precision 7750 i7 i7-10850H 32 GB 512 GB SSD 17,3 Zoll Win11 Pro",,18447828066,"8","FIXED_PRICE","EUR",1054.0,,,1054.0,"0","","","Aug-25-26 05:47:15 PDT","Sep-25-26 05:47:15 PDT","PC Notebooks & Netbooks","177","","","Gebraucht","","","","","","DE","","",""
"307145461547",Lenovo ThinkPad T14 Gen1 Ryzen 7 PRO 4750U 16 GB 960 GB SSD 14 Zoll Win11 Pro,,18527945263,"0","FIXED_PRICE","EUR",392.0,,,392.0,"1","0","0","Aug-25-26 05:47:15 PDT","Sep-25-26 05:47:15 PDT","PC Notebooks & Netbooks","177","","","Gebraucht","","","","","","DE","","",""
"307145461548","Dell Precision 7750 i7 i7-10850H 32 GB 256 GB SSD 17,3 Zoll Win11 Pro",,18447832565,"8","FIXED_PRICE","EUR",1020.0,,,1020.0,"0","","","Aug-25-26 05:47:15 PDT","Sep-25-26 05:47:15 PDT","PC Notebooks & Netbooks","177","","","Gebraucht","","","","","","DE","","",""
"307145461550","Dell Precision 7520 i7-6820HQ 16 GB 256 GB SSD 15,6 Zoll Win11 Pro",,18560371564,"8","FIXED_PRICE","EUR",295.0,,,295.0,"0","","","Aug-25-26 05:47:15 PDT","Sep-25-26 05:47:15 PDT","PC Notebooks & Netbooks","177","","","Gebraucht","","","","","","DE","","",""
"307145461554","Fujitsu Lifebook U728 i5-8250U 8 GB 120 GB SSD 12,5 Zoll Win10 Pro",,18563610749,"8","FIXED_PRICE","EUR",169.0,,,169.0,"0","","","Aug-25-26 05:47:15 PDT","Sep-25-26 05:47:15 PDT","PC Notebooks & Netbooks","177","","","Gebraucht","","","","","","DE","","",""
"307145461556","Fujitsu Lifebook U728 i5-8250U 8 GB 240 GB SSD 12,5 Zoll Win10 Pro",,18563661645,"8","FIXED_PRICE","EUR",178.0,,,178.0,"0","","","Aug-25-26 05:47:15 PDT","Sep-25-26 05:47:15 PDT","PC Notebooks & Netbooks","177","","","Gebraucht","","","","","","DE","","",""
"307145461557","Fujitsu Lifebook U728 i5-8250U 8 GB 120 GB SSD 12,5 Zoll Win10 Pro",,18563648010,"8","FIXED_PRICE","EUR",146.0,,,146.0,"0","","","Aug-25-26 05:47:15 PDT","Sep-25-26 05:47:15 PDT","PC Notebooks & Netbooks","177","","","Gebraucht","","","","","","DE","","",""
"307145461560","Fujitsu Lifebook U728 i5-8250U 16 GB 240 GB SSD 12,5 Zoll Win10 Pro",,18563663068,"8","FIXED_PRICE","EUR",224.0,,,224.0,"0","","","Aug-25-26 05:47:16 PDT","Sep-25-26 05:47:16 PDT","PC Notebooks & Netbooks","177","","","Gebraucht","","","","","","DE","","",""
"307145461562","Fujitsu Lifebook U728 i5-8250U 16 GB 240 GB SSD 12,5 Zoll Win10 Pro",,18563675393,"8","FIXED_PRICE","EUR",201.0,,,201.0,"0","","","Aug-25-26 05:47:16 PDT","Sep-25-26 05:47:16 PDT","PC Notebooks & Netbooks","177","","","Gebraucht","","","","","","DE","","",""
"307145461564","Fujitsu Lifebook U728 i5-8250U 16 GB 480 GB SSD 12,5 Zoll Win10 Pro",,18563678858,"8","FIXED_PRICE","EUR",236.0,,,236.0,"0","","","Aug-25-26 05:47:16 PDT","Sep-25-26 05:47:16 PDT","PC Notebooks & Netbooks","177","","","Gebraucht","","","","","","DE","","",""
"307145461567","Fujitsu Lifebook U728 i5-8250U 16 GB 960 GB SSD 12,5 Zoll Win10 Pro",,18563685730,"8","FIXED_PRICE","EUR",340.0,,,340.0,"0","","","Aug-25-26 05:47:16 PDT","Sep-25-26 05:47:16 PDT","PC Notebooks & Netbooks","177","","","Gebraucht","","","","","","DE","","",""
"307145461568","Fujitsu Lifebook U728 i5-8250U 16 GB 480 GB SSD 12,5 Zoll Win10 Pro",,18563684328,"8","FIXED_PRICE","EUR",259.0,,,259.0,"0","","","Aug-25-26 05:47:16 PDT","Sep-25-26 05:47:16 PDT","PC Notebooks & Netbooks","177","","","Gebraucht","","","","","","DE","","",""
"307145461570","Fujitsu Lifebook U728 i5-8250U 16 GB 960 GB SSD 12,5 Zoll Win10 Pro",,18563692740,"8","FIXED_PRICE","EUR",317.0,,,317.0,"0","","","Aug-25-26 05:47:16 PDT","Sep-25-26 05:47:16 PDT","PC Notebooks & Netbooks","177","","","Gebraucht","","","","","","DE","","",""
"307145461572","Fujitsu Lifebook U728 i5-8250U 32 GB 960 GB SSD 12,5 Zoll Win10 Pro",,18563695932,"8","FIXED_PRICE","EUR",398.0,,,398.0,"0","","","Aug-25-26 05:47:16 PDT","Sep-25-26 05:47:16 PDT","PC Notebooks & Netbooks","177","","","Gebraucht","","","","","","DE","","",""
"307145461574",HP 845 G7 Ryzen 5 PRO 4650U 8 GB 256 GB SSD 14 Zoll Win11 Pro,,18566529697,"8","FIXED_PRICE","EUR",261.0,,,261.0,"0","","","Aug-25-26 05:47:16 PDT","Sep-25-26 05:47:16 PDT","PC Notebooks & Netbooks","177","","","Gebraucht","","","","","","DE","","",""
"307145461575","Fujitsu Lifebook U728 i5-8250U 32 GB 960 GB SSD 12,5 Zoll Win10 Pro",,18563700862,"8","FIXED_PRICE","EUR",421.0,,,421.0,"0","","","Aug-25-26 05:47:16 PDT","Sep-25-26 05:47:16 PDT","PC Notebooks & Netbooks","177","","","Gebraucht","","","","","","DE","","",""
"307145461578","Microsoft Pro 7 (1866) i5-1035G4 8 GB 256 GB SSD 12,3 Zoll Win11 Pro",,18640021359,"8","FIXED_PRICE","EUR",318.0,,,318.0,"0","","","Aug-25-26 05:47:16 PDT","Sep-25-26 05:47:16 PDT","PC Notebooks & Netbooks","177","","","Gebraucht","","","","","","DE","","",""
"307145461579",Lenovo ThinkPad L14 Gen 1 Ryzen 5 4500U 8 GB 120 GB SSD 14 Zoll Win11 Home,,18678680865,"8","FIXED_PRICE","EUR",206.0,,,206.0,"0","","","Aug-25-26 05:47:16 PDT","Sep-25-26 05:47:16 PDT","PC Notebooks & Netbooks","177","","","Gebraucht","","","","","","DE","","",""
"307145461581",Lenovo ThinkPad L14 Gen 1 Ryzen 5 4500U 8 GB 256 GB SSD 14 Zoll Win11 Home,,18678694834,"8","FIXED_PRICE","EUR",215.0,,,215.0,"0","","","Aug-25-26 05:47:16 PDT","Sep-25-26 05:47:16 PDT","PC Notebooks & Netbooks","177","","","Gebraucht","","","","","","DE","","",""
"307145461584",HP 845 G7 Ryzen 5 PRO 4650U 8 GB 256 GB SSD 14 Zoll Win11 Pro,,18766506738,"0","FIXED_PRICE","EUR",221.0,,,221.0,"0","","","Aug-25-26 05:47:16 PDT","Sep-25-26 05:47:16 PDT","PC Notebooks & Netbooks","177","","","Gebraucht","","","","","","DE","","",""
"307145461585",Lenovo ThinkPad L14 Gen 1 Ryzen 5 4500U 8 GB 256 GB SSD 14 Zoll Win11 Home,,18678706527,"8","FIXED_PRICE","EUR",194.0,,,194.0,"0","2","0","Aug-25-26 05:47:16 PDT","Sep-25-26 05:47:16 PDT","PC Notebooks & Netbooks","177","","","Gebraucht","","","","","","DE","","",""
"307145461586",HP Elitebook 845 G7 Ryzen 5 PRO 4650U 16 GB 480 GB SSD 14 Zoll Win11 Pro,,18766561263,"8","FIXED_PRICE","EUR",343.0,,,343.0,"0","","","Aug-25-26 05:47:16 PDT","Sep-25-26 05:47:16 PDT","PC Notebooks & Netbooks","177","","","Gebraucht","","","","","","DE","","",""
"307145461587",HP Elitebook 845 G7 Ryzen 5 PRO 4650U 32 GB 960 GB SSD 14 Zoll Win11 Pro,,18766635046,"8","FIXED_PRICE","EUR",502.0,,,502.0,"0","","","Aug-25-26 05:47:16 PDT","Sep-25-26 05:47:16 PDT","PC Notebooks & Netbooks","177","","","Gebraucht","","","","","","DE","","",""
"307145461588",HP Elitebook 845 G7 Ryzen 5 PRO 4650U 16 GB 960 GB SSD 14 Zoll Win11 Pro,,18766622765,"8","FIXED_PRICE","EUR",421.0,,,421.0,"0","","","Aug-25-26 05:47:16 PDT","Sep-25-26 05:47:16 PDT","PC Notebooks & Netbooks","177","","","Gebraucht","","","","","","DE","","",""
"307145461589",HP Elitebook 845 G7 Ryzen 5 PRO 4650U 32 GB 480 GB SSD 14 Zoll Win11 Pro,,18766657756,"8","FIXED_PRICE","EUR",421.0,,,421.0,"0","","","Aug-25-26 05:47:16 PDT","Sep-25-26 05:47:16 PDT","PC Notebooks & Netbooks","177","","","Gebraucht","","","","","","DE","","",""
"307145461591",HP 845 G7 Ryzen 5 PRO 4650U 16 GB 256 GB SSD 14 Zoll Win11 Pro,,18766676972,"8","FIXED_PRICE","EUR",267.0,,,267.0,"0","","","Aug-25-26 05:47:16 PDT","Sep-25-26 05:47:16 PDT","PC Notebooks & Netbooks","177","","","Gebraucht","","","","","","DE","","",""
"307145461593",HP 845 G7 Ryzen 5 PRO 4650U 16 GB 480 GB SSD 14 Zoll Win11 Pro,,18766689330,"8","FIXED_PRICE","EUR",301.0,,,301.0,"0","","","Aug-25-26 05:47:16 PDT","Sep-25-26 05:47:16 PDT","PC Notebooks & Netbooks","177","","","Gebraucht","","","","","","DE","","",""
"307145461595",HP 845 G7 Ryzen 5 PRO 4650U 32 GB 480 GB SSD 14 Zoll Win11 Pro,,18766711145,"8","FIXED_PRICE","EUR",383.0,,,383.0,"0","","","Aug-25-26 05:47:16 PDT","Sep-25-26 05:47:16 PDT","PC Notebooks & Netbooks","177","","","Gebraucht","","","","","","DE","","",""
"307145461596",HP 845 G7 Ryzen 5 PRO 4650U 16 GB 960 GB SSD 14 Zoll Win11 Pro,,18766700422,"8","FIXED_PRICE","EUR",383.0,,,383.0,"0","","","Aug-25-26 05:47:16 PDT","Sep-25-26 05:47:16 PDT","PC Notebooks & Netbooks","177","","","Gebraucht","","","","","","DE","","",""
"307145461598",HP 845 G7 Ryzen 5 PRO 4650U 32 GB 960 GB SSD 14 Zoll Win11 Pro,,18766716276,"8","FIXED_PRICE","EUR",462.0,,,462.0,"0","","","Aug-25-26 05:47:16 PDT","Sep-25-26 05:47:16 PDT","PC Notebooks & Netbooks","177","","","Gebraucht","","","","","","DE","","",""
"307145461599","Dell Latitude 3310 i3-8145U 8 GB 128 GB SSD 13,3 Zoll Win10 Pro",,18838815876,"8","FIXED_PRICE","EUR",183.0,,,183.0,"0","","","Aug-25-26 05:47:16 PDT","Sep-25-26 05:47:16 PDT","PC Notebooks & Netbooks","177","","","Gebraucht","","","","","","DE","","",""
"307145461604","Dell Latitude 3310 i3-8145U 8 GB 240 GB SSD 13,3 Zoll Win10 Pro",,18838847178,"8","FIXED_PRICE","EUR",194.0,,,194.0,"0","","","Aug-25-26 05:47:17 PDT","Sep-25-26 05:47:17 PDT","PC Notebooks & Netbooks","177","","","Gebraucht","","","","","","DE","","",""
"307145461605","Dell Latitude 3310 i3-8145U 8 GB 480 GB SSD 13,3 Zoll Win10 Pro",,18838852498,"8","FIXED_PRICE","EUR",229.0,,,229.0,"0","","","Aug-25-26 05:47:17 PDT","Sep-25-26 05:47:17 PDT","PC Notebooks & Netbooks","177","","","Gebraucht","","","","","","DE","","",""
"307145461608","Dell Latitude 3310 i3-8145U 8 GB 960 GB SSD 13,3 Zoll Win10 Pro",,18838854392,"8","FIXED_PRICE","EUR",308.0,,,308.0,"0","","","Aug-25-26 05:47:17 PDT","Sep-25-26 05:47:17 PDT","PC Notebooks & Netbooks","177","","","Gebraucht","","","","","","DE","","",""
"307145461609","Dell Precision 7730 i7-8750H 64 GB 960 GB SSD 17,3 Zoll Win10 Pro",,18465830621,"8","FIXED_PRICE","EUR",967.0,,,967.0,"0","","","Aug-25-26 05:47:17 PDT","Sep-25-26 05:47:17 PDT","PC Notebooks & Netbooks","177","","","Gebraucht","","","","","","DE","","",""
"307145461610","Fujitsu Lifebook E756 i5-6200U 8 GB 120 GB SSD 15,6 Zoll Win11 Pro",,4423,"0","FIXED_PRICE","EUR",149.0,,,149.0,"0","","","Aug-25-26 05:47:17 PDT","Sep-25-26 05:47:17 PDT","PC Notebooks & Netbooks","177","","","Gebraucht","","","","","","DE","","",""
"307145461612","HP ZBook 15 G2 i7-4700MQ 16 GB 480 GB SSD 15,6 Zoll Win10 Pro",,6133,"8","FIXED_PRICE","EUR",294.0,,,294.0,"0","","","Aug-25-26 05:47:17 PDT","Sep-25-26 05:47:17 PDT","PC Notebooks & Netbooks","177","","","Gebraucht","","","","","","DE","","",""
"307145461616","Dell Precision 7760 i7-11850H 32 GB 512 GB SSD 17,3 Zoll Win11 Pro",,17529982492_20250728134453,"5","FIXED_PRICE","EUR",1098.0,,,1098.0,"0","","","Aug-25-26 05:47:17 PDT","Sep-25-26 05:47:17 PDT","PC Notebooks & Netbooks","177","","","Gebraucht","","","","","","DE","","",""
"307145461617","HP ProBook 430 G5 i5-8250U 8 GB 240 GB SSD 13,3 Zoll Win10 Pro",,6199,"8","FIXED_PRICE","EUR",171.0,,,171.0,"0","","","Aug-25-26 05:47:17 PDT","Sep-25-26 05:47:17 PDT","PC Notebooks & Netbooks","177","","","Gebraucht","","","","","","DE","","",""
"307145461618",HP EliteBook 745 G5 Ryzen 7 2700 16 GB 256 GB SSD 14 Zoll Win11 Pro,,14803361142,"8","FIXED_PRICE","EUR",215.0,,,215.0,"0","","","Aug-25-26 05:47:17 PDT","Sep-25-26 05:47:17 PDT","PC Notebooks & Netbooks","177","","","Gebraucht","","","","","","DE","","",""
"307145461620","Dell Latitude E5570 i7-6820HQ 8 GB 256 GB SSD 15,6 Zoll Win11 Pro",,4103_20251103123022,"10","FIXED_PRICE","EUR",264.0,,,264.0,"0","","","Aug-25-26 05:47:17 PDT","Sep-25-26 05:47:17 PDT","PC Notebooks & Netbooks","177","","","Gebraucht","","","","","","DE","","",""
"307145461621","HP EliteBook 850 G3 i7-6500U 8 GB 240 GB SSD 15,6 Zoll Win11 Pro",,18415852040,"0","FIXED_PRICE","EUR",183.0,,,183.0,"0","","","Aug-25-26 05:47:17 PDT","Sep-25-26 05:47:17 PDT","PC Notebooks & Netbooks","177","","","Gebraucht","","","","","","DE","","",""
"307145461623","Dell Precision 7520 i7-6820HQ 64 GB 960 GB SSD 15,6 Zoll Win10 Pro",,14524134569,"8","FIXED_PRICE","EUR",566.0,,,566.0,"0","","","Aug-25-26 05:47:17 PDT","Sep-25-26 05:47:17 PDT","PC Notebooks & Netbooks","177","","","Gebraucht","","","","","","DE","","",""
"307145461624","HP EliteBook 850 G3 i7-6500U 8 GB 440 GB SSD+HDD 15,6 Zoll Win10 Pro",,14856081849,"0","FIXED_PRICE","EUR",295.0,,,295.0,"0","","","Aug-25-26 05:47:17 PDT","Sep-25-26 05:47:17 PDT","PC Notebooks & Netbooks","177","","","Gebraucht","","","","","","DE","","",""
"307145461626","HP EliteBook 850 G3 i7-6500U 8 GB 120 GB SSD+HDD 15,6 Zoll Win10 Pro",,14856091648,"0","FIXED_PRICE","EUR",272.0,,,272.0,"0","","","Aug-25-26 05:47:17 PDT","Sep-25-26 05:47:17 PDT","PC Notebooks & Netbooks","177","","","Gebraucht","","","","","","DE","","",""
"307145461629",Fujitsu Lifebook U749 i7-8665U 32 GB 960 GB SSD 14 Zoll Win10 Pro,,17293726097,"8","FIXED_PRICE","EUR",375.0,,,375.0,"0","","","Aug-25-26 05:47:17 PDT","Sep-25-26 05:47:17 PDT","PC Notebooks & Netbooks","177","","","Gebraucht","","","","","","DE","","",""
"307145461630","HP ProBook 650 G2 i5-6200U 16 GB 256 GB SSD 15,6 Zoll Win11 Pro",,18120520256,"8","FIXED_PRICE","EUR",185.0,,,185.0,"0","","","Aug-25-26 05:47:17 PDT","Sep-25-26 05:47:17 PDT","PC Notebooks & Netbooks","177","","","Gebraucht","","","","","","DE","","",""
"307145461631","Fujitsu Lifebook U729 i5-8250U 8 GB 240 GB SSD 12,5 Zoll Win11 Pro",,18563450156,"0","FIXED_PRICE","EUR",160.0,,,160.0,"0","","","Aug-25-26 05:47:17 PDT","Sep-25-26 05:47:17 PDT","PC Notebooks & Netbooks","177","","","Gebraucht","","","","","","DE","","",""
"307145461632",HP EliteBook 745 G6 Ryzen 7 PRO 3700U 8 GB 256 GB SSD 14 Zoll Win11 Pro,,17578270987,"8","FIXED_PRICE","EUR",229.0,,,229.0,"0","","","Aug-25-26 05:47:17 PDT","Sep-25-26 05:47:17 PDT","PC Notebooks & Netbooks","177","","","Gebraucht","","","","","","DE","","",""
"307145461633",HP EliteBook 745 G5 Ryzen 7 2700U 8 GB 256 GB SSD 14 Zoll Win11 Pro,,5912_20251106091003,"0","FIXED_PRICE","EUR",171.0,,,171.0,"0","3","0","Aug-25-26 05:47:17 PDT","Sep-25-26 05:47:17 PDT","PC Notebooks & Netbooks","177","","","Gebraucht","","","","","","DE","","",""
"307145461635",HP EliteBook 840 G5 i5-8350U 8 GB 256 GB SSD 14 Zoll Win10 Pro,,15120782369,"8","FIXED_PRICE","EUR",194.0,,,194.0,"0","","","Aug-25-26 05:47:17 PDT","Sep-25-26 05:47:17 PDT","PC Notebooks & Netbooks","177","","","Gebraucht","","","","","","DE","","",""
"307145461636","Dell Latitude 5520 i5-1135G7 16 GB 480 GB SSD 15,6 Zoll Win11 Pro",,3864,"10","FIXED_PRICE","EUR",436.0,,,436.0,"0","","","Aug-25-26 05:47:17 PDT","Sep-25-26 05:47:17 PDT","PC Notebooks & Netbooks","177","","","Gebraucht","","","","","","DE","","",""
"307145461638","HP ZBook 15 G2 i5-4300M 16 GB 240 GB SSD 15,6 Zoll Win10 Pro",,4908,"10","FIXED_PRICE","EUR",211.0,,,211.0,"0","","","Aug-25-26 05:47:17 PDT","Sep-25-26 05:47:17 PDT","PC Notebooks & Netbooks","177","","","Gebraucht","","","","","","DE","","",""
"307145461640","HP ProBook 430 G5 i5-8250U 8 GB 240 GB SSD 13,3 Zoll Win10 Pro",,6113,"8","FIXED_PRICE","EUR",194.0,,,194.0,"0","","","Aug-25-26 05:47:17 PDT","Sep-25-26 05:47:17 PDT","PC Notebooks & Netbooks","177","","","Gebraucht","","","","","","DE","","",""
"307145461642",Fujitsu Lifebook U749 i7-8665U 16 GB 256 GB SSD 14 Zoll Win10/11 Pro,,17293710113,"8","FIXED_PRICE","EUR",265.0,,,265.0,"0","","","Aug-25-26 05:47:17 PDT","Sep-25-26 05:47:17 PDT","PC Notebooks & Netbooks","177","","","Gebraucht","","","","","","DE","","",""
"307145461645",HP EliteBook 745 G6 Ryzen 7 PRO 3700U 8 GB 256 GB SSD 14 Zoll Win11 Pro,,17578283219,"8","FIXED_PRICE","EUR",198.0,,,198.0,"0","1","0","Aug-25-26 05:47:17 PDT","Sep-25-26 05:47:17 PDT","PC Notebooks & Netbooks","177","","","Gebraucht","","","","","","DE","","",""
"307145461648",HP ProBook 440 G6 i5-8265U 8 GB 120 GB SSD 14 Zoll Win11 Pro,,3939_20250731091621,"8","FIXED_PRICE","EUR",171.0,,,171.0,"0","","","Aug-25-26 05:47:17 PDT","Sep-25-26 05:47:17 PDT","PC Notebooks & Netbooks","177","","","Gebraucht","","","","","","DE","","",""
"307145461649",Dell Latitude 5490 i5-8350U 8 GB 256 GB SSD 14 Zoll Win11 Pro,,18743355682,"8","FIXED_PRICE","EUR",201.0,,,201.0,"0","","","Aug-25-26 05:47:18 PDT","Sep-25-26 05:47:18 PDT","PC Notebooks & Netbooks","177","","","Gebraucht","","","","","","DE","","",""
"307145461651",HP ProBook 640 G5 i5-8365U 16 GB 256 GB SSD 14 Zoll Win10 Pro,,16646442267,"8","FIXED_PRICE","EUR",222.0,,,222.0,"0","","","Aug-25-26 05:47:18 PDT","Sep-25-26 05:47:18 PDT","PC Notebooks & Netbooks","177","","","Gebraucht","","","","","","DE","","",""
"307145461654","Dell Precision 7520 i7-6820HQ 32 GB 480 GB SSD 15,6 Zoll Win10 Pro",,15107244334,"8","FIXED_PRICE","EUR",469.0,,,469.0,"0","","","Aug-25-26 05:47:18 PDT","Sep-25-26 05:47:18 PDT","PC Notebooks & Netbooks","177","","","Gebraucht","","","","","","DE","","",""
"307145461657","HP Chromebook x360 11 G4 EE Intel Celeron N5100 8 GB 64 GB eMMC 11,6 Zoll",,17891169915,"8","FIXED_PRICE","EUR",113.0,,,113.0,"1","1","0","Aug-25-26 05:47:18 PDT","Sep-25-26 05:47:18 PDT","PC Notebooks & Netbooks","177","","","Gebraucht","","","","","","DE","","",""
"307145461658","HP ProBook 650 G2 i5-6200U 8 GB 240 GB SSD 15,6 Zoll Win11 Pro",,15984428909,"10","FIXED_PRICE","EUR",171.0,,,171.0,"0","","","Aug-25-26 05:47:18 PDT","Sep-25-26 05:47:18 PDT","PC Notebooks & Netbooks","177","","","Gebraucht","","","","","","DE","","",""
"307145461659","HP HP ZBook 15 G2 i7-4600M 16 GB 480 GB SSD 15,6 Zoll Win10 Pro",,13916163607,"8","FIXED_PRICE","EUR",208.0,,,208.0,"0","","","Aug-25-26 05:47:18 PDT","Sep-25-26 05:47:18 PDT","PC Notebooks & Netbooks","177","","","Gebraucht","","","","","","DE","","",""
"307145461660","Dell Precision 7540 i5-9400H 64 GB 512 GB SSD 15,6 Zoll Win10 Pro",,14891617491,"8","FIXED_PRICE","EUR",696.0,,,696.0,"0","","","Aug-25-26 05:47:18 PDT","Sep-25-26 05:47:18 PDT","PC Notebooks & Netbooks","177","","","Gebraucht","","","","","","DE","","",""
"307145461661",Fujitsu Lifebook U749 i7-8665U 16 GB 480 GB SSD 14 Zoll Win10 Pro,,17293787975,"8","FIXED_PRICE","EUR",294.0,,,294.0,"0","","","Aug-25-26 05:47:18 PDT","Sep-25-26 05:47:18 PDT","PC Notebooks & Netbooks","177","","","Gebraucht","","","","","","DE","","",""
"307145461665",Dell Latitude 5490 i5-8350U 8 GB 256 GB SSD 14 Zoll Win11 Pro,,4139,"8","FIXED_PRICE","EUR",171.0,,,171.0,"0","","","Aug-25-26 05:47:18 PDT","Sep-25-26 05:47:18 PDT","PC Notebooks & Netbooks","177","","","Gebraucht","","","","","","DE","","",""
"307145461666",Dell Latitude 7410 i5-10310U 8 GB 256 GB SSD 14 Zoll Win11 Pro,,17760490240,"8","FIXED_PRICE","EUR",215.0,,,215.0,"0","","","Aug-25-26 05:47:18 PDT","Sep-25-26 05:47:18 PDT","PC Notebooks & Netbooks","177","","","Gebraucht","","","","","","DE","","",""
"307145461667",HP ProBook 440 G7 i5-10210U 16 GB 256 GB SSD 14 Zoll Win11 Pro,,6104_20260109120318,"0","FIXED_PRICE","EUR",218.0,,,218.0,"0","1","0","Aug-25-26 05:47:18 PDT","Sep-25-26 05:47:18 PDT","PC Notebooks & Netbooks","177","","","Gebraucht","","","","","","DE","","",""
"307145461668","Dell Latitude 5500 i5-8265U 16 GB 240 GB SSD 15,6 Zoll Win11 Pro",,5757_20260505135353,"8","FIXED_PRICE","EUR",318.0,,,318.0,"0","","","Aug-25-26 05:47:18 PDT","Sep-25-26 05:47:18 PDT","PC Notebooks & Netbooks","177","","","Gebraucht","","","","","","DE","","",""
"307145461669","HP ProBook 450 G5 i5-7200U 8 GB 256 GB SSD 15,6 Zoll Win11 Pro",,17570806481_20260811065451,"0","FIXED_PRICE","EUR",170.0,,,170.0,"0","","","Aug-25-26 05:47:18 PDT","Sep-25-26 05:47:18 PDT","PC Notebooks & Netbooks","177","","","Gebraucht","","","","","","DE","","",""
"307145461670","HP ProBook 430 G5 i5-8250U 8 GB 240 GB SSD 13,3 Zoll Win10 Pro",,15030173734,"8","FIXED_PRICE","EUR",171.0,,,171.0,"0","","","Aug-25-26 05:47:18 PDT","Sep-25-26 05:47:18 PDT","PC Notebooks & Netbooks","177","","","Gebraucht","","","","","","DE","","",""
"307145461675","HP Chromebook x360 11 G4 EE Intel Celeron N5100 8 GB 64 GB eMMC 11,6 Zoll",,17891158046,"8","FIXED_PRICE","EUR",119.0,,,119.0,"1","1","0","Aug-25-26 05:47:18 PDT","Sep-25-26 05:47:18 PDT","PC Notebooks & Netbooks","177","","","Gebraucht","","","","","","DE","","",""
"307145461678",HP EliteBook 745 G5 Ryzen 7 PRO 2700U 32 GB 256 GB SSD 14 Zoll Win11 Pro,,18059488352,"8","FIXED_PRICE","EUR",295.0,,,295.0,"0","0","0","Aug-25-26 05:47:18 PDT","Sep-25-26 05:47:18 PDT","PC Notebooks & Netbooks","177","","","Gebraucht","","","","","","DE","","",""
"307145461679",Dell Latitude 5400 i5-8350U 8 GB 256 GB SSD 14 Zoll Win11 Pro,,5101,"0","FIXED_PRICE","EUR",183.0,,,183.0,"0","","","Aug-25-26 05:47:18 PDT","Sep-25-26 05:47:18 PDT","PC Notebooks & Netbooks","177","","","Gebraucht","","","","","","DE","","",""
"307145461681",HP EliteBook 840 G7 i5-10210U 16 GB 256 GB SSD 14 Zoll Win11 Pro,,17002865311,"10","FIXED_PRICE","EUR",292.0,,,292.0,"0","","","Aug-25-26 05:47:18 PDT","Sep-25-26 05:47:18 PDT","PC Notebooks & Netbooks","177","","","Gebraucht","","","","","","DE","","",""
"307145461684","HP EliteBook 850 G3 i7-6500U 8 GB 240 GB SSD 15,6 Zoll Win11 Pro",,18415882642,"0","FIXED_PRICE","EUR",206.0,,,206.0,"0","","","Aug-25-26 05:47:18 PDT","Sep-25-26 05:47:18 PDT","PC Notebooks & Netbooks","177","","","Gebraucht","","","","","","DE","","",""
"307145461685","Dell Latitude E5570 i7-6820HQ 8 GB 256 GB SSD 15,6 Zoll Win11 Pro",,4103_20251103123304,"10","FIXED_PRICE","EUR",241.0,,,241.0,"0","","","Aug-25-26 05:47:18 PDT","Sep-25-26 05:47:18 PDT","PC Notebooks & Netbooks","177","","","Gebraucht","","","","","","DE","","",""
"307145461688","Fujitsu Lifebook U729 i5-8250U 8 GB 240 GB SSD 12,5 Zoll Win11 Pro",,5563_20260506095417,"8","FIXED_PRICE","EUR",160.0,,,160.0,"0","","","Aug-25-26 05:47:18 PDT","Sep-25-26 05:47:18 PDT","PC Notebooks & Netbooks","177","","","Gebraucht","","","","","","DE","","",""
"307145461689","Fujitsu Lifebook E756 i5-6200U 8 GB 120 GB SSD 15,6 Zoll Win11 Pro",,4423_20260612120312,"8","FIXED_PRICE","EUR",183.0,,,183.0,"0","","","Aug-25-26 05:47:18 PDT","Sep-25-26 05:47:18 PDT","PC Notebooks & Netbooks","177","","","Gebraucht","","","","","","DE","","",""
"307145461691","Dell Precision 7520 i7-6820HQ 64 GB 960 GB SSD 15,6 Zoll Win10 Pro",,14729760510,"8","FIXED_PRICE","EUR",612.0,,,612.0,"0","","","Aug-25-26 05:47:18 PDT","Sep-25-26 05:47:18 PDT","PC Notebooks & Netbooks","177","","","Gebraucht","","","","","","DE","","",""
"307145461694","HP EliteBook 850 G6 i5-8365U 16 GB 480 GB SSD 15,6 Zoll Win11 Pro",,18444581689,"8","FIXED_PRICE","EUR",331.0,,,331.0,"0","","","Aug-25-26 05:47:18 PDT","Sep-25-26 05:47:18 PDT","PC Notebooks & Netbooks","177","","","Gebraucht","","","","","","DE","","",""
"307145461696","HP EliteBook 850 G6 i5-8365U 32 GB 480 GB SSD 15,6 Zoll Win11 Pro",,18444590780,"8","FIXED_PRICE","EUR",412.0,,,412.0,"0","","","Aug-25-26 05:47:18 PDT","Sep-25-26 05:47:18 PDT","PC Notebooks & Netbooks","177","","","Gebraucht","","","","","","DE","","",""
"307145461699","HP 430 G5 i5-8250U 8 GB 740 GB SSD+HDD 13,3 Zoll Win10 Pro",,12305983676,"8","FIXED_PRICE","EUR",194.0,,,194.0,"0","","","Aug-25-26 05:47:19 PDT","Sep-25-26 05:47:19 PDT","PC Notebooks & Netbooks","177","","","Gebraucht","","","","","","DE","","",""
"307145461700","Dell Precision 7750 i7-10850H 32 GB 512 GB SSD 17,3 Zoll Win11 Pro",,5743,"8","FIXED_PRICE","EUR",1081.0,,,1081.0,"0","","","Aug-25-26 05:47:19 PDT","Sep-25-26 05:47:19 PDT","PC Notebooks & Netbooks","177","","","Gebraucht","","","","","","DE","","",""
"307145461702",Dell Latitude 5400 i5-8350U 8 GB 256 GB SSD 14 Zoll Win11 Pro,,5101_20251128133627,"0","FIXED_PRICE","EUR",171.0,,,171.0,"0","","","Aug-25-26 05:47:19 PDT","Sep-25-26 05:47:19 PDT","PC Notebooks & Netbooks","177","","","Gebraucht","","","","","","DE","","",""
"307145461707","HP ProBook 450 G5 i5-8250U 8 GB 256 GB SSD 15,6 Zoll Win11 Pro",,17570806481_20260811071523,"8","FIXED_PRICE","EUR",215.0,,,215.0,"0","","","Aug-25-26 05:47:19 PDT","Sep-25-26 05:47:19 PDT","PC Notebooks & Netbooks","177","","","Gebraucht","","","","","","DE","","",""
"307145461708","Dell Precision 5520 i7-6820HQ 32 GB 480 GB SSD 15,6 Zoll Win10 Pro",,14778101876,"8","FIXED_PRICE","EUR",435.0,,,435.0,"0","","","Aug-25-26 05:47:19 PDT","Sep-25-26 05:47:19 PDT","PC Notebooks & Netbooks","177","","","Gebraucht","","","","","","DE","","",""
"307145461709","HP HP ZBook 15 G2 i7-4700MQ 16 GB 480 GB SSD 15,6 Zoll Win10 Pro",,13916140560,"8","FIXED_PRICE","EUR",261.0,,,261.0,"0","1","0","Aug-25-26 05:47:19 PDT","Sep-25-26 05:47:19 PDT","PC Notebooks & Netbooks","177","","","Gebraucht","","","","","","DE","","",""
"307145461710","HP ZBook 15u G3 i7-6500U 16 GB 1012 GB SSD+HDD 15,6 Zoll Win10 Pro",,15563556111,"8","FIXED_PRICE","EUR",265.0,,,265.0,"0","","","Aug-25-26 05:47:19 PDT","Sep-25-26 05:47:19 PDT","PC Notebooks & Netbooks","177","","","Gebraucht","","","","","","DE","","",""
"307145461712",Dell Latitude 5420 i5-1135G7 16 GB 256 GB SSD 14 Zoll Win11 Pro,,18062827484,"8","FIXED_PRICE","EUR",288.0,,,288.0,"0","","","Aug-25-26 05:47:19 PDT","Sep-25-26 05:47:19 PDT","PC Notebooks & Netbooks","177","","","Gebraucht","","","","","","DE","","",""
"307145461714","HP EliteBook 850 G6 i5-8365U 8 GB 256 GB SSD 15,6 Zoll Win11 Pro",,18444572907,"8","FIXED_PRICE","EUR",250.0,,,250.0,"0","","","Aug-25-26 05:47:19 PDT","Sep-25-26 05:47:19 PDT","PC Notebooks & Netbooks","177","","","Gebraucht","","","","","","DE","","",""
"307145461718","HP ProBook 650 G2 i5-6200U 8 GB 256 GB SSD 15,6 Zoll Win11 Pro",,18118350066,"8","FIXED_PRICE","EUR",160.0,,,160.0,"0","","","Aug-25-26 05:47:19 PDT","Sep-25-26 05:47:19 PDT","PC Notebooks & Netbooks","177","","","Gebraucht","","","","","","DE","","",""
"307145461721","HP HP ProBook x360 11 G5 EE Intel Pentium Silver N5030 4 GB 128 GB SSD 11,6 Zoll",,18567164607,"8","FIXED_PRICE","EUR",136.0,,,136.0,"0","3","0","Aug-25-26 05:47:19 PDT","Sep-25-26 05:47:19 PDT","PC Notebooks & Netbooks","177","","","Gebraucht","","","","","","DE","","",""
"307145461723",Apple MacBook Pro A2141 2019r. i9-9880H 32 GB 1 TB SSD 16 Zoll macOS,,4590,"8","FIXED_PRICE","EUR",616.0,,,616.0,"0","1","0","Aug-25-26 05:47:19 PDT","Sep-25-26 05:47:19 PDT","Apple Notebooks","111422","","","Gebraucht","","","","","","DE","","",""
"307145461725","HP ProBook 450 G5 i5-8250U 8 GB 256 GB SSD 15,6 Zoll Win11 Pro",,17570806481_20260811071657,"0","FIXED_PRICE","EUR",183.0,,,183.0,"2","4","0","Aug-25-26 05:47:19 PDT","Sep-25-26 05:47:19 PDT","PC Notebooks & Netbooks","177","","","Gebraucht","","","","","","DE","","",""
"307145461727",Apple MacBook Pro 16 A2141 2019r. i9-9880H 32 GB 1000 GB SSD 16 Zoll,,16028383060,"8","FIXED_PRICE","EUR",616.0,,,616.0,"0","1","0","Aug-25-26 05:47:19 PDT","Sep-25-26 05:47:19 PDT","Apple Notebooks","111422","","","Gebraucht","","","","","","DE","","",""
"307145461728","HP ProBook 450 G5 i5-7200U 8 GB 256 GB SSD 15,6 Zoll Win11 Pro",,17570806481_20260811070016,"0","FIXED_PRICE","EUR",201.0,,,201.0,"0","","","Aug-25-26 05:47:19 PDT","Sep-25-26 05:47:19 PDT","PC Notebooks & Netbooks","177","","","Gebraucht","","","","","","DE","","",""
"307145461729",Dell Latitude 7410 i5-10310U 8 GB 480 GB SSD 14 Zoll Win11 Pro,,17760488496,"8","FIXED_PRICE","EUR",243.0,,,243.0,"0","","","Aug-25-26 05:47:19 PDT","Sep-25-26 05:47:19 PDT","PC Notebooks & Netbooks","177","","","Gebraucht","","","","","","DE","","",""
"307145461730","Dell Latitude 5580 i7-7820HQ 32 GB 960 GB SSD 15,6 Zoll Win11 Pro",,18050619208,"8","FIXED_PRICE","EUR",433.0,,,433.0,"0","","","Aug-25-26 05:47:19 PDT","Sep-25-26 05:47:19 PDT","PC Notebooks & Netbooks","177","","","Gebraucht","","","","","","DE","","",""
"307145461733","Dell Latitude E5570 i7-6820HQ 16 GB 480 GB SSD 15,6 Zoll Win11 Pro",,18051203218,"8","FIXED_PRICE","EUR",317.0,,,317.0,"0","","","Aug-25-26 05:47:19 PDT","Sep-25-26 05:47:19 PDT","PC Notebooks & Netbooks","177","","","Gebraucht","","","","","","DE","","",""
"307145461734","Dell Latitude E5570 i7-6820HQ 16 GB 960 GB SSD 15,6 Zoll Win11 Pro",,18051211311,"8","FIXED_PRICE","EUR",347.0,,,347.0,"0","","","Aug-25-26 05:47:19 PDT","Sep-25-26 05:47:19 PDT","PC Notebooks & Netbooks","177","","","Gebraucht","","","","","","DE","","",""
"307145461735","Dell Latitude E5570 i7-6820HQ 16 GB 480 GB SSD 15,6 Zoll Win11 Pro",,18051259500,"8","FIXED_PRICE","EUR",293.0,,,293.0,"0","","","Aug-25-26 05:47:19 PDT","Sep-25-26 05:47:19 PDT","PC Notebooks & Netbooks","177","","","Gebraucht","","","","","","DE","","",""
"307145461737","Dell Latitude E5570 i7-6820HQ 32 GB 960 GB SSD 15,6 Zoll Win11 Pro",,18051268548,"8","FIXED_PRICE","EUR",375.0,,,375.0,"0","","","Aug-25-26 05:47:19 PDT","Sep-25-26 05:47:19 PDT","PC Notebooks & Netbooks","177","","","Gebraucht","","","","","","DE","","",""
"307145461742","HP EliteBook 850 G6 i5-8365U 16 GB 960 GB SSD 15,6 Zoll Win11 Pro",,18444583920,"8","FIXED_PRICE","EUR",412.0,,,412.0,"0","","","Aug-25-26 05:47:19 PDT","Sep-25-26 05:47:19 PDT","PC Notebooks & Netbooks","177","","","Gebraucht","","","","","","DE","","",""
"307145461744","Panasonic ToughBook CF-31 MK5 i5-5300U 16 GB 120 GB SSD 13,3 Zoll Win10 Pro",,10356,"8","FIXED_PRICE","EUR",277.0,,,277.0,"3","10","0","Aug-25-26 05:47:19 PDT","Sep-25-26 05:47:19 PDT","PC Notebooks & Netbooks","177","","","Gebraucht","","","","","","DE","","",""
"307145461747","HP ZBook 15 G2 i7-4710MQ 32 GB 256 GB SSD 15,6 Zoll Win10 Pro",,7618740191,"8","FIXED_PRICE","EUR",331.0,,,331.0,"0","","","Aug-25-26 05:47:19 PDT","Sep-25-26 05:47:19 PDT","PC Notebooks & Netbooks","177","","","Gebraucht","","","","","","DE","","",""
"307145461748","Dell Precision 7740 i7-9850H 16 GB 512 GB SSD 17,3 Zoll Win11 Pro",,4760_20250908073747,"8","FIXED_PRICE","EUR",733.0,,,733.0,"0","1","0","Aug-25-26 05:47:19 PDT","Sep-25-26 05:47:19 PDT","PC Notebooks & Netbooks","177","","","Gebraucht","","","","","","DE","","",""
"307145461750","Dell Precision 7740 i7-9850H 16 GB 512 GB SSD 17,3 Zoll Win11 Pro",,4760_20250908072757,"8","FIXED_PRICE","EUR",848.0,,,848.0,"0","","","Aug-25-26 05:47:20 PDT","Sep-25-26 05:47:20 PDT","PC Notebooks & Netbooks","177","","","Gebraucht","","","","","","DE","","",""
"307145461751","Dell Latitude 5580 i7-7820HQ 8 GB 256 GB SSD 15,6 Zoll Win10 Pro",,6186_20251103085550,"8","FIXED_PRICE","EUR",295.0,,,295.0,"0","","","Aug-25-26 05:47:20 PDT","Sep-25-26 05:47:20 PDT","PC Notebooks & Netbooks","177","","","Gebraucht","","","","","","DE","","",""
"307145461753",Dell Latitude 5420 i5-1135G7 8 GB 256 GB SSD 14 Zoll Win11 Pro,,5112_20251107093427,"8","FIXED_PRICE","EUR",261.0,,,261.0,"0","","","Aug-25-26 05:47:20 PDT","Sep-25-26 05:47:20 PDT","PC Notebooks & Netbooks","177","","","Gebraucht","","","","","","DE","","",""
"307145461755","Dell Precision 7760 i7-11850H 32 GB 512 GB SSD 17,3 Zoll Win11 Pro",,17529982492_20251202093642,"5","FIXED_PRICE","EUR",1052.0,,,1052.0,"0","0","0","Aug-25-26 05:47:20 PDT","Sep-25-26 05:47:20 PDT","PC Notebooks & Netbooks","177","","","Gebraucht","","","","","","DE","","",""
"307145461756","Fujitsu Lifebook U729 i5-8250U 8 GB 240 GB SSD 12,5 Zoll Win11 Pro",,5563_20260506095908,"8","FIXED_PRICE","EUR",183.0,,,183.0,"0","1","0","Aug-25-26 05:47:20 PDT","Sep-25-26 05:47:20 PDT","PC Notebooks & Netbooks","177","","","Gebraucht","","","","","","DE","","",""
"307145461757",Fujitsu Lifebook U748 i7-8650U 8 GB 256 GB SSD 14 Zoll Win11 Pro,,18806124322,"8","FIXED_PRICE","EUR",171.0,,,171.0,"0","","","Aug-25-26 05:47:20 PDT","Sep-25-26 05:47:20 PDT","PC Notebooks & Netbooks","177","","","Gebraucht","","","","","","DE","","",""
"307145461758","HP ZBook 15u G3 i7-6500U 16 GB 1012 GB SSD+HDD 15,6 Zoll Win10 Pro",,15563503501,"8","FIXED_PRICE","EUR",301.0,,,301.0,"0","","","Aug-25-26 05:47:20 PDT","Sep-25-26 05:47:20 PDT","PC Notebooks & Netbooks","177","","","Gebraucht","","","","","","DE","","",""
"307145461759","HP ZBook 15u G3 i7-6500U 32 GB 1012 GB SSD+HDD 15,6 Zoll Win10 Pro",,15563511530,"8","FIXED_PRICE","EUR",352.0,,,352.0,"0","","","Aug-25-26 05:47:20 PDT","Sep-25-26 05:47:20 PDT","PC Notebooks & Netbooks","177","","","Gebraucht","","","","","","DE","","",""
"307145461762","HP ZBook 15u G3 i7-6500U 32 GB 1460 GB SSD+HDD 15,6 Zoll Win10 Pro",,15563526447,"8","FIXED_PRICE","EUR",352.0,,,352.0,"0","","","Aug-25-26 05:47:20 PDT","Sep-25-26 05:47:20 PDT","PC Notebooks & Netbooks","177","","","Gebraucht","","","","","","DE","","",""
"307145461763","Dell Precision 7530 i5-8400H 32 GB 512 GB SSD 15,6 Zoll Win11 Pro",,15888509292,"8","FIXED_PRICE","EUR",557.0,,,557.0,"0","","","Aug-25-26 05:47:20 PDT","Sep-25-26 05:47:20 PDT","PC Notebooks & Netbooks","177","","","Gebraucht","","","","","","DE","","",""
"307145461764","Fujitsu Lifebook U728 i5-8250U 8 GB 256 GB SSD 12,5 Zoll Win10 Pro",,16906520060,"8","FIXED_PRICE","EUR",178.0,,,178.0,"0","","","Aug-25-26 05:47:20 PDT","Sep-25-26 05:47:20 PDT","PC Notebooks & Netbooks","177","","","Gebraucht","","","","","","DE","","",""
"307145461765",HP ELITEBOOK 840 G7 i5-10310U 16 GB 1000 GB SSD 14 Zoll Win10 Pro,,17002879322,"8","FIXED_PRICE","EUR",370.0,,,370.0,"0","","","Aug-25-26 05:47:20 PDT","Sep-25-26 05:47:20 PDT","PC Notebooks & Netbooks","177","","","Gebraucht","","","","","","DE","","",""
"307145461767",Dell Latitude 7410 i5-10310U 8 GB 960 GB SSD 14 Zoll Win11 Pro,,17760483594,"8","FIXED_PRICE","EUR",272.0,,,272.0,"0","","","Aug-25-26 05:47:20 PDT","Sep-25-26 05:47:20 PDT","PC Notebooks & Netbooks","177","","","Gebraucht","","","","","","DE","","",""
"307145461768","Dell Latitude 5580 i7-7820HQ 8 GB 256 GB SSD 15,6 Zoll Win11 Pro",,18050601735,"8","FIXED_PRICE","EUR",295.0,,,295.0,"0","","","Aug-25-26 05:47:20 PDT","Sep-25-26 05:47:20 PDT","PC Notebooks & Netbooks","177","","","Gebraucht","","","","","","DE","","",""
"307145461770","Dell Latitude 5580 i7-7820HQ 16 GB 256 GB SSD 15,6 Zoll Win11 Pro",,18050609564,"8","FIXED_PRICE","EUR",324.0,,,324.0,"0","","","Aug-25-26 05:47:20 PDT","Sep-25-26 05:47:20 PDT","PC Notebooks & Netbooks","177","","","Gebraucht","","","","","","DE","","",""
"307145461777","Dell Latitude 5580 i7-7820HQ 16 GB 480 GB SSD 15,6 Zoll Win11 Pro",,18050612751,"8","FIXED_PRICE","EUR",352.0,,,352.0,"0","","","Aug-25-26 05:47:20 PDT","Sep-25-26 05:47:20 PDT","PC Notebooks & Netbooks","177","","","Gebraucht","","","","","","DE","","",""
"307145461780","Dell Latitude E5570 i7-6820HQ 8 GB 256 GB SSD 15,6 Zoll Win11 Pro",,18051152326,"8","FIXED_PRICE","EUR",261.0,,,261.0,"0","","","Aug-25-26 05:47:20 PDT","Sep-25-26 05:47:20 PDT","PC Notebooks & Netbooks","177","","","Gebraucht","","","","","","DE","","",""
"307145461783","Dell Latitude 5580 i7-7820HQ 16 GB 960 GB SSD 15,6 Zoll Win11 Pro",,18050616890,"8","FIXED_PRICE","EUR",382.0,,,382.0,"0","","","Aug-25-26 05:47:20 PDT","Sep-25-26 05:47:20 PDT","PC Notebooks & Netbooks","177","","","Gebraucht","","","","","","DE","","",""
"307145461784","Dell Latitude E5570 i7-6820HQ 16 GB 256 GB SSD 15,6 Zoll Win11 Pro",,18051192717,"8","FIXED_PRICE","EUR",288.0,,,288.0,"0","","","Aug-25-26 05:47:20 PDT","Sep-25-26 05:47:20 PDT","PC Notebooks & Netbooks","177","","","Gebraucht","","","","","","DE","","",""
"307145461788","Dell Latitude E5570 i7-6820HQ 32 GB 960 GB SSD 15,6 Zoll Win11 Pro",,18051221962,"8","FIXED_PRICE","EUR",398.0,,,398.0,"0","","","Aug-25-26 05:47:20 PDT","Sep-25-26 05:47:20 PDT","PC Notebooks & Netbooks","177","","","Gebraucht","","","","","","DE","","",""
"307145461792","Dell Latitude E5570 i7-6820HQ 8 GB 256 GB SSD 15,6 Zoll Win11 Pro",,18051237923,"8","FIXED_PRICE","EUR",238.0,,,238.0,"0","","","Aug-25-26 05:47:20 PDT","Sep-25-26 05:47:20 PDT","PC Notebooks & Netbooks","177","","","Gebraucht","","","","","","DE","","",""
"307145461794","Dell Latitude E5570 i7-6820HQ 16 GB 256 GB SSD 15,6 Zoll Win11 Pro",,18051256918,"8","FIXED_PRICE","EUR",265.0,,,265.0,"0","","","Aug-25-26 05:47:20 PDT","Sep-25-26 05:47:20 PDT","PC Notebooks & Netbooks","177","","","Gebraucht","","","","","","DE","","",""
"307145461799",Dell Latitude 5420 i5-1135G7 8 GB 256 GB SSD 14 Zoll Win11 Pro,,18062724920,"8","FIXED_PRICE","EUR",261.0,,,261.0,"0","","","Aug-25-26 05:47:20 PDT","Sep-25-26 05:47:20 PDT","PC Notebooks & Netbooks","177","","","Gebraucht","","","","","","DE","","",""
"307145461801","Dell Latitude E5570 i7-6820HQ 16 GB 960 GB SSD 15,6 Zoll Win11 Pro",,18051266526,"8","FIXED_PRICE","EUR",324.0,,,324.0,"0","","","Aug-25-26 05:47:20 PDT","Sep-25-26 05:47:20 PDT","PC Notebooks & Netbooks","177","","","Gebraucht","","","","","","DE","","",""
"307145461802",Dell Latitude 5420 i5-1135G7 16 GB 480 GB SSD 14 Zoll Win11 Pro,,18062835468,"8","FIXED_PRICE","EUR",317.0,,,317.0,"0","","","Aug-25-26 05:47:20 PDT","Sep-25-26 05:47:20 PDT","PC Notebooks & Netbooks","177","","","Gebraucht","","","","","","DE","","",""
"307145461803",Dell Latitude 5420 i5-1135G7 16 GB 960 GB SSD 14 Zoll Win11 Pro,,18062842304,"8","FIXED_PRICE","EUR",347.0,,,347.0,"0","","","Aug-25-26 05:47:21 PDT","Sep-25-26 05:47:21 PDT","PC Notebooks & Netbooks","177","","","Gebraucht","","","","","","DE","","",""
"307145461805",HP ProBook 440 G6 i5-8265U 8 GB 120 GB SSD 14 Zoll Win11 Pro,,18176706060,"8","FIXED_PRICE","EUR",206.0,,,206.0,"0","","","Aug-25-26 05:47:21 PDT","Sep-25-26 05:47:21 PDT","PC Notebooks & Netbooks","177","","","Gebraucht","","","","","","DE","","",""
"307145461807",Dell Latitude 5420 i5-1135G7 32 GB 960 GB SSD 14 Zoll Win11 Pro,,18062853452,"8","FIXED_PRICE","EUR",398.0,,,398.0,"0","","","Aug-25-26 05:47:21 PDT","Sep-25-26 05:47:21 PDT","PC Notebooks & Netbooks","177","","","Gebraucht","","","","","","DE","","",""
"307145461808","HP EliteBook 850 G6 i5-8365U 32 GB 256 GB SSD 15,6 Zoll Win11 Pro",,18444588989,"8","FIXED_PRICE","EUR",377.0,,,377.0,"0","1","0","Aug-25-26 05:47:21 PDT","Sep-25-26 05:47:21 PDT","PC Notebooks & Netbooks","177","","","Gebraucht","","","","","","DE","","",""
"307145461811","HP EliteBook 850 G6 i5-8365U 32 GB 960 GB SSD 15,6 Zoll Win11 Pro",,18444593404,"8","FIXED_PRICE","EUR",490.0,,,490.0,"0","1","0","Aug-25-26 05:47:21 PDT","Sep-25-26 05:47:21 PDT","PC Notebooks & Netbooks","177","","","Gebraucht","","","","","","DE","","",""
"307145461812","Microsoft Surface 3 i5-1035G7 8 GB 256 GB SSD 13,5 Zoll Win11 Home",,18541525448,"8","FIXED_PRICE","EUR",366.0,,,366.0,"0","","","Aug-25-26 05:47:21 PDT","Sep-25-26 05:47:21 PDT","PC Notebooks & Netbooks","177","","","Gebraucht","","","","","","DE","","",""
"307145461813","Lenovo Thinkpad E15 Gen 2 i5 11gen i5-1135G7 8 GB 256 GB SSD 15,6 Zoll Win11 Pro",,18557986352,"8","FIXED_PRICE","EUR",295.0,,,295.0,"0","","","Aug-25-26 05:47:21 PDT","Sep-25-26 05:47:21 PDT","PC Notebooks & Netbooks","177","","","Gebraucht","","","","","","DE","","",""
"307145461816","Fujitsu Lifebook U729 i5-8250U 8 GB 256 GB SSD 12,5 Zoll Win11 Pro",,18563431073,"8","FIXED_PRICE","EUR",183.0,,,183.0,"0","","","Aug-25-26 05:47:21 PDT","Sep-25-26 05:47:21 PDT","PC Notebooks & Netbooks","177","","","Gebraucht","","","","","","DE","","",""
"307145461820","Fujitsu Lifebook U729 i5-8250U 8 GB 120 GB SSD 12,5 Zoll Win11 Pro",,18563443406,"8","FIXED_PRICE","EUR",171.0,,,171.0,"0","","","Aug-25-26 05:47:21 PDT","Sep-25-26 05:47:21 PDT","PC Notebooks & Netbooks","177","","","Gebraucht","","","","","","DE","","",""
"307145461823","Fujitsu Lifebook U729 i5-8250U 8 GB 120 GB SSD 12,5 Zoll Win11 Pro",,18563448038,"8","FIXED_PRICE","EUR",148.0,,,148.0,"0","1","0","Aug-25-26 05:47:21 PDT","Sep-25-26 05:47:21 PDT","PC Notebooks & Netbooks","177","","","Gebraucht","","","","","","DE","","",""
"307145461827","Fujitsu Lifebook U729 i5-8250U 16 GB 960 GB SSD 12,5 Zoll Win11 Pro",,18563462541,"8","FIXED_PRICE","EUR",343.0,,,343.0,"0","","","Aug-25-26 05:47:21 PDT","Sep-25-26 05:47:21 PDT","PC Notebooks & Netbooks","177","","","Gebraucht","","","","","","DE","","",""
"307145461829","Fujitsu Lifebook U729 i5-8250U 16 GB 480 GB SSD 12,5 Zoll Win11 Pro",,18563458856,"8","FIXED_PRICE","EUR",261.0,,,261.0,"0","","","Aug-25-26 05:47:21 PDT","Sep-25-26 05:47:21 PDT","PC Notebooks & Netbooks","177","","","Gebraucht","","","","","","DE","","",""
"307145461831","Fujitsu Lifebook U729 i5-8250U 32 GB 240 GB SSD 12,5 Zoll Win11 Pro",,18563469859,"8","FIXED_PRICE","EUR",308.0,,,308.0,"0","","","Aug-25-26 05:47:21 PDT","Sep-25-26 05:47:21 PDT","PC Notebooks & Netbooks","177","","","Gebraucht","","","","","","DE","","",""
"307145461834","Fujitsu Lifebook U729 i5-8250U 32 GB 480 GB SSD 12,5 Zoll Win11 Pro",,18563473382,"8","FIXED_PRICE","EUR",343.0,,,343.0,"0","","","Aug-25-26 05:47:21 PDT","Sep-25-26 05:47:21 PDT","PC Notebooks & Netbooks","177","","","Gebraucht","","","","","","DE","","",""
"307145461835","Fujitsu Lifebook U729 i5-8250U 32 GB 960 GB SSD 12,5 Zoll Win11 Pro",,18563474988,"8","FIXED_PRICE","EUR",421.0,,,421.0,"0","","","Aug-25-26 05:47:21 PDT","Sep-25-26 05:47:21 PDT","PC Notebooks & Netbooks","177","","","Gebraucht","","","","","","DE","","",""
"307145461837","Fujitsu Lifebook U729 i5-8250U 16 GB 480 GB SSD 12,5 Zoll Win11 Pro",,18563573193,"8","FIXED_PRICE","EUR",238.0,,,238.0,"0","","","Aug-25-26 05:47:21 PDT","Sep-25-26 05:47:21 PDT","PC Notebooks & Netbooks","177","","","Gebraucht","","","","","","DE","","",""
"307145461839","Fujitsu Lifebook U729 i5-8250U 16 GB 240 GB SSD 12,5 Zoll Win11 Pro",,18563479290,"8","FIXED_PRICE","EUR",206.0,,,206.0,"0","","","Aug-25-26 05:47:21 PDT","Sep-25-26 05:47:21 PDT","PC Notebooks & Netbooks","177","","","Gebraucht","","","","","","DE","","",""
"307145461841","Fujitsu Lifebook U729 i5-8250U 16 GB 960 GB SSD 12,5 Zoll Win11 Pro",,18563577629,"8","FIXED_PRICE","EUR",318.0,,,318.0,"0","","","Aug-25-26 05:47:21 PDT","Sep-25-26 05:47:21 PDT","PC Notebooks & Netbooks","177","","","Gebraucht","","","","","","DE","","",""
"307145461842","Fujitsu Lifebook U729 i5-8250U 32 GB 960 GB SSD 12,5 Zoll Win11 Pro",,18563580591,"8","FIXED_PRICE","EUR",398.0,,,398.0,"0","","","Aug-25-26 05:47:21 PDT","Sep-25-26 05:47:21 PDT","PC Notebooks & Netbooks","177","","","Gebraucht","","","","","","DE","","",""
"307145461845","Fujitsu Lifebook U729 i5-8250U 32 GB 480 GB SSD 12,5 Zoll Win11 Pro",,18563583748,"8","FIXED_PRICE","EUR",318.0,,,318.0,"0","","","Aug-25-26 05:47:21 PDT","Sep-25-26 05:47:21 PDT","PC Notebooks & Netbooks","177","","","Gebraucht","","","","","","DE","","",""
"307145461850","Lenovo ThinkPad X13 Yoga Gen 1 i5-10210U 8 GB 256 GB SSD 13,3 Zoll Win11 Pro",,18660726962,"8","FIXED_PRICE","EUR",250.0,,,250.0,"0","","","Aug-25-26 05:47:21 PDT","Sep-25-26 05:47:21 PDT","PC Notebooks & Netbooks","177","","","Gebraucht","","","","","","DE","","",""
"307145461853","Fujitsu Lifebook E756 i5-6200U 8 GB 240 GB SSD 15,6 Zoll Win11 Pro",,18663203791,"8","FIXED_PRICE","EUR",194.0,,,194.0,"0","","","Aug-25-26 05:47:21 PDT","Sep-25-26 05:47:21 PDT","PC Notebooks & Netbooks","177","","","Gebraucht","","","","","","DE","","",""
"307145461854","Fujitsu Lifebook E756 i5-6200U 8 GB 120 GB SSD 15,6 Zoll Win10 Pro",,18663154044,"8","FIXED_PRICE","EUR",183.0,,,183.0,"0","","","Aug-25-26 05:47:21 PDT","Sep-25-26 05:47:21 PDT","PC Notebooks & Netbooks","177","","","Gebraucht","","","","","","DE","","",""
"307145461855","Fujitsu Lifebook E756 i5-6200U 16 GB 240 GB SSD 15,6 Zoll Win11 Pro",,18663215302,"8","FIXED_PRICE","EUR",238.0,,,238.0,"0","","","Aug-25-26 05:47:21 PDT","Sep-25-26 05:47:21 PDT","PC Notebooks & Netbooks","177","","","Gebraucht","","","","","","DE","","",""
"307145461860","Fujitsu Lifebook E756 i5-6200U 16 GB 480 GB SSD 15,6 Zoll Win11 Pro",,18663230703,"8","FIXED_PRICE","EUR",272.0,,,272.0,"0","","","Aug-25-26 05:47:21 PDT","Sep-25-26 05:47:21 PDT","PC Notebooks & Netbooks","177","","","Gebraucht","","","","","","DE","","",""
"307145461861","Fujitsu Lifebook E756 i5-6200U 16 GB 960 GB SSD 15,6 Zoll Win11 Pro",,18663241148,"8","FIXED_PRICE","EUR",354.0,,,354.0,"0","","","Aug-25-26 05:47:21 PDT","Sep-25-26 05:47:21 PDT","PC Notebooks & Netbooks","177","","","Gebraucht","","","","","","DE","","",""
"307145461862","Dell Precision 7730 i7-8750H 16 GB 256 GB SSD 17,3 Zoll Win11 Pro",,18740771631,"8","FIXED_PRICE","EUR",593.0,,,593.0,"0","","","Aug-25-26 05:47:22 PDT","Sep-25-26 05:47:22 PDT","PC Notebooks & Netbooks","177","","","Gebraucht","","","","","","DE","","",""
"307145461866",Dell Latitude 5490 i5-8350U 8 GB 120 GB SSD 14 Zoll Win11 Pro,,18743277941,"8","FIXED_PRICE","EUR",160.0,,,160.0,"0","","","Aug-25-26 05:47:22 PDT","Sep-25-26 05:47:22 PDT","PC Notebooks & Netbooks","177","","","Gebraucht","","","","","","DE","","",""
"307145461871",Dell Latitude 5490 i5-8350U 16 GB 480 GB SSD 14 Zoll Win11 Pro,,18743428870,"8","FIXED_PRICE","EUR",250.0,,,250.0,"0","","","Aug-25-26 05:47:22 PDT","Sep-25-26 05:47:22 PDT","PC Notebooks & Netbooks","177","","","Gebraucht","","","","","","DE","","",""
"307145461875",Dell Latitude 5490 i5-8350U 16 GB 256 GB SSD 14 Zoll Win11 Pro,,18743405485,"8","FIXED_PRICE","EUR",215.0,,,215.0,"0","","","Aug-25-26 05:47:22 PDT","Sep-25-26 05:47:22 PDT","PC Notebooks & Netbooks","177","","","Gebraucht","","","","","","DE","","",""
"307145461878",Dell Latitude 5490 i5-8350U 16 GB 960 GB SSD 14 Zoll Win11 Pro,,18743443010,"8","FIXED_PRICE","EUR",331.0,,,331.0,"0","","","Aug-25-26 05:47:22 PDT","Sep-25-26 05:47:22 PDT","PC Notebooks & Netbooks","177","","","Gebraucht","","","","","","DE","","",""
"307145461885",Dell Latitude 5490 i5-8350U 32 GB 480 GB SSD 14 Zoll Win11 Pro,,18743453524,"8","FIXED_PRICE","EUR",331.0,,,331.0,"0","","","Aug-25-26 05:47:22 PDT","Sep-25-26 05:47:22 PDT","PC Notebooks & Netbooks","177","","","Gebraucht","","","","","","DE","","",""
"307145461888",Dell Latitude 5490 i5-8350U 16 GB 256 GB SSD 14 Zoll Win11 Pro,,18743456240,"8","FIXED_PRICE","EUR",244.0,,,244.0,"0","","","Aug-25-26 05:47:22 PDT","Sep-25-26 05:47:22 PDT","PC Notebooks & Netbooks","177","","","Gebraucht","","","","","","DE","","",""
"307145461892",Dell Latitude 5490 i5-8350U 16 GB 480 GB SSD 14 Zoll Win11 Pro,,18743464240,"8","FIXED_PRICE","EUR",279.0,,,279.0,"0","","","Aug-25-26 05:47:22 PDT","Sep-25-26 05:47:22 PDT","PC Notebooks & Netbooks","177","","","Gebraucht","","","","","","DE","","",""
"307145461894",Dell Latitude 5490 i5-8350U 16 GB 960 GB SSD 14 Zoll Win11 Pro,,18743468306,"8","FIXED_PRICE","EUR",361.0,,,361.0,"0","","","Aug-25-26 05:47:22 PDT","Sep-25-26 05:47:22 PDT","PC Notebooks & Netbooks","177","","","Gebraucht","","","","","","DE","","",""
"307145461901",Dell Latitude 5490 i5-8350U 32 GB 960 GB SSD 14 Zoll Win11 Pro,,18743472876,"8","FIXED_PRICE","EUR",439.0,,,439.0,"0","","","Aug-25-26 05:47:22 PDT","Sep-25-26 05:47:22 PDT","PC Notebooks & Netbooks","177","","","Gebraucht","","","","","","DE","","",""
"307145461902","HP Probook 450 G5 i5-7200U 8 GB 256 GB SSD 15,6 Zoll Win11 Pro",,18832430548,"0","FIXED_PRICE","EUR",170.0,,,170.0,"0","0","0","Aug-25-26 05:47:22 PDT","Sep-25-26 05:47:22 PDT","PC Notebooks & Netbooks","177","","","Gebraucht","","","","","","DE","","",""
"307145461903","HP Probook 450 G5 i5-7200U 8 GB 120 GB SSD 15,6 Zoll Win11 Pro",,18832409383,"0","FIXED_PRICE","EUR",160.0,,,160.0,"0","","","Aug-25-26 05:47:22 PDT","Sep-25-26 05:47:22 PDT","PC Notebooks & Netbooks","177","","","Gebraucht","","","","","","DE","","",""
"307145461908","HP Probook 450 G5 i5-7200U 16 GB 256 GB SSD 15,6 Zoll Win11 Pro",,18832433310,"0","FIXED_PRICE","EUR",217.0,,,217.0,"0","1","0","Aug-25-26 05:47:22 PDT","Sep-25-26 05:47:22 PDT","PC Notebooks & Netbooks","177","","","Gebraucht","","","","","","DE","","",""
"307145461909","HP Probook 450 G5 i5-7200U 16 GB 480 GB SSD 15,6 Zoll Win11 Pro",,18832440109,"0","FIXED_PRICE","EUR",251.0,,,251.0,"0","","","Aug-25-26 05:47:22 PDT","Sep-25-26 05:47:22 PDT","PC Notebooks & Netbooks","177","","","Gebraucht","","","","","","DE","","",""
"307145461910","HP Probook 450 G5 i5-7200U 32 GB 960 GB SSD 15,6 Zoll Win11 Pro",,18832445256,"0","FIXED_PRICE","EUR",411.0,,,411.0,"0","","","Aug-25-26 05:47:22 PDT","Sep-25-26 05:47:22 PDT","PC Notebooks & Netbooks","177","","","Gebraucht","","","","","","DE","","",""
"307145461914","HP Probook 450 G5 i5-7200U 16 GB 960 GB SSD 15,6 Zoll Win11 Pro",,18832442567,"0","FIXED_PRICE","EUR",330.0,,,330.0,"0","","","Aug-25-26 05:47:22 PDT","Sep-25-26 05:47:22 PDT","PC Notebooks & Netbooks","177","","","Gebraucht","","","","","","DE","","",""
"307145461915","HP Probook 450 G5 i5-7200U 8 GB 256 GB SSD 15,6 Zoll Win11 Pro",,18832446631,"0","FIXED_PRICE","EUR",201.0,,,201.0,"0","","","Aug-25-26 05:47:22 PDT","Sep-25-26 05:47:22 PDT","PC Notebooks & Netbooks","177","","","Gebraucht","","","","","","DE","","",""
"307145461917","HP Probook 450 G5 i5-7200U 16 GB 256 GB SSD 15,6 Zoll Win11 Pro",,18832469510,"0","FIXED_PRICE","EUR",247.0,,,247.0,"0","","","Aug-25-26 05:47:22 PDT","Sep-25-26 05:47:22 PDT","PC Notebooks & Netbooks","177","","","Gebraucht","","","","","","DE","","",""
"307145461924","HP Probook 450 G5 i5-7200U 16 GB 480 GB SSD 15,6 Zoll Win11 Pro",,18832477732,"0","FIXED_PRICE","EUR",282.0,,,282.0,"0","","","Aug-25-26 05:47:22 PDT","Sep-25-26 05:47:22 PDT","PC Notebooks & Netbooks","177","","","Gebraucht","","","","","","DE","","",""
"307145461925","HP Probook 450 G5 i5-7200U 16 GB 960 GB SSD 15,6 Zoll Win11 Pro",,18832481990,"0","FIXED_PRICE","EUR",361.0,,,361.0,"0","","","Aug-25-26 05:47:22 PDT","Sep-25-26 05:47:22 PDT","PC Notebooks & Netbooks","177","","","Gebraucht","","","","","","DE","","",""
"307145461929","HP Probook 450 G5 i5-7200U 32 GB 960 GB SSD 15,6 Zoll Win11 Pro",,18832483694,"0","FIXED_PRICE","EUR",442.0,,,442.0,"0","","","Aug-25-26 05:47:22 PDT","Sep-25-26 05:47:22 PDT","PC Notebooks & Netbooks","177","","","Gebraucht","","","","","","DE","","",""
"307145461933","HP Probook 450 G5 i5-8250U 8 GB 256 GB SSD 15,6 Zoll Win11 Pro",,18832492250,"8","FIXED_PRICE","EUR",183.0,,,183.0,"0","","","Aug-25-26 05:47:23 PDT","Sep-25-26 05:47:23 PDT","PC Notebooks & Netbooks","177","","","Gebraucht","","","","","","DE","","",""
"307145461936","HP Probook 450 G5 i5-8250U 8 GB 120 GB SSD 15,6 Zoll Win11 Pro",,18832498007,"8","FIXED_PRICE","EUR",175.0,,,175.0,"0","","","Aug-25-26 05:47:23 PDT","Sep-25-26 05:47:23 PDT","PC Notebooks & Netbooks","177","","","Gebraucht","","","","","","DE","","",""
"307145461937",Dell Latitude 5490 i5-8350U 32 GB 480 GB SSD 14 Zoll Win11 Pro,,18743474134,"8","FIXED_PRICE","EUR",361.0,,,361.0,"0","","","Aug-25-26 05:47:23 PDT","Sep-25-26 05:47:23 PDT","PC Notebooks & Netbooks","177","","","Gebraucht","","","","","","DE","","",""
"307145461940","HP Probook 450 G5 i5-8250U 16 GB 256 GB SSD 15,6 Zoll Win11 Pro",,18832506568,"8","FIXED_PRICE","EUR",229.0,,,229.0,"0","","","Aug-25-26 05:47:23 PDT","Sep-25-26 05:47:23 PDT","PC Notebooks & Netbooks","177","","","Gebraucht","","","","","","DE","","",""
"307145461947","HP Probook 450 G5 i5-8250U 16 GB 480 GB SSD 15,6 Zoll Win11 Pro",,18832515319,"8","FIXED_PRICE","EUR",261.0,,,261.0,"0","","","Aug-25-26 05:47:23 PDT","Sep-25-26 05:47:23 PDT","PC Notebooks & Netbooks","177","","","Gebraucht","","","","","","DE","","",""
"307145461948","HP Probook 450 G5 i5-8250U 16 GB 960 GB SSD 15,6 Zoll Win11 Pro",,18832517309,"8","FIXED_PRICE","EUR",343.0,,,343.0,"0","","","Aug-25-26 05:47:23 PDT","Sep-25-26 05:47:23 PDT","PC Notebooks & Netbooks","177","","","Gebraucht","","","","","","DE","","",""
"307145461949","HP Probook 450 G5 i5-8250U 32 GB 960 GB SSD 15,6 Zoll Win11 Pro",,18832519107,"8","FIXED_PRICE","EUR",421.0,,,421.0,"0","","","Aug-25-26 05:47:23 PDT","Sep-25-26 05:47:23 PDT","PC Notebooks & Netbooks","177","","","Gebraucht","","","","","","DE","","",""
"307145461957","HP Probook 450 G5 i5-8250U 8 GB 256 GB SSD 15,6 Zoll Win11 Pro",,18832522726,"8","FIXED_PRICE","EUR",215.0,,,215.0,"0","","","Aug-25-26 05:47:23 PDT","Sep-25-26 05:47:23 PDT","PC Notebooks & Netbooks","177","","","Gebraucht","","","","","","DE","","",""
"307145461962","HP Probook 450 G5 i5-8250U 16 GB 256 GB SSD 15,6 Zoll Win11 Pro",,18832530837,"8","FIXED_PRICE","EUR",261.0,,,261.0,"0","","","Aug-25-26 05:47:23 PDT","Sep-25-26 05:47:23 PDT","PC Notebooks & Netbooks","177","","","Gebraucht","","","","","","DE","","",""
"307145461966","HP Probook 450 G5 i5-8250U 16 GB 960 GB SSD 15,6 Zoll Win11 Pro",,18832544891,"8","FIXED_PRICE","EUR",377.0,,,377.0,"0","","","Aug-25-26 05:47:23 PDT","Sep-25-26 05:47:23 PDT","PC Notebooks & Netbooks","177","","","Gebraucht","","","","","","DE","","",""
"307145461968","HP Probook 450 G5 i5-8250U 16 GB 480 GB SSD 15,6 Zoll Win11 Pro",,18832533499,"8","FIXED_PRICE","EUR",295.0,,,295.0,"0","","","Aug-25-26 05:47:23 PDT","Sep-25-26 05:47:23 PDT","PC Notebooks & Netbooks","177","","","Gebraucht","","","","","","DE","","",""
"307145461973","HP Probook 450 G5 i5-8250U 32 GB 960 GB SSD 15,6 Zoll Win11 Pro",,18832552122,"8","FIXED_PRICE","EUR",456.0,,,456.0,"0","","","Aug-25-26 05:47:23 PDT","Sep-25-26 05:47:23 PDT","PC Notebooks & Netbooks","177","","","Gebraucht","","","","","","DE","","",""
"307145461982","Dell Latitude 3310 i3-8145U 8 GB 128 GB SSD 13,3 Zoll Win10 Pro",,18838842913,"8","FIXED_PRICE","EUR",148.0,,,148.0,"0","","","Aug-25-26 05:47:23 PDT","Sep-25-26 05:47:23 PDT","PC Notebooks & Netbooks","177","","","Gebraucht","","","","","","DE","","",""
"307145461984","Dell Latitude 3310 i3-8145U 8 GB 480 GB SSD 13,3 Zoll Win11 Pro",,18838859455,"8","FIXED_PRICE","EUR",194.0,,,194.0,"0","","","Aug-25-26 05:47:23 PDT","Sep-25-26 05:47:23 PDT","PC Notebooks & Netbooks","177","","","Gebraucht","","","","","","DE","","",""
"307145461986","Dell Latitude 3310 i3-8145U 8 GB 240 GB SSD 13,3 Zoll Win11 Pro",,18838856635,"8","FIXED_PRICE","EUR",160.0,,,160.0,"0","","","Aug-25-26 05:47:23 PDT","Sep-25-26 05:47:23 PDT","PC Notebooks & Netbooks","177","","","Gebraucht","","","","","","DE","","",""
"307145461987","Dell Latitude 3310 i3-8145U 8 GB 960 GB SSD 13,3 Zoll Win11 Pro",,18838870897,"8","FIXED_PRICE","EUR",272.0,,,272.0,"0","","","Aug-25-26 05:47:23 PDT","Sep-25-26 05:47:23 PDT","PC Notebooks & Netbooks","177","","","Gebraucht","","","","","","DE","","",""
"307145461996",Dell Latitude 7480 i5-6300U 8 GB 256 GB SSD 14 Zoll Win11 Pro,,18870844989,"8","FIXED_PRICE","EUR",160.0,,,160.0,"1","0","0","Aug-25-26 05:47:23 PDT","Sep-25-26 05:47:23 PDT","PC Notebooks & Netbooks","177","","","Gebraucht","","","","","","DE","","",""
"307145462005",Dell Latitude 7480 i5-6300U 16 GB 480 GB SSD 14 Zoll Win11 Pro,,18870871374,"8","FIXED_PRICE","EUR",215.0,,,215.0,"0","","","Aug-25-26 05:47:23 PDT","Sep-25-26 05:47:23 PDT","PC Notebooks & Netbooks","177","","","Gebraucht","","","","","","DE","","",""
"307145462012",Dell Latitude 7480 i5-6300U 32 GB 960 GB SSD 14 Zoll Win11 Pro,,18870872259,"8","FIXED_PRICE","EUR",377.0,,,377.0,"0","","","Aug-25-26 05:47:23 PDT","Sep-25-26 05:47:23 PDT","PC Notebooks & Netbooks","177","","","Gebraucht","","","","","","DE","","",""
"307145462017",Dell Latitude 7480 i5-6300U 16 GB 256 GB SSD 14 Zoll Win11 Pro,,18870874623,"8","FIXED_PRICE","EUR",206.0,,,206.0,"0","","","Aug-25-26 05:47:23 PDT","Sep-25-26 05:47:23 PDT","PC Notebooks & Netbooks","177","","","Gebraucht","","","","","","DE","","",""
"307145462018",Dell Latitude 7480 i5-6300U 16 GB 480 GB SSD 14 Zoll Win11 Pro,,18870877475,"8","FIXED_PRICE","EUR",238.0,,,238.0,"0","","","Aug-25-26 05:47:23 PDT","Sep-25-26 05:47:23 PDT","PC Notebooks & Netbooks","177","","","Gebraucht","","","","","","DE","","",""
"307145462019",Dell Latitude 7480 i5-6300U 32 GB 960 GB SSD 14 Zoll Win11 Pro,,18870879715,"8","FIXED_PRICE","EUR",398.0,,,398.0,"0","","","Aug-25-26 05:47:23 PDT","Sep-25-26 05:47:23 PDT","PC Notebooks & Netbooks","177","","","Gebraucht","","","","","","DE","","",""
"307145462032","Dell Latitude 5520 i5-1135G7 16 GB 256 GB SSD 15,6 Zoll Win11 Pro",,3864_20260126082111,"8","FIXED_PRICE","EUR",366.0,,,366.0,"0","","","Aug-25-26 05:47:23 PDT","Sep-25-26 05:47:23 PDT","PC Notebooks & Netbooks","177","","","Gebraucht","","","","","","DE","","",""
"307145462039",HP EliteBook 745 G5 Ryzen 7 PRO 2700U 32 GB 960 GB SSD 14 Zoll Win11 Pro,,18059528269,"8","FIXED_PRICE","EUR",398.0,,,398.0,"0","","","Aug-25-26 05:47:23 PDT","Sep-25-26 05:47:23 PDT","PC Notebooks & Netbooks","177","","","Gebraucht","","","","","","DE","","",""
"307145462043","Lenovo Thinkpad E15 Gen 2 i5 11gen i5-1135G7 16 GB 256 GB SSD 15,6 Zoll Win11",,18560303265,"8","FIXED_PRICE","EUR",343.0,,,343.0,"0","","","Aug-25-26 05:47:24 PDT","Sep-25-26 05:47:24 PDT","PC Notebooks & Netbooks","177","","","Gebraucht","","","","","","DE","","",""
"307145462049",HP ProBook 440 G7 i5-10210U 16 GB 256 GB SSD 14 Zoll Win11 Pro,,6104,"0","FIXED_PRICE","EUR",253.0,,,253.0,"0","","","Aug-25-26 05:47:24 PDT","Sep-25-26 05:47:24 PDT","PC Notebooks & Netbooks","177","","","Gebraucht","","","","","","DE","","",""
"307145462050","Apple Apple MacBook Pro A1707 2017r. i7-7700HQ 16 GB 256 GB SSD 15,4 Zoll macOS",,6200,"8","FIXED_PRICE","EUR",318.0,,,318.0,"0","3","0","Aug-25-26 05:47:24 PDT","Sep-25-26 05:47:24 PDT","Apple Notebooks","111422","","","Gebraucht","","","","","","DE","","",""
"307145462056",Dell Latitude 5400 i5-8350U 8 GB 256 GB SSD 14 Zoll Win11 Pro,,5101_20251128133443,"0","FIXED_PRICE","EUR",183.0,,,183.0,"0","","","Aug-25-26 05:47:24 PDT","Sep-25-26 05:47:24 PDT","PC Notebooks & Netbooks","177","","","Gebraucht","","","","","","DE","","",""
"307145462059",Dell Latitude 5490 i5-8350U 8 GB 256 GB SSD 14 Zoll Win11 Pro,,18743335008,"8","FIXED_PRICE","EUR",171.0,,,171.0,"0","","","Aug-25-26 05:47:24 PDT","Sep-25-26 05:47:24 PDT","PC Notebooks & Netbooks","177","","","Gebraucht","","","","","","DE","","",""
"307145462065","HP ZBook 15 G2 i7-4700MQ 32 GB 480 GB SSD 15,6 Zoll Win10 Pro",,15120755410,"8","FIXED_PRICE","EUR",311.0,,,311.0,"0","","","Aug-25-26 05:47:24 PDT","Sep-25-26 05:47:24 PDT","PC Notebooks & Netbooks","177","","","Gebraucht","","","","","","DE","","",""
"307145462073",Dell Latitude 5490 i5-8350U 32 GB 960 GB SSD 14 Zoll Win11 Pro,,18743450611,"8","FIXED_PRICE","EUR",412.0,,,412.0,"0","","","Aug-25-26 05:47:24 PDT","Sep-25-26 05:47:24 PDT","PC Notebooks & Netbooks","177","","","Gebraucht","","","","","","DE","","",""
"307145462077",Fujitsu Lifebook U748 i7-8650U 16 GB 256 GB SSD 14 Zoll Win11 Pro,,18806156581,"8","FIXED_PRICE","EUR",215.0,,,215.0,"0","","","Aug-25-26 05:47:24 PDT","Sep-25-26 05:47:24 PDT","PC Notebooks & Netbooks","177","","","Gebraucht","","","","","","DE","","",""
"307145462084",Fujitsu Lifebook U748 i7-8650U 16 GB 480 GB SSD 14 Zoll Win11 Pro,,18806195348,"8","FIXED_PRICE","EUR",250.0,,,250.0,"0","","","Aug-25-26 05:47:24 PDT","Sep-25-26 05:47:24 PDT","PC Notebooks & Netbooks","177","","","Gebraucht","","","","","","DE","","",""
"307145462095",Fujitsu Lifebook U748 i7-8650U 32 GB 480 GB SSD 14 Zoll Win11 Pro,,18806206432,"8","FIXED_PRICE","EUR",331.0,,,331.0,"0","","","Aug-25-26 05:47:24 PDT","Sep-25-26 05:47:24 PDT","PC Notebooks & Netbooks","177","","","Gebraucht","","","","","","DE","","",""
"307145462096",Fujitsu Lifebook U748 i7-8650U 16 GB 960 GB SSD 14 Zoll Win11 Pro,,18806203308,"8","FIXED_PRICE","EUR",331.0,,,331.0,"0","","","Aug-25-26 05:47:24 PDT","Sep-25-26 05:47:24 PDT","PC Notebooks & Netbooks","177","","","Gebraucht","","","","","","DE","","",""
"307145462097",HP EliteBook 745 G5 Ryzen 7 PRO 2700U 16 GB 480 GB SSD 14 Zoll Win11 Pro,,18059458236,"8","FIXED_PRICE","EUR",250.0,,,250.0,"0","","","Aug-25-26 05:47:24 PDT","Sep-25-26 05:47:24 PDT","PC Notebooks & Netbooks","177","","","Gebraucht","","","","","","DE","","",""
"307145462107",Dell Latitude 7480 i5-6300U 8 GB 256 GB SSD 14 Zoll Win11 Pro,,18851144793,"8","FIXED_PRICE","EUR",136.0,,,136.0,"0","","","Aug-25-26 05:47:24 PDT","Sep-25-26 05:47:24 PDT","PC Notebooks & Netbooks","177","","","Gebraucht","","","","","","DE","","",""
"307145462117",Fujitsu Lifebook U747 i5-6200U 8 GB 256 GB SSD 14 Zoll Win10 Pro,,4619,"0","FIXED_PRICE","EUR",136.0,,,136.0,"0","","","Aug-25-26 05:47:24 PDT","Sep-25-26 05:47:24 PDT","PC Notebooks & Netbooks","177","","","Gebraucht","","","","","","DE","","",""
"307145462134","Dell Latitude 5500 i7-8650U 8 GB 240 GB SSD 15,6 Zoll Win11 Pro",,6222_20260617121257,"8","FIXED_PRICE","EUR",238.0,,,238.0,"0","","","Aug-25-26 05:47:24 PDT","Sep-25-26 05:47:24 PDT","PC Notebooks & Netbooks","177","","","Gebraucht","","","","","","DE","","",""
"307145462135",Dell Latitude 7410 i7-10610U 16 GB 256 GB SSD 14 Zoll Win11 Pro,,10370_20251203112444,"8","FIXED_PRICE","EUR",288.0,,,288.0,"0","","","Aug-25-26 05:47:24 PDT","Sep-25-26 05:47:24 PDT","PC Notebooks & Netbooks","177","","","Gebraucht","","","","","","DE","","",""
"307145462139",Fujitsu Lifebook U748 i7-8650U 8 GB 128 GB SSD 14 Zoll Win11 Pro,,18806137811,"8","FIXED_PRICE","EUR",166.0,,,166.0,"0","","","Aug-25-26 05:47:24 PDT","Sep-25-26 05:47:24 PDT","PC Notebooks & Netbooks","177","","","Gebraucht","","","","","","DE","","",""
"307145462140",Fujitsu Lifebook U748 i7-8650U 32 GB 960 GB SSD 14 Zoll Win11 Pro,,18806210742,"8","FIXED_PRICE","EUR",412.0,,,412.0,"0","","","Aug-25-26 05:47:24 PDT","Sep-25-26 05:47:24 PDT","PC Notebooks & Netbooks","177","","","Gebraucht","","","","","","DE","","",""
"307145462142",Apple MacBook Pro A2141 2019r i9-9880H 32 GB 1000 GB SSD 16 Zoll,,16028351278,"8","FIXED_PRICE","EUR",731.0,,,731.0,"0","","","Aug-25-26 05:47:24 PDT","Sep-25-26 05:47:24 PDT","Apple Notebooks","111422","","","Gebraucht","","","","","","DE","","",""
"307145462151","Apple MacBook Pro A1707 2017r. i7-7700HQ 16 GB 256 GB SSD 15,6 Zoll",,13279889861,"8","FIXED_PRICE","EUR",389.0,,,389.0,"0","","","Aug-25-26 05:47:24 PDT","Sep-25-26 05:47:24 PDT","Apple Notebooks","111422","","","Gebraucht","","","","","","DE","","",""
"307145462153",Dell Latitude 7480 i5-6300U 16 GB 256 GB SSD 14 Zoll Win11 Pro,,18870867131,"8","FIXED_PRICE","EUR",183.0,,,183.0,"0","","","Aug-25-26 05:47:24 PDT","Sep-25-26 05:47:24 PDT","PC Notebooks & Netbooks","177","","","Gebraucht","","","","","","DE","","",""
"307145462155","Dell Latitude 5520 i5-1135G7 8 GB 256 GB SSD 15,6 Zoll Win11 Pro",,18318688491,"8","FIXED_PRICE","EUR",354.0,,,354.0,"0","","","Aug-25-26 05:47:24 PDT","Sep-25-26 05:47:24 PDT","PC Notebooks & Netbooks","177","","","Gebraucht","","","","","","DE","","",""
"307145462160","Apple MacBook Pro A1707 2017r. i7-7700HQ 16 GB 256 GB SSD 15,6 Zoll",,18770060065,"8","FIXED_PRICE","EUR",318.0,,,318.0,"0","","","Aug-25-26 05:47:24 PDT","Sep-25-26 05:47:24 PDT","Apple Notebooks","111422","","","Gebraucht","","","","","","DE","","",""
"307145462169",Dell Latitude 5410 i5-10310U 16 GB 480 GB SSD 14 Zoll Win11 Pro,,5570,"8","FIXED_PRICE","EUR",363.0,,,363.0,"0","","","Aug-25-26 05:47:24 PDT","Sep-25-26 05:47:24 PDT","PC Notebooks & Netbooks","177","","","Gebraucht","","","","","","DE","","",""
"307145462174",Dell Latitude 5400 i5-8350U 8 GB 256 GB SSD 14 Zoll Win11 Pro,,5101_20251128132431,"0","FIXED_PRICE","EUR",206.0,,,206.0,"0","","","Aug-25-26 05:47:24 PDT","Sep-25-26 05:47:24 PDT","PC Notebooks & Netbooks","177","","","Gebraucht","","","","","","DE","","",""
"307145462184",HP EliteBook 745 G5 Ryzen 7 PRO 2700U 32 GB 960 GB SSD 14 Zoll Win11 Pro,,18059414992,"8","FIXED_PRICE","EUR",421.0,,,421.0,"0","0","0","Aug-25-26 05:47:24 PDT","Sep-25-26 05:47:24 PDT","PC Notebooks & Netbooks","177","","","Gebraucht","","","","","","DE","","",""
"307145462187",HP EliteBook 745 G5 Ryzen 7 PRO 2700U 16 GB 960 GB SSD 14 Zoll Win11 Pro,,18059476982,"8","FIXED_PRICE","EUR",318.0,,,318.0,"0","","","Aug-25-26 05:47:24 PDT","Sep-25-26 05:47:24 PDT","PC Notebooks & Netbooks","177","","","Gebraucht","","","","","","DE","","",""
"307145462196","Lenovo Thinkpad E15 Gen2 i5-1135G7 16 GB 480 GB SSD 15,6 Zoll Win11 Pro",,18330880550,"8","FIXED_PRICE","EUR",377.0,,,377.0,"0","","","Aug-25-26 05:47:24 PDT","Sep-25-26 05:47:24 PDT","PC Notebooks & Netbooks","177","","","Gebraucht","","","","","","DE","","",""
"307145462203","Lenovo Thinkpad E15 Gen 2 i5 11gen i5-1135G7 32 GB 512 GB SSD 15,6 Zoll Win11",,18560306003,"8","FIXED_PRICE","EUR",490.0,,,490.0,"0","","","Aug-25-26 05:47:25 PDT","Sep-25-26 05:47:25 PDT","PC Notebooks & Netbooks","177","","","Gebraucht","","","","","","DE","","",""
"307145462210",Apple MacBook Pro A2141 2019r i9-9880H 32 GB 1000 GB SSD 16 Zoll,,18505935978,"8","FIXED_PRICE","EUR",731.0,,,731.0,"0","","","Aug-25-26 05:47:25 PDT","Sep-25-26 05:47:25 PDT","Apple Notebooks","111422","","","Gebraucht","","","","","","DE","","",""
"307145462217",Fujitsu Lifebook U749 i7-8650U 16 GB 256 GB SSD 14 Zoll Win10/11 Pro,,17292932466,"8","FIXED_PRICE","EUR",254.0,,,254.0,"0","","","Aug-25-26 05:47:25 PDT","Sep-25-26 05:47:25 PDT","PC Notebooks & Netbooks","177","","","Gebraucht","","","","","","DE","","",""
"307145462223","HP ProBook 650 G2 i5-6200U 16 GB 256 GB SSD 15,6 Zoll Win11 Pro",,18120440689,"8","FIXED_PRICE","EUR",199.0,,,199.0,"0","","","Aug-25-26 05:47:25 PDT","Sep-25-26 05:47:25 PDT","PC Notebooks & Netbooks","177","","","Gebraucht","","","","","","DE","","",""
"307145462228",HP EliteBook 745 G5 Ryzen 7 PRO 2700U 32 GB 480 GB SSD 14 Zoll Win11 Pro,,18059515528,"8","FIXED_PRICE","EUR",331.0,,,331.0,"0","","","Aug-25-26 05:47:25 PDT","Sep-25-26 05:47:25 PDT","PC Notebooks & Netbooks","177","","","Gebraucht","","","","","","DE","","",""
"307145462230",HP ProBook 440 G7 i5-10210U 32 GB 960 GB SSD 14 Zoll Win11 Pro,,18243632566,"0","FIXED_PRICE","EUR",392.0,,,392.0,"0","","","Aug-25-26 05:47:25 PDT","Sep-25-26 05:47:25 PDT","PC Notebooks & Netbooks","177","","","Gebraucht","","","","","","DE","","",""
"307145462236","Dell Latitude 5520 i5-1135G7 8 GB 256 GB SSD 15,6 Zoll Win11 Pro",,18263434784,"8","FIXED_PRICE","EUR",331.0,,,331.0,"0","","","Aug-25-26 05:47:25 PDT","Sep-25-26 05:47:25 PDT","PC Notebooks & Netbooks","177","","","Gebraucht","","","","","","DE","","",""
"307145462245","Lenovo THINKPAD X13 Yoga gen 2 i5-1135G7 16 GB 256 GB SSD 13,3 Zoll Win11 Pro",,18652572197,"0","FIXED_PRICE","EUR",299.0,,,299.0,"2","2","0","Aug-25-26 05:47:25 PDT","Sep-25-26 05:47:25 PDT","PC Notebooks & Netbooks","177","","","Gebraucht","","","","","","DE","","",""
"307145462255","Dell Latitude 5590 i5-8250U 16 GB 256 GB SSD 15,6 Zoll Win11 Pro",,4350,"0","FIXED_PRICE","EUR",421.0,,,421.0,"0","","","Aug-25-26 05:47:25 PDT","Sep-25-26 05:47:25 PDT","PC Notebooks & Netbooks","177","","","Gebraucht","","","","","","DE","","",""
"307145462256","HP Zbook 15 G3 i7-6700HQ 16 GB 256 GB SSD+HDD 15,6 Zoll Win10/11 Pro",,5858,"8","FIXED_PRICE","EUR",324.0,,,324.0,"0","","","Aug-25-26 05:47:25 PDT","Sep-25-26 05:47:25 PDT","PC Notebooks & Netbooks","177","","","Gebraucht","","","","","","DE","","",""
"307145462261",HP EliteBook 745 G5 Ryzen 7 PRO 2700U 8 GB 256 GB SSD 14 Zoll Win11 Pro,,16998898397,"8","FIXED_PRICE","EUR",194.0,,,194.0,"0","","","Aug-25-26 05:47:25 PDT","Sep-25-26 05:47:25 PDT","PC Notebooks & Netbooks","177","","","Gebraucht","","","","","","DE","","",""
"307145462265",Fujitsu Lifebook U748 i7-8650U 16 GB 480 GB SSD 14 Zoll Win10 Pro,,17293272320,"8","FIXED_PRICE","EUR",259.0,,,259.0,"0","","","Aug-25-26 05:47:25 PDT","Sep-25-26 05:47:25 PDT","PC Notebooks & Netbooks","177","","","Gebraucht","","","","","","DE","","",""
"307145462272","HP ProBook 650 G2 i5-6200U 16 GB 480 GB SSD 15,6 Zoll Win11 Pro",,18120448789,"8","FIXED_PRICE","EUR",224.0,,,224.0,"0","","","Aug-25-26 05:47:25 PDT","Sep-25-26 05:47:25 PDT","PC Notebooks & Netbooks","177","","","Gebraucht","","","","","","DE","","",""
"307145462276",HP ProBook 440 G6 i5-8265U 8 GB 120 GB SSD 14 Zoll Win11 Pro,,18176692474,"8","FIXED_PRICE","EUR",171.0,,,171.0,"0","","","Aug-25-26 05:47:25 PDT","Sep-25-26 05:47:25 PDT","PC Notebooks & Netbooks","177","","","Gebraucht","","","","","","DE","","",""
"307145462281","Lenovo Thinkpad E15 Gen 2 i5 11gen i5-1135G7 16 GB 256 GB SSD 15,6 Zoll Win11",,18560325166,"8","FIXED_PRICE","EUR",389.0,,,389.0,"0","","","Aug-25-26 05:47:25 PDT","Sep-25-26 05:47:25 PDT","PC Notebooks & Netbooks","177","","","Gebraucht","","","","","","DE","","",""
"307145462288",Dell Latitude 7480 i7-7600U 8 GB 256 GB SSD 14 Zoll Win11 Pro,,4598,"8","FIXED_PRICE","EUR",206.0,,,206.0,"0","","","Aug-25-26 05:47:25 PDT","Sep-25-26 05:47:25 PDT","PC Notebooks & Netbooks","177","","","Gebraucht","","","","","","DE","","",""
"307145462291","Lenovo ThinkPad X13 Yoga Gen2 i5-1135G7 16 GB 256 GB SSD 13,3 Zoll Win11 Pro",,17622540577_20260608110515,"0","FIXED_PRICE","EUR",299.0,,,299.0,"1","8","0","Aug-25-26 05:47:25 PDT","Sep-25-26 05:47:25 PDT","PC Notebooks & Netbooks","177","","","Gebraucht","","","","","","DE","","",""
"307145462292","Dell Latitude 5500 i5-8265U 8 GB 240 GB SSD 15,6 Zoll Win11 Pro",,6222_20260617120719,"8","FIXED_PRICE","EUR",206.0,,,206.0,"0","","","Aug-25-26 05:47:25 PDT","Sep-25-26 05:47:25 PDT","PC Notebooks & Netbooks","177","","","Gebraucht","","","","","","DE","","",""
"307145462300","Lenovo ThinkPad X13 Yoga Gen1 i7-10610U 16 GB 256 GB SSD 13,3 Zoll Win11 Pro",,17622540577_20260714122616,"8","FIXED_PRICE","EUR",272.0,,,272.0,"10","12","0","Aug-25-26 05:47:25 PDT","Sep-25-26 05:47:25 PDT","PC Notebooks & Netbooks","177","","","Gebraucht","","","","","","DE","","",""
"307145462303","Dell Latitude 5590 i5-8350U 16 GB 512 GB SSD 15,6 Zoll Win10 Pro",,17054407870,"0","FIXED_PRICE","EUR",482.0,,,482.0,"0","","","Aug-25-26 05:47:25 PDT","Sep-25-26 05:47:25 PDT","PC Notebooks & Netbooks","177","","","Gebraucht","","","","","","DE","","",""
"307145462304",HP EliteBook 745 G5 Ryzen 7 PRO 2700U 16 GB 256 GB SSD 14 Zoll Win11 Pro,,18059364495,"8","FIXED_PRICE","EUR",238.0,,,238.0,"0","","","Aug-25-26 05:47:25 PDT","Sep-25-26 05:47:25 PDT","PC Notebooks & Netbooks","177","","","Gebraucht","","","","","","DE","","",""
"307145462309",HP EliteBook 745 G5 Ryzen 7 PRO 2700U 16 GB 480 GB SSD 14 Zoll Win11 Pro,,18059371645,"8","FIXED_PRICE","EUR",272.0,,,272.0,"0","","","Aug-25-26 05:47:25 PDT","Sep-25-26 05:47:25 PDT","PC Notebooks & Netbooks","177","","","Gebraucht","","","","","","DE","","",""
"307145462317","HP ProBook 650 G2 i5-6200U 32 GB 960 GB SSD 15,6 Zoll Win11 Pro",,18120454011,"8","FIXED_PRICE","EUR",317.0,,,317.0,"0","","","Aug-25-26 05:47:25 PDT","Sep-25-26 05:47:25 PDT","PC Notebooks & Netbooks","177","","","Gebraucht","","","","","","DE","","",""
"307145462319",HP EliteBook 745 G5 Ryzen 7 PRO 2700U 16 GB 960 GB SSD 14 Zoll Win11 Pro,,18059391852,"8","FIXED_PRICE","EUR",343.0,,,343.0,"0","","","Aug-25-26 05:47:25 PDT","Sep-25-26 05:47:25 PDT","PC Notebooks & Netbooks","177","","","Gebraucht","","","","","","DE","","",""
"307145462321","HP ProBook 650 G2 i5-6200U 16 GB 480 GB SSD 15,6 Zoll Win11 Pro",,18120430141,"8","FIXED_PRICE","EUR",247.0,,,247.0,"0","","","Aug-25-26 05:47:25 PDT","Sep-25-26 05:47:25 PDT","PC Notebooks & Netbooks","177","","","Gebraucht","","","","","","DE","","",""
"307145462324","Lenovo Thinkpad E15 Gen 2 i5-1135G7 8 GB 256 GB SSD 15,6 Zoll Win11 Pro",,18330801304,"8","FIXED_PRICE","EUR",295.0,,,295.0,"0","1","0","Aug-25-26 05:47:25 PDT","Sep-25-26 05:47:25 PDT","PC Notebooks & Netbooks","177","","","Gebraucht","","","","","","DE","","",""
"307145462331","Lenovo Thinkpad E15 Gen 2 i5-1135G7 16 GB 256 GB SSD 15,6 Zoll Win11 Pro",,18330839252,"8","FIXED_PRICE","EUR",389.0,,,389.0,"0","","","Aug-25-26 05:47:25 PDT","Sep-25-26 05:47:25 PDT","PC Notebooks & Netbooks","177","","","Gebraucht","","","","","","DE","","",""
"307145462333","Lenovo Thinkpad E15 Gen2 i5-1135G7 16 GB 960 GB SSD 15,6 Zoll Win11 Pro",,18330882304,"8","FIXED_PRICE","EUR",444.0,,,444.0,"0","","","Aug-25-26 05:47:25 PDT","Sep-25-26 05:47:25 PDT","PC Notebooks & Netbooks","177","","","Gebraucht","","","","","","DE","","",""
"307145462341","Dell Latitude 5540 i5-1345U 16 GB 480 GB SSD 15,6 Zoll Win11 Pro",,18469071434,"8","FIXED_PRICE","EUR",605.0,,,605.0,"0","","","Aug-25-26 05:47:26 PDT","Sep-25-26 05:47:26 PDT","PC Notebooks & Netbooks","177","","","Gebraucht","","","","","","DE","","",""
"307145462346","HP EliteBook 830 G6 i5-8365U 8 GB 256 GB SSD 13,3 Zoll Win11 Pro",,3808,"8","FIXED_PRICE","EUR",177.0,,,177.0,"0","0","0","Aug-25-26 05:47:26 PDT","Sep-25-26 05:47:26 PDT","PC Notebooks & Netbooks","177","","","Gebraucht","","","","","","DE","","",""
"307145462353","Dell Latitude 5540 i5-1345U 16 GB 256 GB SSD 15,6 Zoll Win11 Pro",,4870_20260403113150,"8","FIXED_PRICE","EUR",524.0,,,524.0,"0","","","Aug-25-26 05:47:26 PDT","Sep-25-26 05:47:26 PDT","PC Notebooks & Netbooks","177","","","Gebraucht","","","","","","DE","","",""
"307145462358","HP EliteBook 830 G6 i5-8365U 8 GB 256 GB SSD 13,3 Zoll Win11 Pro",,3808_20260612131225,"8","FIXED_PRICE","EUR",198.0,,,198.0,"0","","","Aug-25-26 05:47:26 PDT","Sep-25-26 05:47:26 PDT","PC Notebooks & Netbooks","177","","","Gebraucht","","","","","","DE","","",""
"307145462362","Dell Latitude 5500 i7-8650U 8 GB 240 GB SSD 15,6 Zoll Win11 Pro",,6222_20260617122910,"8","FIXED_PRICE","EUR",295.0,,,295.0,"0","","","Aug-25-26 05:47:26 PDT","Sep-25-26 05:47:26 PDT","PC Notebooks & Netbooks","177","","","Gebraucht","","","","","","DE","","",""
"307145462366","Lenovo ThinkPad X13 Yoga Gen1 i7-10610U 16 GB 256 GB SSD 13,3 Zoll Win11 Pro",,17622540577_20260714122104,"8","FIXED_PRICE","EUR",308.0,,,308.0,"4","2","0","Aug-25-26 05:47:26 PDT","Sep-25-26 05:47:26 PDT","PC Notebooks & Netbooks","177","","","Gebraucht","","","","","","DE","","",""
"307145462369",HP HP ProBook 640 G2 i5-6200U 8 GB 240 GB SSD 14 Zoll Win10 Pro,,11469486968,"0","FIXED_PRICE","EUR",160.0,,,160.0,"0","","","Aug-25-26 05:47:26 PDT","Sep-25-26 05:47:26 PDT","PC Notebooks & Netbooks","177","","","Gebraucht","","","","","","DE","","",""
"307145462376","HP EliteBook 830 G6 i5-8365U 8 GB 480 GB SSD 13,3 Zoll Win10 Pro",,15844762527,"8","FIXED_PRICE","EUR",212.0,,,212.0,"0","","","Aug-25-26 05:47:26 PDT","Sep-25-26 05:47:26 PDT","PC Notebooks & Netbooks","177","","","Gebraucht","","","","","","DE","","",""
"307145462379","HP EliteBook 830 G6 i5-8365U 16 GB 480 GB SSD 13,3 Zoll Win10 Pro",,16334585040,"8","FIXED_PRICE","EUR",256.0,,,256.0,"0","","","Aug-25-26 05:47:26 PDT","Sep-25-26 05:47:26 PDT","PC Notebooks & Netbooks","177","","","Gebraucht","","","","","","DE","","",""
"307145462382","HP EliteBook 830 G6 i5-8365U 16 GB 960 GB SSD 13,3 Zoll Win10 Pro",,16334665305,"8","FIXED_PRICE","EUR",337.0,,,337.0,"0","","","Aug-25-26 05:47:26 PDT","Sep-25-26 05:47:26 PDT","PC Notebooks & Netbooks","177","","","Gebraucht","","","","","","DE","","",""
"307145462386","Dell Latitude 5590 CZERWONY ODNOWIONY i5-8350U 16 GB 512 GB SSD 15,6 Zoll Win10",,17052290751,"0","FIXED_PRICE","EUR",482.0,,,482.0,"0","","","Aug-25-26 05:47:26 PDT","Sep-25-26 05:47:26 PDT","PC Notebooks & Netbooks","177","","","Gebraucht","","","","","","DE","","",""
"307145462388",Fujitsu Lifebook U748 i7-8650U 32 GB 480 GB SSD 14 Zoll Win10 Pro,,17293292818,"8","FIXED_PRICE","EUR",310.0,,,310.0,"0","","","Aug-25-26 05:47:26 PDT","Sep-25-26 05:47:26 PDT","PC Notebooks & Netbooks","177","","","Gebraucht","","","","","","DE","","",""
"307145462392","Dell Latitude 5590 i5-8350U 16 GB 512 GB SSD 15,6 Zoll Win10 Pro",,17054392800,"0","FIXED_PRICE","EUR",482.0,,,482.0,"0","","","Aug-25-26 05:47:26 PDT","Sep-25-26 05:47:26 PDT","PC Notebooks & Netbooks","177","","","Gebraucht","","","","","","DE","","",""
"307145462394",Fujitsu Lifebook U748 i7-8650U 32 GB 960 GB SSD 14 Zoll Win10 Pro,,17293297131,"8","FIXED_PRICE","EUR",340.0,,,340.0,"0","","","Aug-25-26 05:47:26 PDT","Sep-25-26 05:47:26 PDT","PC Notebooks & Netbooks","177","","","Gebraucht","","","","","","DE","","",""
"307145462399",HP EliteBook 745 G5 Ryzen 7 PRO 2700U 32 GB 480 GB SSD 14 Zoll Win11 Pro,,18059412316,"8","FIXED_PRICE","EUR",354.0,,,354.0,"0","","","Aug-25-26 05:47:26 PDT","Sep-25-26 05:47:26 PDT","PC Notebooks & Netbooks","177","","","Gebraucht","","","","","","DE","","",""
"307145462401",HP EliteBook 745 G5 Ryzen 7 PRO 2700U 32 GB 256 GB SSD 14 Zoll Win11 Pro,,18059406536,"8","FIXED_PRICE","EUR",318.0,,,318.0,"0","0","0","Aug-25-26 05:47:26 PDT","Sep-25-26 05:47:26 PDT","PC Notebooks & Netbooks","177","","","Gebraucht","","","","","","DE","","",""
"307145462404","HP ProBook 650 G2 i5-6200U 8 GB 256 GB SSD 15,6 Zoll Win11 Pro",,18118359093,"8","FIXED_PRICE","EUR",171.0,,,171.0,"0","","","Aug-25-26 05:47:26 PDT","Sep-25-26 05:47:26 PDT","PC Notebooks & Netbooks","177","","","Gebraucht","","","","","","DE","","",""
"307145462406","HP ProBook 650 G2 i5-6200U 8 GB 256 GB SSD 15,6 Zoll Win11 Pro",,18118361525,"8","FIXED_PRICE","EUR",194.0,,,194.0,"0","","","Aug-25-26 05:47:26 PDT","Sep-25-26 05:47:26 PDT","PC Notebooks & Netbooks","177","","","Gebraucht","","","","","","DE","","",""
"307145462407","HP ProBook 650 G2 i5-6200U 16 GB 256 GB SSD 15,6 Zoll Win11 Pro",,18120426114,"8","FIXED_PRICE","EUR",222.0,,,222.0,"0","","","Aug-25-26 05:47:26 PDT","Sep-25-26 05:47:26 PDT","PC Notebooks & Netbooks","177","","","Gebraucht","","","","","","DE","","",""
"307145462417","HP ProBook 650 G2 i5-6200U 16 GB 960 GB SSD 15,6 Zoll Win11 Pro",,18120432714,"8","FIXED_PRICE","EUR",288.0,,,288.0,"0","","","Aug-25-26 05:47:26 PDT","Sep-25-26 05:47:26 PDT","PC Notebooks & Netbooks","177","","","Gebraucht","","","","","","DE","","",""
"307145462420","HP ProBook 650 G2 i5-6200U 32 GB 960 GB SSD 15,6 Zoll Win11 Pro",,18120439555,"8","FIXED_PRICE","EUR",340.0,,,340.0,"0","","","Aug-25-26 05:47:26 PDT","Sep-25-26 05:47:26 PDT","PC Notebooks & Netbooks","177","","","Gebraucht","","","","","","DE","","",""
"307145462424","HP ProBook 650 G2 i5-6200U 16 GB 960 GB SSD 15,6 Zoll Win11 Pro",,18120450866,"8","FIXED_PRICE","EUR",265.0,,,265.0,"0","","","Aug-25-26 05:47:26 PDT","Sep-25-26 05:47:26 PDT","PC Notebooks & Netbooks","177","","","Gebraucht","","","","","","DE","","",""
"307145462426","HP ProBook 650 G2 i5-6200U 32 GB 480 GB SSD 15,6 Zoll Win11 Pro",,18120438301,"8","FIXED_PRICE","EUR",298.0,,,298.0,"0","","","Aug-25-26 05:47:26 PDT","Sep-25-26 05:47:26 PDT","PC Notebooks & Netbooks","177","","","Gebraucht","","","","","","DE","","",""
"307145462431",HP ProBook 440 G7 i5-10210U 16 GB 960 GB SSD 14 Zoll Win11 Pro,,18243629205,"0","FIXED_PRICE","EUR",322.0,,,322.0,"0","","","Aug-25-26 05:47:26 PDT","Sep-25-26 05:47:26 PDT","PC Notebooks & Netbooks","177","","","Gebraucht","","","","","","DE","","",""
"307145462436",HP ProBook 470 G7 i5-10210U 16 GB 256 GB SSD 14 Zoll Win11 Pro,,18225217786,"0","FIXED_PRICE","EUR",253.0,,,253.0,"0","","","Aug-25-26 05:47:26 PDT","Sep-25-26 05:47:26 PDT","PC Notebooks & Netbooks","177","","","Gebraucht","","","","","","DE","","",""
"307145462443","Lenovo Thinkpad E15 Gen 2 i5-1135G7 8 GB 256 GB SSD 15,6 Zoll Win11 Pro",,18330792191,"8","FIXED_PRICE","EUR",343.0,,,343.0,"0","","","Aug-25-26 05:47:26 PDT","Sep-25-26 05:47:26 PDT","PC Notebooks & Netbooks","177","","","Gebraucht","","","","","","DE","","",""
"307145462446",HP ProBook 440 G7 i5-10210U 16 GB 480 GB SSD 14 Zoll Win11 Pro,,18243620612,"0","FIXED_PRICE","EUR",287.0,,,287.0,"0","","","Aug-25-26 05:47:26 PDT","Sep-25-26 05:47:26 PDT","PC Notebooks & Netbooks","177","","","Gebraucht","","","","","","DE","","",""
"307145462452","Lenovo Thinkpad E15 Gen 2 i5-1135G7 16 GB 960 GB SSD 15,6 Zoll Win11 Pro",,18330862440,"8","FIXED_PRICE","EUR",490.0,,,490.0,"0","","","Aug-25-26 05:47:26 PDT","Sep-25-26 05:47:26 PDT","PC Notebooks & Netbooks","177","","","Gebraucht","","","","","","DE","","",""
"307145462454","Lenovo Thinkpad E15 Gen 2 i5-1135G7 16 GB 480 GB SSD 15,6 Zoll Win11 Pro",,18330849122,"8","FIXED_PRICE","EUR",421.0,,,421.0,"0","","","Aug-25-26 05:47:26 PDT","Sep-25-26 05:47:26 PDT","PC Notebooks & Netbooks","177","","","Gebraucht","","","","","","DE","","",""
"307145462458","Lenovo Thinkpad E15 Gen2 i5-1135G7 16 GB 256 GB SSD 15,6 Zoll Win11 Pro",,18330864995,"8","FIXED_PRICE","EUR",343.0,,,343.0,"0","","","Aug-25-26 05:47:26 PDT","Sep-25-26 05:47:26 PDT","PC Notebooks & Netbooks","177","","","Gebraucht","","","","","","DE","","",""
"307145462467","HP Zbook 15 G3 i7-6700HQ 8 GB 256 GB SSD 15,6 Zoll Win10 Pro",,18372353074,"8","FIXED_PRICE","EUR",194.0,,,194.0,"0","","","Aug-25-26 05:47:26 PDT","Sep-25-26 05:47:26 PDT","PC Notebooks & Netbooks","177","","","Gebraucht","","","","","","DE","","",""
"307145462472","HP Zbook 15 G3 i7-6700HQ 16 GB 256 GB SSD 15,6 Zoll Win10 Pro",,18372375961,"8","FIXED_PRICE","EUR",232.0,,,232.0,"0","","","Aug-25-26 05:47:27 PDT","Sep-25-26 05:47:27 PDT","PC Notebooks & Netbooks","177","","","Gebraucht","","","","","","DE","","",""
"307145462473","Dell Latitude 5590 256GB i5-8350U 16 GB 256 GB SSD 15,6 Zoll Win10 Pro",,18399412599,"0","FIXED_PRICE","EUR",424.0,,,424.0,"0","","","Aug-25-26 05:47:27 PDT","Sep-25-26 05:47:27 PDT","PC Notebooks & Netbooks","177","","","Gebraucht","","","","","","DE","","",""
"307145462476","Dell Latitude 5540 i5-1345U 16 GB 256 GB SSD 15,6 Zoll Win11 Pro",,18425151071,"8","FIXED_PRICE","EUR",570.0,,,570.0,"0","","","Aug-25-26 05:47:27 PDT","Sep-25-26 05:47:27 PDT","PC Notebooks & Netbooks","177","","","Gebraucht","","","","","","DE","","",""
"307145462480","Dell Latitude 5540 i5-1345U 16 GB 256 GB SSD 15,6 Zoll Win11 Pro",,18425192343,"8","FIXED_PRICE","EUR",524.0,,,524.0,"0","","","Aug-25-26 05:47:27 PDT","Sep-25-26 05:47:27 PDT","PC Notebooks & Netbooks","177","","","Gebraucht","","","","","","DE","","",""
"307145462487","Dell Latitude 5540 i5-1345U 16 GB 960 GB SSD 15,6 Zoll Win11 Pro",,18469076691,"8","FIXED_PRICE","EUR",685.0,,,685.0,"0","","","Aug-25-26 05:47:27 PDT","Sep-25-26 05:47:27 PDT","PC Notebooks & Netbooks","177","","","Gebraucht","","","","","","DE","","",""
"307145462488","Dell Latitude 5540 i5-1345U 32 GB 480 GB SSD 15,6 Zoll Win11 Pro",,18469091128,"8","FIXED_PRICE","EUR",696.0,,,696.0,"0","","","Aug-25-26 05:47:27 PDT","Sep-25-26 05:47:27 PDT","PC Notebooks & Netbooks","177","","","Gebraucht","","","","","","DE","","",""
"307145462489","Dell Latitude 5540 i5-1345U 32 GB 960 GB SSD 15,6 Zoll Win11 Pro",,18469079040,"8","FIXED_PRICE","EUR",777.0,,,777.0,"0","","","Aug-25-26 05:47:27 PDT","Sep-25-26 05:47:27 PDT","PC Notebooks & Netbooks","177","","","Gebraucht","","","","","","DE","","",""
"307145462493","Dell Latitude 5540 i5-1345U 16 GB 480 GB SSD 15,6 Zoll Win11 Pro",,18469100008,"8","FIXED_PRICE","EUR",559.0,,,559.0,"0","","","Aug-25-26 05:47:27 PDT","Sep-25-26 05:47:27 PDT","PC Notebooks & Netbooks","177","","","Gebraucht","","","","","","DE","","",""
"307145462494","Dell Latitude 5540 i5-1345U 16 GB 960 GB SSD 15,6 Zoll Win11 Pro",,18469115653,"8","FIXED_PRICE","EUR",639.0,,,639.0,"0","","","Aug-25-26 05:47:27 PDT","Sep-25-26 05:47:27 PDT","PC Notebooks & Netbooks","177","","","Gebraucht","","","","","","DE","","",""
"307145462498","Dell Latitude 5540 i5-1345U 32 GB 960 GB SSD 15,6 Zoll Win11 Pro",,18469122314,"8","FIXED_PRICE","EUR",731.0,,,731.0,"0","","","Aug-25-26 05:47:27 PDT","Sep-25-26 05:47:27 PDT","PC Notebooks & Netbooks","177","","","Gebraucht","","","","","","DE","","",""
"307145462503","Dell Latitude 5540 i5-1345U 32 GB 480 GB SSD 15,6 Zoll Win11 Pro",,18469139191,"8","FIXED_PRICE","EUR",653.0,,,653.0,"0","","","Aug-25-26 05:47:27 PDT","Sep-25-26 05:47:27 PDT","PC Notebooks & Netbooks","177","","","Gebraucht","","","","","","DE","","",""
"307145462504","Dell Latitude 5540 i5-1345U 16 GB 480 GB SSD 15,6 Zoll Win11 Pro",,18496275139,"8","FIXED_PRICE","EUR",559.0,,,559.0,"0","","","Aug-25-26 05:47:27 PDT","Sep-25-26 05:47:27 PDT","PC Notebooks & Netbooks","177","","","Gebraucht","","","","","","DE","","",""
"307145462507","Lenovo Thinkpad E15 Gen 2 i5 11gen i5-1135G7 32 GB 2000 GB SSD 15,6 Zoll Win11",,18560308574,"8","FIXED_PRICE","EUR",653.0,,,653.0,"0","","","Aug-25-26 05:47:27 PDT","Sep-25-26 05:47:27 PDT","PC Notebooks & Netbooks","177","","","Gebraucht","","","","","","DE","","",""
"307145462508","Fujitsu Lifebook E756 i5-6200U 8 GB 120 GB SSD 15,6 Zoll Win10 Pro",,18663150120,"8","FIXED_PRICE","EUR",149.0,,,149.0,"0","","","Aug-25-26 05:47:27 PDT","Sep-25-26 05:47:27 PDT","PC Notebooks & Netbooks","177","","","Gebraucht","","","","","","DE","","",""
"307145462509","Microsoft Surface 3 i5-1035G7 8 GB 256 GB SSD 13,5 Zoll Win11 Home",,18561047790,"8","FIXED_PRICE","EUR",366.0,,,366.0,"0","","","Aug-25-26 05:47:27 PDT","Sep-25-26 05:47:27 PDT","PC Notebooks & Netbooks","177","","","Gebraucht","","","","","","DE","","",""
"307145462510","Fujitsu Lifebook E756 i5-6200U 8 GB 240 GB SSD 15,6 Zoll Win11 Pro",,18663162788,"8","FIXED_PRICE","EUR",161.0,,,161.0,"0","","","Aug-25-26 05:47:27 PDT","Sep-25-26 05:47:27 PDT","PC Notebooks & Netbooks","177","","","Gebraucht","","","","","","DE","","",""
"307145462512","Fujitsu Lifebook E756 i5-6200U 16 GB 240 GB SSD 15,6 Zoll Win11 Pro",,18663176295,"8","FIXED_PRICE","EUR",205.0,,,205.0,"0","","","Aug-25-26 05:47:27 PDT","Sep-25-26 05:47:27 PDT","PC Notebooks & Netbooks","177","","","Gebraucht","","","","","","DE","","",""
"307145462515","Fujitsu Lifebook E756 i5-6200U 16 GB 480 GB SSD 15,6 Zoll Win11 Pro",,18663188240,"8","FIXED_PRICE","EUR",239.0,,,239.0,"0","","","Aug-25-26 05:47:27 PDT","Sep-25-26 05:47:27 PDT","PC Notebooks & Netbooks","177","","","Gebraucht","","","","","","DE","","",""
"307145462518","HP EliteBook 830 G6 i5-8365U 8 GB 256 GB SSD 13,3 Zoll Win11 Pro",,18663317396,"8","FIXED_PRICE","EUR",177.0,,,177.0,"0","","","Aug-25-26 05:47:27 PDT","Sep-25-26 05:47:27 PDT","PC Notebooks & Netbooks","177","","","Gebraucht","","","","","","DE","","",""
"307145462519","Fujitsu Lifebook E756 i5-6200U 16 GB 960 GB SSD 15,6 Zoll Win11 Pro",,18663193072,"8","FIXED_PRICE","EUR",321.0,,,321.0,"0","","","Aug-25-26 05:47:27 PDT","Sep-25-26 05:47:27 PDT","PC Notebooks & Netbooks","177","","","Gebraucht","","","","","","DE","","",""
"307145462525","HP EliteBook 830 G6 i5-8365U 16 GB 256 GB SSD 13,3 Zoll Win11 Pro",,18663334138,"8","FIXED_PRICE","EUR",221.0,,,221.0,"0","","","Aug-25-26 05:47:27 PDT","Sep-25-26 05:47:27 PDT","PC Notebooks & Netbooks","177","","","Gebraucht","","","","","","DE","","",""
"307145462529","HP EliteBook 830 G6 i5-8365U 32 GB 960 GB SSD 13,3 Zoll Win11 Pro",,18663340128,"8","FIXED_PRICE","EUR",418.0,,,418.0,"0","","","Aug-25-26 05:47:27 PDT","Sep-25-26 05:47:27 PDT","PC Notebooks & Netbooks","177","","","Gebraucht","","","","","","DE","","",""
"307145462530","HP EliteBook 830 G6 i5-8365U 8 GB 256 GB SSD 13,3 Zoll Win11 Pro",,18663347149,"8","FIXED_PRICE","EUR",198.0,,,198.0,"0","","","Aug-25-26 05:47:27 PDT","Sep-25-26 05:47:27 PDT","PC Notebooks & Netbooks","177","","","Gebraucht","","","","","","DE","","",""
"307145462532","HP EliteBook 830 G6 i5-8365U 16 GB 256 GB SSD 13,3 Zoll Win11 Pro",,18663352319,"8","FIXED_PRICE","EUR",244.0,,,244.0,"0","","","Aug-25-26 05:47:27 PDT","Sep-25-26 05:47:27 PDT","PC Notebooks & Netbooks","177","","","Gebraucht","","","","","","DE","","",""
"307145462536","HP EliteBook 830 G6 i5-8365U 16 GB 480 GB SSD 13,3 Zoll Win11 Pro",,18663356137,"8","FIXED_PRICE","EUR",278.0,,,278.0,"0","","","Aug-25-26 05:47:27 PDT","Sep-25-26 05:47:27 PDT","PC Notebooks & Netbooks","177","","","Gebraucht","","","","","","DE","","",""
"307145462539","HP EliteBook 830 G6 i5-8365U 16 GB 960 GB SSD 13,3 Zoll Win11 Pro",,18663357725,"8","FIXED_PRICE","EUR",360.0,,,360.0,"0","","","Aug-25-26 05:47:27 PDT","Sep-25-26 05:47:27 PDT","PC Notebooks & Netbooks","177","","","Gebraucht","","","","","","DE","","",""
"307145462542","HP EliteBook 830 G6 i5-8365U 32 GB 960 GB SSD 13,3 Zoll Win11 Pro",,18663360119,"8","FIXED_PRICE","EUR",441.0,,,441.0,"0","","","Aug-25-26 05:47:27 PDT","Sep-25-26 05:47:27 PDT","PC Notebooks & Netbooks","177","","","Gebraucht","","","","","","DE","","",""
"307145462543","Lenovo ThinkPad X13 Yoga Gen 1 i7-10610U 16 GB 256 GB SSD 13,3 Zoll Win11 Pro",,18760629186,"8","FIXED_PRICE","EUR",272.0,,,272.0,"0","0","0","Aug-25-26 05:47:27 PDT","Sep-25-26 05:47:27 PDT","PC Notebooks & Netbooks","177","","","Gebraucht","","","","","","DE","","",""
"307145462548","Lenovo ThinkPad X13 Yoga Gen 1 i7-10610U 16 GB 256 GB SSD 13,3 Zoll Win11 Pro",,18760641996,"8","FIXED_PRICE","EUR",308.0,,,308.0,"0","","","Aug-25-26 05:47:27 PDT","Sep-25-26 05:47:27 PDT","PC Notebooks & Netbooks","177","","","Gebraucht","","","","","","DE","","",""
"307145462550","Lenovo ThinkPad X13 Yoga Gen 1 i7-10610U 16 GB 480 GB SSD 13,3 Zoll Win11 Pro",,18760649955,"8","FIXED_PRICE","EUR",308.0,,,308.0,"0","","","Aug-25-26 05:47:27 PDT","Sep-25-26 05:47:27 PDT","PC Notebooks & Netbooks","177","","","Gebraucht","","","","","","DE","","",""
"307145462552","Lenovo ThinkPad X13 Yoga Gen 1 i7-10610U 16 GB 960 GB SSD 13,3 Zoll Win11 Pro",,18760657323,"8","FIXED_PRICE","EUR",389.0,,,389.0,"0","","","Aug-25-26 05:47:27 PDT","Sep-25-26 05:47:27 PDT","PC Notebooks & Netbooks","177","","","Gebraucht","","","","","","DE","","",""
"307145462554","Lenovo ThinkPad X13 Yoga Gen 1 i7-10610U 16 GB 480 GB SSD 13,3 Zoll Win11 Pro",,18760659366,"8","FIXED_PRICE","EUR",343.0,,,343.0,"0","","","Aug-25-26 05:47:27 PDT","Sep-25-26 05:47:27 PDT","PC Notebooks & Netbooks","177","","","Gebraucht","","","","","","DE","","",""
"307145462556","Lenovo ThinkPad X13 Yoga Gen 1 i7-10610U 16 GB 960 GB SSD 13,3 Zoll Win11 Pro",,18760661982,"8","FIXED_PRICE","EUR",421.0,,,421.0,"0","","","Aug-25-26 05:47:27 PDT","Sep-25-26 05:47:27 PDT","PC Notebooks & Netbooks","177","","","Gebraucht","","","","","","DE","","",""
"307145462558","Dell Latitude 5580 i5-7200U 16 GB 480 GB SSD 15,6 Zoll Win10 Pro",,4434,"8","FIXED_PRICE","EUR",317.0,,,317.0,"0","","","Aug-25-26 05:47:27 PDT","Sep-25-26 05:47:27 PDT","PC Notebooks & Netbooks","177","","","Gebraucht","","","","","","DE","","",""
"307145462560","HP Zbook 15 G3 i7-6700HQ 16 GB 756 GB SSD+HDD 15,6 Zoll Win10 Pro",,14512080799,"8","FIXED_PRICE","EUR",254.0,,,254.0,"0","","","Aug-25-26 05:47:27 PDT","Sep-25-26 05:47:27 PDT","PC Notebooks & Netbooks","177","","","Gebraucht","","","","","","DE","","",""
"307145462562","Apple Apple MacBook Pro A1990 2019r. i9-9880H 32 GB 512 GB SSD 15,6 Zoll",,18062237706,"0","FIXED_PRICE","EUR",479.0,,,479.0,"0","0","0","Aug-25-26 05:47:28 PDT","Sep-25-26 05:47:28 PDT","Apple Notebooks","111422","","","Gebraucht","","","","","","DE","","",""
"307145462564",Fujitsu Lifebook U747 i5-6200U 8 GB 256 GB SSD 14 Zoll Win10 Pro,,4532,"0","FIXED_PRICE","EUR",160.0,,,160.0,"0","","","Aug-25-26 05:47:28 PDT","Sep-25-26 05:47:28 PDT","PC Notebooks & Netbooks","177","","","Gebraucht","","","","","","DE","","",""
"307145462568","Dell Latitude 5590 i5-8250U 16 GB 256 GB SSD 15,6 Zoll Win11 Pro",,4794,"0","FIXED_PRICE","EUR",244.0,,,244.0,"0","","","Aug-25-26 05:47:28 PDT","Sep-25-26 05:47:28 PDT","PC Notebooks & Netbooks","177","","","Gebraucht","","","","","","DE","","",""
"307145462569","Dell Latitude 5520 i5-1135G7 16 GB 480 GB SSD 15,6 Zoll Win11 Pro",,18117669227,"8","FIXED_PRICE","EUR",405.0,,,405.0,"0","","","Aug-25-26 05:47:28 PDT","Sep-25-26 05:47:28 PDT","PC Notebooks & Netbooks","177","","","Gebraucht","","","","","","DE","","",""
"307145462574",HP ProBook 640 G2 i5-6200U 8 GB 240 GB SSD 14 Zoll Win10 Pro,,14555207831,"0","FIXED_PRICE","EUR",125.0,,,125.0,"0","","","Aug-25-26 05:47:28 PDT","Sep-25-26 05:47:28 PDT","PC Notebooks & Netbooks","177","","","Gebraucht","","","","","","DE","","",""
"307145462575",Fujitsu LIFEBOOK U747 i5-6200U 8 GB 120 GB SSD 14 Zoll Win10 Pro,,17993636059,"0","FIXED_PRICE","EUR",125.0,,,125.0,"0","","","Aug-25-26 05:47:28 PDT","Sep-25-26 05:47:28 PDT","PC Notebooks & Netbooks","177","","","Gebraucht","","","","","","DE","","",""
"307145462578",Lenovo ThinkPad L14 Gen1 Ryzen 5 8 GB 256 GB SSD 14 Zoll Win11 Pro,,5253_20260213135937,"8","FIXED_PRICE","EUR",206.0,,,206.0,"0","9","0","Aug-25-26 05:47:28 PDT","Sep-25-26 05:47:28 PDT","PC Notebooks & Netbooks","177","","","Gebraucht","","","","","","DE","","",""
"307145462580",Dell Latitude 5400 i5-8350U 16 GB 256 GB SSD 14 Zoll Win11 Pro,,18121636224,"0","FIXED_PRICE","EUR",211.0,,,211.0,"0","","","Aug-25-26 05:47:28 PDT","Sep-25-26 05:47:28 PDT","PC Notebooks & Netbooks","177","","","Gebraucht","","","","","","DE","","",""
"307145462581",Dell Latitude 5400 i5-8350U 8 GB 256 GB SSD 14 Zoll Win11 Pro,,18121587903,"0","FIXED_PRICE","EUR",171.0,,,171.0,"0","","","Aug-25-26 05:47:28 PDT","Sep-25-26 05:47:28 PDT","PC Notebooks & Netbooks","177","","","Gebraucht","","","","","","DE","","",""
"307145462582","Dell Latitude 5520 i5-1135G7 16 GB 480 GB SSD 15,6 Zoll Win11 Pro",,3864_20251127093323,"10","FIXED_PRICE","EUR",408.0,,,408.0,"0","","","Aug-25-26 05:47:28 PDT","Sep-25-26 05:47:28 PDT","PC Notebooks & Netbooks","177","","","Gebraucht","","","","","","DE","","",""
"307145462586","Apple Apple MacBook Pro A1707 2017r. i7-7820HQ 16 GB 500 GB SSD 15,6 Zoll macOS",,5577,"10","FIXED_PRICE","EUR",369.0,,,369.0,"0","","","Aug-25-26 05:47:28 PDT","Sep-25-26 05:47:28 PDT","Apple Notebooks","111422","","","Gebraucht","","","","","","DE","","",""
"307145462588",HP EliteBook 745 G5 Ryzen 7 2700U 16 GB 256 GB SSD 14 Zoll Win11 Pro,,5912_20260430090212,"8","FIXED_PRICE","EUR",215.0,,,215.0,"0","1","0","Aug-25-26 05:47:28 PDT","Sep-25-26 05:47:28 PDT","PC Notebooks & Netbooks","177","","","Gebraucht","","","","","","DE","","",""
"307145462589","Microsoft Surface laptop 3 (1868) i5-1035G7 8 GB 256 GB SSD 13,5 Zoll Win11 Pro",,5691_20260505120308,"8","FIXED_PRICE","EUR",366.0,,,366.0,"0","","","Aug-25-26 05:47:28 PDT","Sep-25-26 05:47:28 PDT","PC Notebooks & Netbooks","177","","","Gebraucht","","","","","","DE","","",""
"307145462593",Fujitsu LIFEBOOK U747 i5-6200U 16 GB 480 GB SSD 14 Zoll Win10 Pro,,17993651350,"0","FIXED_PRICE","EUR",187.0,,,187.0,"0","","","Aug-25-26 05:47:28 PDT","Sep-25-26 05:47:28 PDT","PC Notebooks & Netbooks","177","","","Gebraucht","","","","","","DE","","",""
"307145462594",Dell Latitude 5400 i5-8350U 16 GB 256 GB SSD 14 Zoll Win11 Pro,,18121594295,"0","FIXED_PRICE","EUR",199.0,,,199.0,"1","1","0","Aug-25-26 05:47:28 PDT","Sep-25-26 05:47:28 PDT","PC Notebooks & Netbooks","177","","","Gebraucht","","","","","","DE","","",""
"307145462597","Dell Latitude 5590 i5-8250U 8 GB 256 GB SSD 15,6 Zoll Win11 Pro",,18386640842,"0","FIXED_PRICE","EUR",322.0,,,322.0,"0","","","Aug-25-26 05:47:28 PDT","Sep-25-26 05:47:28 PDT","PC Notebooks & Netbooks","177","","","Gebraucht","","","","","","DE","","",""
"307145462599",Dell Latitude 5400 i5-8350U 16 GB 480 GB SSD 14 Zoll Win11 Pro,,18121598229,"0","FIXED_PRICE","EUR",227.0,,,227.0,"0","","","Aug-25-26 05:47:28 PDT","Sep-25-26 05:47:28 PDT","PC Notebooks & Netbooks","177","","","Gebraucht","","","","","","DE","","",""
"307145462600","Apple Apple MacBook Pro A1707 2017r. i7-7820HQ 16 GB 500 GB SSD 15,6 Zoll",,13214810444,"8","FIXED_PRICE","EUR",366.0,,,366.0,"0","","","Aug-25-26 05:47:28 PDT","Sep-25-26 05:47:28 PDT","Apple Notebooks","111422","","","Gebraucht","","","","","","DE","","",""
"307145462603",HP EliteBook 840 G5 i5-8350U 8 GB 256 GB SSD 14 Zoll Win10 Pro,,15120780698,"8","FIXED_PRICE","EUR",229.0,,,229.0,"0","","","Aug-25-26 05:47:28 PDT","Sep-25-26 05:47:28 PDT","PC Notebooks & Netbooks","177","","","Gebraucht","","","","","","DE","","",""
"307145462607","Dell Latitude 5590 i5-8250U 8 GB 480 GB SSD 15,6 Zoll Win10 Pro",,15171412421,"0","FIXED_PRICE","EUR",377.0,,,377.0,"0","","","Aug-25-26 05:47:28 PDT","Sep-25-26 05:47:28 PDT","PC Notebooks & Netbooks","177","","","Gebraucht","","","","","","DE","","",""
"307145462610",Dell Latitude 5400 i5-8350U 16 GB 256 GB SSD 14 Zoll Win11 Pro,,18121611379,"0","FIXED_PRICE","EUR",211.0,,,211.0,"0","","","Aug-25-26 05:47:28 PDT","Sep-25-26 05:47:28 PDT","PC Notebooks & Netbooks","177","","","Gebraucht","","","","","","DE","","",""
"307145462612","Dell Latitude 5590 i5-8250U 16 GB 480 GB SSD 15,6 Zoll Win10 Pro",,15171415152,"0","FIXED_PRICE","EUR",424.0,,,424.0,"0","","","Aug-25-26 05:47:28 PDT","Sep-25-26 05:47:28 PDT","PC Notebooks & Netbooks","177","","","Gebraucht","","","","","","DE","","",""
"307145462618","Apple Apple MacBook Pro A1990 2019r. i9-9880H 32 GB 512 GB SSD 15,6 Zoll macOS",,5604,"0","FIXED_PRICE","EUR",479.0,,,479.0,"0","2","0","Aug-25-26 05:47:28 PDT","Sep-25-26 05:47:28 PDT","Apple Notebooks","111422","","","Gebraucht","","","","","","DE","","",""
"307145462620",Dell Latitude 5400 i5-8350U 16 GB 480 GB SSD 14 Zoll Win11 Pro,,18121634701,"0","FIXED_PRICE","EUR",239.0,,,239.0,"0","","","Aug-25-26 05:47:28 PDT","Sep-25-26 05:47:28 PDT","PC Notebooks & Netbooks","177","","","Gebraucht","","","","","","DE","","",""
"307145462621",Dell Latitude 5400 i5-8350U 32 GB 960 GB SSD 14 Zoll Win11 Pro,,18121630140,"0","FIXED_PRICE","EUR",332.0,,,332.0,"0","","","Aug-25-26 05:47:28 PDT","Sep-25-26 05:47:28 PDT","PC Notebooks & Netbooks","177","","","Gebraucht","","","","","","DE","","",""
"307145462624",HP EliteBook 840 G3 i5-6300U 16 GB 256 GB SSD 14 Zoll Win10 Pro,,12878141673,"8","FIXED_PRICE","EUR",225.0,,,225.0,"0","","","Aug-25-26 05:47:28 PDT","Sep-25-26 05:47:28 PDT","PC Notebooks & Netbooks","177","","","Gebraucht","","","","","","DE","","",""
"307145462626",HP EliteBook 840 G3 i5-6300U 8 GB 240 GB SSD 14 Zoll Win10 Pro,,13706448901,"8","FIXED_PRICE","EUR",191.0,,,191.0,"0","","","Aug-25-26 05:47:28 PDT","Sep-25-26 05:47:28 PDT","PC Notebooks & Netbooks","177","","","Gebraucht","","","","","","DE","","",""
"307145462627",Dell Latitude 7480 i7-6600U 8 GB 256 GB SSD 14 Zoll Win11 Pro,,4598_20251031114749,"8","FIXED_PRICE","EUR",177.0,,,177.0,"0","","","Aug-25-26 05:47:28 PDT","Sep-25-26 05:47:28 PDT","PC Notebooks & Netbooks","177","","","Gebraucht","","","","","","DE","","",""
"307145462630","Dell Latitude 5590 i5-8250U 32 GB 960 GB SSD 15,6 Zoll Win10 Pro",,14802324388,"0","FIXED_PRICE","EUR",586.0,,,586.0,"0","","","Aug-25-26 05:47:28 PDT","Sep-25-26 05:47:28 PDT","PC Notebooks & Netbooks","177","","","Gebraucht","","","","","","DE","","",""
"307145462633",Lenovo lenovo ThinkPad T480 i5-8350U 8 GB 256 GB SSD 14 Zoll Win10 Pro,,15051507225,"8","FIXED_PRICE","EUR",250.0,,,250.0,"0","","","Aug-25-26 05:47:28 PDT","Sep-25-26 05:47:28 PDT","PC Notebooks & Netbooks","177","","","Gebraucht","","","","","","DE","","",""
"307145462634",Dell Latitude 5400 i5-8350U 8 GB 256 GB SSD 14 Zoll Win11 Pro,,13707977162,"0","FIXED_PRICE","EUR",183.0,,,183.0,"0","","","Aug-25-26 05:47:28 PDT","Sep-25-26 05:47:28 PDT","PC Notebooks & Netbooks","177","","","Gebraucht","","","","","","DE","","",""
"307145462639",HP EliteBook 840 G3 i5 i5-6300U 16 GB 512 GB SSD 14 Zoll Win11 Pro,,16161870822,"8","FIXED_PRICE","EUR",355.0,,,355.0,"0","","","Aug-25-26 05:47:28 PDT","Sep-25-26 05:47:28 PDT","PC Notebooks & Netbooks","177","","","Gebraucht","","","","","","DE","","",""
"307145462640",Dell Latitude 5400 i5-8350U 8 GB 256 GB SSD 14 Zoll Win11 Pro,,18121581830,"0","FIXED_PRICE","EUR",206.0,,,206.0,"0","","","Aug-25-26 05:47:29 PDT","Sep-25-26 05:47:29 PDT","PC Notebooks & Netbooks","177","","","Gebraucht","","","","","","DE","","",""
"307145462642",HP EliteBook 840 G3 i5-6300U 8 GB 240 GB SSD 14 Zoll Win10 Pro,,17121822097,"8","FIXED_PRICE","EUR",200.0,,,200.0,"0","","","Aug-25-26 05:47:29 PDT","Sep-25-26 05:47:29 PDT","PC Notebooks & Netbooks","177","","","Gebraucht","","","","","","DE","","",""
"307145462644",Dell Latitude 5400 i5-8350U 8 GB 256 GB SSD 14 Zoll Win11 Pro,,18121585674,"0","FIXED_PRICE","EUR",183.0,,,183.0,"0","","","Aug-25-26 05:47:29 PDT","Sep-25-26 05:47:29 PDT","PC Notebooks & Netbooks","177","","","Gebraucht","","","","","","DE","","",""
"307145462647",Dell Latitude 5400 i5-8350U 16 GB 960 GB SSD 14 Zoll Win11 Pro,,18121599670,"0","FIXED_PRICE","EUR",269.0,,,269.0,"0","","","Aug-25-26 05:47:29 PDT","Sep-25-26 05:47:29 PDT","PC Notebooks & Netbooks","177","","","Gebraucht","","","","","","DE","","",""
"307145462648",Dell Latitude 5400 i5-8350U 32 GB 960 GB SSD 14 Zoll Win11 Pro,,18121601605,"0","FIXED_PRICE","EUR",320.0,,,320.0,"0","","","Aug-25-26 05:47:29 PDT","Sep-25-26 05:47:29 PDT","PC Notebooks & Netbooks","177","","","Gebraucht","","","","","","DE","","",""
"307145462651",Dell Latitude 5400 i5-8350U 16 GB 960 GB SSD 14 Zoll Win11 Pro,,18121605706,"0","FIXED_PRICE","EUR",280.0,,,280.0,"0","","","Aug-25-26 05:47:29 PDT","Sep-25-26 05:47:29 PDT","PC Notebooks & Netbooks","177","","","Gebraucht","","","","","","DE","","",""
"307145462653",Dell Latitude 5400 i5-8350U 32 GB 960 GB SSD 14 Zoll Win11 Pro,,18121603725,"0","FIXED_PRICE","EUR",332.0,,,332.0,"0","","","Aug-25-26 05:47:29 PDT","Sep-25-26 05:47:29 PDT","PC Notebooks & Netbooks","177","","","Gebraucht","","","","","","DE","","",""
"307145462654",Dell Latitude 5400 i5-8350U 16 GB 480 GB SSD 14 Zoll Win11 Pro,,18121607833,"0","FIXED_PRICE","EUR",239.0,,,239.0,"0","","","Aug-25-26 05:47:29 PDT","Sep-25-26 05:47:29 PDT","PC Notebooks & Netbooks","177","","","Gebraucht","","","","","","DE","","",""
"307145462656",Dell Latitude 5400 i5-8350U 16 GB 256 GB SSD 14 Zoll Win11 Pro,,18121614321,"0","FIXED_PRICE","EUR",234.0,,,234.0,"0","","","Aug-25-26 05:47:29 PDT","Sep-25-26 05:47:29 PDT","PC Notebooks & Netbooks","177","","","Gebraucht","","","","","","DE","","",""
"307145462658",Dell Latitude 5400 i5-8350U 16 GB 960 GB SSD 14 Zoll Win11 Pro,,18121623386,"0","FIXED_PRICE","EUR",304.0,,,304.0,"0","","","Aug-25-26 05:47:29 PDT","Sep-25-26 05:47:29 PDT","PC Notebooks & Netbooks","177","","","Gebraucht","","","","","","DE","","",""
"307145462659",Dell Latitude 5400 i5-8350U 16 GB 480 GB SSD 14 Zoll Win11 Pro,,18121621568,"0","FIXED_PRICE","EUR",262.0,,,262.0,"0","","","Aug-25-26 05:47:29 PDT","Sep-25-26 05:47:29 PDT","PC Notebooks & Netbooks","177","","","Gebraucht","","","","","","DE","","",""
"307145462660",Dell Latitude 5400 i5-8350U 32 GB 960 GB SSD 14 Zoll Win11 Pro,,18121626748,"0","FIXED_PRICE","EUR",355.0,,,355.0,"0","","","Aug-25-26 05:47:29 PDT","Sep-25-26 05:47:29 PDT","PC Notebooks & Netbooks","177","","","Gebraucht","","","","","","DE","","",""
"307145462663",Dell Latitude 5400 i5-8350U 16 GB 960 GB SSD 14 Zoll Win11 Pro,,18121631589,"0","FIXED_PRICE","EUR",280.0,,,280.0,"0","","","Aug-25-26 05:47:29 PDT","Sep-25-26 05:47:29 PDT","PC Notebooks & Netbooks","177","","","Gebraucht","","","","","","DE","","",""
"307145462664","Dell Latitude 5500 i5-8265U 16 GB 256 GB SSD 15,6 Zoll Win11 Pro",,18676073402,"8","FIXED_PRICE","EUR",250.0,,,250.0,"0","","","Aug-25-26 05:47:29 PDT","Sep-25-26 05:47:29 PDT","PC Notebooks & Netbooks","177","","","Gebraucht","","","","","","DE","","",""
"307145462666",HP EliteBook 745 G5 Ryzen 7 2700U 8 GB 256 GB SSD 14 Zoll Win11 Pro,,5912,"8","FIXED_PRICE","EUR",194.0,,,194.0,"0","1","0","Aug-25-26 05:47:29 PDT","Sep-25-26 05:47:29 PDT","PC Notebooks & Netbooks","177","","","Gebraucht","","","","","","DE","","",""
"307145462667","Dell Latitude 5580 i5-7200U 16 GB 480 GB SSD 15,6 Zoll Win10 Pro",,12668051384,"8","FIXED_PRICE","EUR",308.0,,,308.0,"0","","","Aug-25-26 05:47:29 PDT","Sep-25-26 05:47:29 PDT","PC Notebooks & Netbooks","177","","","Gebraucht","","","","","","DE","","",""
"307145462668","Lenovo THINKPAD X13 gen 2 i5-1135G7 16 GB 500 GB SSD 13,3 Zoll Win11 Pro",,18652881726,"0","FIXED_PRICE","EUR",357.0,,,357.0,"0","","","Aug-25-26 05:47:29 PDT","Sep-25-26 05:47:29 PDT","PC Notebooks & Netbooks","177","","","Gebraucht","","","","","","DE","","",""
"307145462670","Dell Latitude 5580 i5-7200U 8 GB 480 GB SSD 15,6 Zoll Win10 Pro",,12668059671,"8","FIXED_PRICE","EUR",291.0,,,291.0,"0","","","Aug-25-26 05:47:29 PDT","Sep-25-26 05:47:29 PDT","PC Notebooks & Netbooks","177","","","Gebraucht","","","","","","DE","","",""
"307145462673","HP ProBook 450 G8 i5-1135G7 16 GB 256 GB SSD 15,6 Zoll Win11 Pro",,18422342372,"8","FIXED_PRICE","EUR",366.0,,,366.0,"0","","","Aug-25-26 05:47:29 PDT","Sep-25-26 05:47:29 PDT","PC Notebooks & Netbooks","177","","","Gebraucht","","","","","","DE","","",""
"307145462675","HP ProBook 450 G8 i5-1135G7 16 GB 256 GB SSD 15,6 Zoll Win11 Pro",,18422263714,"8","FIXED_PRICE","EUR",412.0,,,412.0,"0","","","Aug-25-26 05:47:29 PDT","Sep-25-26 05:47:29 PDT","PC Notebooks & Netbooks","177","","","Gebraucht","","","","","","DE","","",""
"307145462677",Lenovo ThinkPad L14 Gen1 Ryzen 5 8 GB 256 GB SSD 14 Zoll Win11 Pro,,5253_20260213135520,"8","FIXED_PRICE","EUR",229.0,,,229.0,"0","","","Aug-25-26 05:47:29 PDT","Sep-25-26 05:47:29 PDT","PC Notebooks & Netbooks","177","","","Gebraucht","","","","","","DE","","",""
"307145462681","Apple Apple MacBook Pro A1990 2019r. i9-9880H 32 GB 512 GB SSD 15,6 Zoll",,16223391857,"0","FIXED_PRICE","EUR",593.0,,,593.0,"0","","","Aug-25-26 05:47:29 PDT","Sep-25-26 05:47:29 PDT","Apple Notebooks","111422","","","Gebraucht","","","","","","DE","","",""
"307145462682",Dell Dell Latitude 7480 i7-7600U 32 GB 960 GB SSD 14 Zoll Win11 Pro,,18043524203,"8","FIXED_PRICE","EUR",363.0,,,363.0,"0","0","0","Aug-25-26 05:47:29 PDT","Sep-25-26 05:47:29 PDT","PC Notebooks & Netbooks","177","","","Gebraucht","","","","","","DE","","",""
"307145462686",Lenovo ThinkPad L14 Gen1 Ryzen 5 PRO 4650U 8 GB 256 GB SSD 14 Zoll Win11 Pro,,5253_20260213134353,"8","FIXED_PRICE","EUR",238.0,,,238.0,"0","1","0","Aug-25-26 05:47:29 PDT","Sep-25-26 05:47:29 PDT","PC Notebooks & Netbooks","177","","","Gebraucht","","","","","","DE","","",""
"307145462687","Dell Latitude 5590 i5-8250U 16 GB 256 GB SSD 15,6 Zoll Win11 Pro",,4311,"0","FIXED_PRICE","EUR",293.0,,,293.0,"0","","","Aug-25-26 05:47:29 PDT","Sep-25-26 05:47:29 PDT","PC Notebooks & Netbooks","177","","","Gebraucht","","","","","","DE","","",""
"307145462690",Dell Dell Latitude 7480 i7-6600U 16 GB 512 GB SSD 14 Zoll Win10 Pro,,13897593209,"8","FIXED_PRICE","EUR",268.0,,,268.0,"0","","","Aug-25-26 05:47:29 PDT","Sep-25-26 05:47:29 PDT","PC Notebooks & Netbooks","177","","","Gebraucht","","","","","","DE","","",""
"307145462691","Lenovo ThinkPad T590 i5-8365U 8 GB 256 GB SSD 15,6 Zoll Win11 Pro",,18547290077,"8","FIXED_PRICE","EUR",240.0,,,240.0,"1","1","0","Aug-25-26 05:47:29 PDT","Sep-25-26 05:47:29 PDT","PC Notebooks & Netbooks","177","","","Gebraucht","","","","","","DE","","",""
"307145462692",Lenovo ThinkPad L14 Gen1 Ryzen 5 PRO 4650U 8 GB 256 GB SSD 14 Zoll Win11 Pro,,5253_20260213134746,"8","FIXED_PRICE","EUR",215.0,,,215.0,"1","4","0","Aug-25-26 05:47:29 PDT","Sep-25-26 05:47:29 PDT","PC Notebooks & Netbooks","177","","","Gebraucht","","","","","","DE","","",""
"307145462695","Dell Latitude 5590 i5-8350U 16 GB 256 GB SSD 15,6 Zoll Win10 Pro",,15191359511,"0","FIXED_PRICE","EUR",254.0,,,254.0,"0","","","Aug-25-26 05:47:29 PDT","Sep-25-26 05:47:29 PDT","PC Notebooks & Netbooks","177","","","Gebraucht","","","","","","DE","","",""
"307145462697",Fujitsu LIFEBOOK U747 i5-6200U 8 GB 256 GB SSD 14 Zoll Win10 Pro,,17099861723,"8","FIXED_PRICE","EUR",170.0,,,170.0,"0","","","Aug-25-26 05:47:29 PDT","Sep-25-26 05:47:29 PDT","PC Notebooks & Netbooks","177","","","Gebraucht","","","","","","DE","","",""
"307145462698","Lenovo ThinkPad X13 Yoga Gen2 i5-1135G7 16 GB 500 GB SSD 13,3 Zoll Win11 Pro",,17622540577_20260609071940,"0","FIXED_PRICE","EUR",380.0,,,380.0,"0","","","Aug-25-26 05:47:29 PDT","Sep-25-26 05:47:29 PDT","PC Notebooks & Netbooks","177","","","Gebraucht","","","","","","DE","","",""
"307145462701","Dell Latitude 5590 i7-8650U 16 GB 256 GB SSD 15,6 Zoll Win11 Pro",,5417,"8","FIXED_PRICE","EUR",290.0,,,290.0,"0","","","Aug-25-26 05:47:29 PDT","Sep-25-26 05:47:29 PDT","PC Notebooks & Netbooks","177","","","Gebraucht","","","","","","DE","","",""
"307145462703",Dell Latitude 7480 i7-6600U 8 GB 256 GB SSD 14 Zoll Win11 Pro,,4598_20251031114919,"8","FIXED_PRICE","EUR",194.0,,,194.0,"0","","","Aug-25-26 05:47:29 PDT","Sep-25-26 05:47:29 PDT","PC Notebooks & Netbooks","177","","","Gebraucht","","","","","","DE","","",""
"307145462707",Dell Latitude 5410 i5-10310U 8 GB 256 GB SSD 14 Zoll Win11 Pro,,5570_20251106131704,"10","FIXED_PRICE","EUR",253.0,,,253.0,"0","","","Aug-25-26 05:47:30 PDT","Sep-25-26 05:47:30 PDT","PC Notebooks & Netbooks","177","","","Gebraucht","","","","","","DE","","",""
"307145462708","Lenovo ThinkPad T590 i5-8365U 8 GB 256 GB SSD 15,6 Zoll Win11 Pro",,18547336230,"8","FIXED_PRICE","EUR",274.0,,,274.0,"0","","","Aug-25-26 05:47:30 PDT","Sep-25-26 05:47:30 PDT","PC Notebooks & Netbooks","177","","","Gebraucht","","","","","","DE","","",""
"307145462709","Dell Latitude 5300 i5-8365U 8 GB 256 GB SSD 13,3 Zoll Win11 Pro",,4731_20251127101249,"0","FIXED_PRICE","EUR",206.0,,,206.0,"0","","","Aug-25-26 05:47:30 PDT","Sep-25-26 05:47:30 PDT","PC Notebooks & Netbooks","177","","","Gebraucht","","","","","","DE","","",""
"307145462710","Dell Latitude 5580 i5-6440HQ 32 GB 480 GB SSD 15,6 Zoll Win10 Pro",,14488869662,"8","FIXED_PRICE","EUR",391.0,,,391.0,"0","","","Aug-25-26 05:47:30 PDT","Sep-25-26 05:47:30 PDT","PC Notebooks & Netbooks","177","","","Gebraucht","","","","","","DE","","",""
"307145462714",Fujitsu LIFEBOOK U747 i5-7200U 8 GB 256 GB SSD 14 Zoll Win10 Pro,,15030127177,"0","FIXED_PRICE","EUR",136.0,,,136.0,"0","","","Aug-25-26 05:47:30 PDT","Sep-25-26 05:47:30 PDT","PC Notebooks & Netbooks","177","","","Gebraucht","","","","","","DE","","",""
"307145462715",Dell Dell Latitude 7480 i7-6600U 32 GB 1000 GB SSD 14 Zoll Win10 Pro,,15344915722,"8","FIXED_PRICE","EUR",347.0,,,347.0,"0","","","Aug-25-26 05:47:30 PDT","Sep-25-26 05:47:30 PDT","PC Notebooks & Netbooks","177","","","Gebraucht","","","","","","DE","","",""
"307145462717",Dell Latitude 5410 i5-10310U 16 GB 480 GB SSD 14 Zoll Win11 Pro,,15091894833,"8","FIXED_PRICE","EUR",340.0,,,340.0,"0","","","Aug-25-26 05:47:30 PDT","Sep-25-26 05:47:30 PDT","PC Notebooks & Netbooks","177","","","Gebraucht","","","","","","DE","","",""
"307145462718",Dell laptop Dell Latitude 7480 i7-6600U 16 GB 256 GB SSD 14 Zoll Win11 Pro,,18043316872,"8","FIXED_PRICE","EUR",215.0,,,215.0,"0","","","Aug-25-26 05:47:30 PDT","Sep-25-26 05:47:30 PDT","PC Notebooks & Netbooks","177","","","Gebraucht","","","","","","DE","","",""
"307145462720",Dell Dell Latitude 7480 i7-7600U 8 GB 256 GB SSD 14 Zoll Win11 Pro,,18043475365,"8","FIXED_PRICE","EUR",183.0,,,183.0,"0","","","Aug-25-26 05:47:30 PDT","Sep-25-26 05:47:30 PDT","PC Notebooks & Netbooks","177","","","Gebraucht","","","","","","DE","","",""
"307145462721","Dell Latitude 5500 i5-8265U 8 GB 240 GB SSD 15,6 Zoll Win11 Pro",,6222,"8","FIXED_PRICE","EUR",250.0,,,250.0,"0","","","Aug-25-26 05:47:30 PDT","Sep-25-26 05:47:30 PDT","PC Notebooks & Netbooks","177","","","Gebraucht","","","","","","DE","","",""
"307145462722","Dell Latitude 5590 i7-8650U 16 GB 256 GB SSD 15,6 Zoll Win11 Pro",,6019,"0","FIXED_PRICE","EUR",337.0,,,337.0,"0","","","Aug-25-26 05:47:30 PDT","Sep-25-26 05:47:30 PDT","PC Notebooks & Netbooks","177","","","Gebraucht","","","","","","DE","","",""
"307145462724",HP Probook 640 G8 i5-1135G7 8 GB 256 GB SSD 14 Zoll Win11 Pro,,4227_20260202082317,"8","FIXED_PRICE","EUR",318.0,,,318.0,"0","","","Aug-25-26 05:47:30 PDT","Sep-25-26 05:47:30 PDT","PC Notebooks & Netbooks","177","","","Gebraucht","","","","","","DE","","",""
"307145462726","Dell Latitude 5590 i5-8250U 16 GB 256 GB SSD 15,6 Zoll Win11 Pro",,4311_20260703120436,"0","FIXED_PRICE","EUR",299.0,,,299.0,"0","","","Aug-25-26 05:47:30 PDT","Sep-25-26 05:47:30 PDT","PC Notebooks & Netbooks","177","","","Gebraucht","","","","","","DE","","",""
"307145462728","Dell Latitude 5590 i5-8250U 16 GB 480 GB SSD 15,6 Zoll Win10 Pro",,15191690810,"0","FIXED_PRICE","EUR",331.0,,,331.0,"0","","","Aug-25-26 05:47:30 PDT","Sep-25-26 05:47:30 PDT","PC Notebooks & Netbooks","177","","","Gebraucht","","","","","","DE","","",""
"307145462730",Dell Dell Latitude 7480 i7-7600U 32 GB 1000 GB SSD 14 Zoll Win10 Pro,,15365045149,"8","FIXED_PRICE","EUR",340.0,,,340.0,"0","","","Aug-25-26 05:47:30 PDT","Sep-25-26 05:47:30 PDT","PC Notebooks & Netbooks","177","","","Gebraucht","","","","","","DE","","",""
"307145462731",Microsoft Surface GO 1824 Intel Pentium 8 GB 128 GB SSD 10 Zoll Win10 Pro,,15780026971,"8","FIXED_PRICE","EUR",148.0,,,148.0,"0","","","Aug-25-26 05:47:30 PDT","Sep-25-26 05:47:30 PDT","PC Notebooks & Netbooks","177","","","Gebraucht","","","","","","DE","","",""
"307145462734",Fujitsu LIFEBOOK U747 i5-7200U 8 GB 256 GB SSD 14 Zoll Win10 Pro,,16731471790,"0","FIXED_PRICE","EUR",160.0,,,160.0,"0","","","Aug-25-26 05:47:30 PDT","Sep-25-26 05:47:30 PDT","PC Notebooks & Netbooks","177","","","Gebraucht","","","","","","DE","","",""
"307145462735",Dell Dell Latitude 7480 i7-7600U 16 GB 256 GB SSD 14 Zoll Win11 Pro,,18043503450,"8","FIXED_PRICE","EUR",222.0,,,222.0,"0","","","Aug-25-26 05:47:30 PDT","Sep-25-26 05:47:30 PDT","PC Notebooks & Netbooks","177","","","Gebraucht","","","","","","DE","","",""
"307145462739","Dell Precision 7730 i7-8750H 32 GB 512 GB SSD 17,3 Zoll Win11 Pro",,5520,"10","FIXED_PRICE","EUR",724.0,,,724.0,"0","","","Aug-25-26 05:47:30 PDT","Sep-25-26 05:47:30 PDT","PC Notebooks & Netbooks","177","","","Gebraucht","","","","","","DE","","",""
"307145462740",Dell Latitude 5420 i5-1135G7 32 GB 480 GB SSD 14 Zoll Win11 Pro,,18062647458,"8","FIXED_PRICE","EUR",405.0,,,405.0,"0","","","Aug-25-26 05:47:30 PDT","Sep-25-26 05:47:30 PDT","PC Notebooks & Netbooks","177","","","Gebraucht","","","","","","DE","","",""
"307145462742","Dell Precision 7730 i7-8750H 32 GB 512 GB SSD 17,3 Zoll Win11 Pro",,5520_20250908114045,"10","FIXED_PRICE","EUR",689.0,,,689.0,"0","","","Aug-25-26 05:47:30 PDT","Sep-25-26 05:47:30 PDT","PC Notebooks & Netbooks","177","","","Gebraucht","","","","","","DE","","",""
"307145462743",Dell Latitude 7480 i7-7600U 8 GB 256 GB SSD 14 Zoll Win11 Pro,,4598_20251031101523,"8","FIXED_PRICE","EUR",183.0,,,183.0,"0","","","Aug-25-26 05:47:30 PDT","Sep-25-26 05:47:30 PDT","PC Notebooks & Netbooks","177","","","Gebraucht","","","","","","DE","","",""
"307145462745",Dell Latitude 5420 i5-1135G7 8 GB 256 GB SSD 14 Zoll Win11 Pro,,5112_20251107094128,"10","FIXED_PRICE","EUR",322.0,,,322.0,"0","","","Aug-25-26 05:47:30 PDT","Sep-25-26 05:47:30 PDT","PC Notebooks & Netbooks","177","","","Gebraucht","","","","","","DE","","",""
"307145462747",HP EliteBook 745 G5 Ryzen 7 2700U 32 GB 960 GB SSD 14 Zoll Win11 Pro,,5912_20260430091005,"8","FIXED_PRICE","EUR",435.0,,,435.0,"0","1","0","Aug-25-26 05:47:30 PDT","Sep-25-26 05:47:30 PDT","PC Notebooks & Netbooks","177","","","Gebraucht","","","","","","DE","","",""
"307145462748",Dell Latitude 5420 i5-1135G7 16 GB 480 GB SSD 14 Zoll Win11 Pro,,18062502404,"8","FIXED_PRICE","EUR",375.0,,,375.0,"0","","","Aug-25-26 05:47:30 PDT","Sep-25-26 05:47:30 PDT","PC Notebooks & Netbooks","177","","","Gebraucht","","","","","","DE","","",""
"307145462750","Dell Latitude 5300 i5-8365U 8 GB 256 GB SSD 13,3 Zoll Win11 Pro",,18117881605,"0","FIXED_PRICE","EUR",206.0,,,206.0,"0","","","Aug-25-26 05:47:30 PDT","Sep-25-26 05:47:30 PDT","PC Notebooks & Netbooks","177","","","Gebraucht","","","","","","DE","","",""
"307145462751",Lenovo ThinkPad L14 Gen 1 Ryzen 5 PRO 4650U 8 GB 256 GB SSD 14 Zoll Win11 Home,,18324448144,"8","FIXED_PRICE","EUR",215.0,,,215.0,"0","","","Aug-25-26 05:47:30 PDT","Sep-25-26 05:47:30 PDT","PC Notebooks & Netbooks","177","","","Gebraucht","","","","","","DE","","",""
"307145462752",Lenovo ThinkPad L14 Gen 1 Ryzen 5 PRO 4650U 32 GB 256 GB SSD 14 Zoll Win11 Home,,18375962707,"8","FIXED_PRICE","EUR",343.0,,,343.0,"0","","","Aug-25-26 05:47:30 PDT","Sep-25-26 05:47:30 PDT","PC Notebooks & Netbooks","177","","","Gebraucht","","","","","","DE","","",""
"307145462756",Lenovo ThinkPad L14 Gen 1 Ryzen 5 PRO 4650U 16 GB 256 GB SSD 14 Zoll Win11 Home,,18415770605,"8","FIXED_PRICE","EUR",308.0,,,308.0,"0","","","Aug-25-26 05:47:30 PDT","Sep-25-26 05:47:30 PDT","PC Notebooks & Netbooks","177","","","Gebraucht","","","","","","DE","","",""
"307145462760",Dell Latitude 5410 i5-10310U 8 GB 256 GB SSD 14 Zoll Win11 Pro,,5570_20251106131416,"10","FIXED_PRICE","EUR",276.0,,,276.0,"0","","","Aug-25-26 05:47:30 PDT","Sep-25-26 05:47:30 PDT","PC Notebooks & Netbooks","177","","","Gebraucht","","","","","","DE","","",""
"307145462761","Apple Apple MacBook Pro A1707 2017r. i7-7820HQ 16 GB 500 GB SSD 15,6 Zoll macOS",,4771,"10","FIXED_PRICE","EUR",369.0,,,369.0,"1","3","0","Aug-25-26 05:47:30 PDT","Sep-25-26 05:47:30 PDT","Apple Notebooks","111422","","","Gebraucht","","","","","","DE","","",""
"307145462762","Lenovo THINKPAD X13 gen 2 i5-1135G7 16 GB 1000 GB SSD 13,3 Zoll Win11 Pro",,18652878152,"0","FIXED_PRICE","EUR",415.0,,,415.0,"0","","","Aug-25-26 05:47:30 PDT","Sep-25-26 05:47:30 PDT","PC Notebooks & Netbooks","177","","","Gebraucht","","","","","","DE","","",""
"307145462763","Lenovo ThinkPad X13 Yoga Gen2 i5-1135G7 16 GB 1 TB SSD 13,3 Zoll Win11 Pro",,17622540577_20260608125639,"0","FIXED_PRICE","EUR",415.0,,,415.0,"0","0","0","Aug-25-26 05:47:30 PDT","Sep-25-26 05:47:30 PDT","PC Notebooks & Netbooks","177","","","Gebraucht","","","","","","DE","","",""
"307145462764",HP Probook 640 G8 i5-1135G7 8 GB 256 GB SSD 14 Zoll Win11 Pro,,4227_20260202082853,"8","FIXED_PRICE","EUR",261.0,,,261.0,"0","","","Aug-25-26 05:47:30 PDT","Sep-25-26 05:47:30 PDT","PC Notebooks & Netbooks","177","","","Gebraucht","","","","","","DE","","",""
"307145462766","HP Zbook 15 G3 i7-6700HQ 32 GB 756 GB SSD+HDD 15,6 Zoll Win10 Pro",,14512190531,"8","FIXED_PRICE","EUR",398.0,,,398.0,"0","","","Aug-25-26 05:47:31 PDT","Sep-25-26 05:47:31 PDT","PC Notebooks & Netbooks","177","","","Gebraucht","","","","","","DE","","",""
"307145462768",Fujitsu LIFEBOOK U747 i5-6200U 16 GB 480 GB SSD 14 Zoll Win10 Pro,,16731593271,"0","FIXED_PRICE","EUR",215.0,,,215.0,"0","","","Aug-25-26 05:47:31 PDT","Sep-25-26 05:47:31 PDT","PC Notebooks & Netbooks","177","","","Gebraucht","","","","","","DE","","",""
"307145462771",Dell Dell Latitude 7480 i7-7600U 16 GB 512 GB SSD 14 Zoll Win10 Pro,,15365033750,"8","FIXED_PRICE","EUR",261.0,,,261.0,"0","","","Aug-25-26 05:47:31 PDT","Sep-25-26 05:47:31 PDT","PC Notebooks & Netbooks","177","","","Gebraucht","","","","","","DE","","",""
"307145462773",Dell Dell Latitude 7480 i7-7600U 16 GB 256 GB SSD 14 Zoll Win11 Pro,,18043465648,"8","FIXED_PRICE","EUR",243.0,,,243.0,"0","","","Aug-25-26 05:47:31 PDT","Sep-25-26 05:47:31 PDT","PC Notebooks & Netbooks","177","","","Gebraucht","","","","","","DE","","",""
"307145462774",Dell Dell Latitude 7480 i7-7600U 8 GB 256 GB SSD 14 Zoll Win11 Pro,,18043355686,"8","FIXED_PRICE","EUR",206.0,,,206.0,"0","","","Aug-25-26 05:47:31 PDT","Sep-25-26 05:47:31 PDT","PC Notebooks & Netbooks","177","","","Gebraucht","","","","","","DE","","",""
"307145462775",Dell Dell Latitude 7480 i7-7600U 16 GB 480 GB SSD 14 Zoll Win11 Pro,,18043513583,"8","FIXED_PRICE","EUR",247.0,,,247.0,"0","","","Aug-25-26 05:47:31 PDT","Sep-25-26 05:47:31 PDT","PC Notebooks & Netbooks","177","","","Gebraucht","","","","","","DE","","",""
"307145462776",Dell Dell Latitude 7480 i7-7600U 16 GB 960 GB SSD 14 Zoll Win11 Pro,,18043521260,"8","FIXED_PRICE","EUR",277.0,,,277.0,"0","","","Aug-25-26 05:47:31 PDT","Sep-25-26 05:47:31 PDT","PC Notebooks & Netbooks","177","","","Gebraucht","","","","","","DE","","",""
"307145462777",Dell Latitude 5420 i5-1135G7 32 GB 960 GB SSD 14 Zoll Win11 Pro,,18062650522,"8","FIXED_PRICE","EUR",453.0,,,453.0,"0","","","Aug-25-26 05:47:31 PDT","Sep-25-26 05:47:31 PDT","PC Notebooks & Netbooks","177","","","Gebraucht","","","","","","DE","","",""
"307145462778",Dell Latitude 5420 i5-1135G7 16 GB 960 GB SSD 14 Zoll Win11 Pro,,18062795870,"8","FIXED_PRICE","EUR",382.0,,,382.0,"0","","","Aug-25-26 05:47:31 PDT","Sep-25-26 05:47:31 PDT","PC Notebooks & Netbooks","177","","","Gebraucht","","","","","","DE","","",""
"307145462779",Dell Latitude 5420 i5-1135G7 32 GB 960 GB SSD 14 Zoll Win11 Pro,,18062816670,"8","FIXED_PRICE","EUR",433.0,,,433.0,"0","","","Aug-25-26 05:47:31 PDT","Sep-25-26 05:47:31 PDT","PC Notebooks & Netbooks","177","","","Gebraucht","","","","","","DE","","",""
"307145462782",Dell Latitude 7480 i7-6600U 16 GB 960 GB SSD 14 Zoll Win11 Pro,,18295063964,"8","FIXED_PRICE","EUR",324.0,,,324.0,"0","","","Aug-25-26 05:47:31 PDT","Sep-25-26 05:47:31 PDT","PC Notebooks & Netbooks","177","","","Gebraucht","","","","","","DE","","",""
"307145462783",Lenovo ThinkPad L14 Gen 1 Ryzen 5 PRO 4650U 8 GB 256 GB SSD 14 Zoll Win11 Home,,18418679789,"8","FIXED_PRICE","EUR",261.0,,,261.0,"0","","","Aug-25-26 05:47:31 PDT","Sep-25-26 05:47:31 PDT","PC Notebooks & Netbooks","177","","","Gebraucht","","","","","","DE","","",""
"307145462785","HP ProBook 450 G8 i5-1135G7 16 GB 960 GB SSD 15,6 Zoll Win11 Pro",,18523702784,"8","FIXED_PRICE","EUR",479.0,,,479.0,"0","","","Aug-25-26 05:47:31 PDT","Sep-25-26 05:47:31 PDT","PC Notebooks & Netbooks","177","","","Gebraucht","","","","","","DE","","",""
"307145462788","Dell Latitude 5500 i5-8265U 16 GB 256 GB SSD 15,6 Zoll Win11 Pro",,18676022903,"8","FIXED_PRICE","EUR",295.0,,,295.0,"0","","","Aug-25-26 05:47:31 PDT","Sep-25-26 05:47:31 PDT","PC Notebooks & Netbooks","177","","","Gebraucht","","","","","","DE","","",""
"307145462789",HP ProBook 640 G2 i5-6200U 8 GB 240 GB SSD 14 Zoll Win10 Pro,,5781,"0","FIXED_PRICE","EUR",160.0,,,160.0,"0","","","Aug-25-26 05:47:31 PDT","Sep-25-26 05:47:31 PDT","PC Notebooks & Netbooks","177","","","Gebraucht","","","","","","DE","","",""
"307145462790","Dell Latitude 5590 i5-8250U 32 GB 480 GB SSD 15,6 Zoll Win11 Pro",,5670,"0","FIXED_PRICE","EUR",421.0,,,421.0,"0","","","Aug-25-26 05:47:31 PDT","Sep-25-26 05:47:31 PDT","PC Notebooks & Netbooks","177","","","Gebraucht","","","","","","DE","","",""
"307145462792",Dell Latitude 5420 i5-1135G7 8 GB 256 GB SSD 14 Zoll Win11 Pro,,5112_20251107093620,"10","FIXED_PRICE","EUR",299.0,,,299.0,"0","","","Aug-25-26 05:47:31 PDT","Sep-25-26 05:47:31 PDT","PC Notebooks & Netbooks","177","","","Gebraucht","","","","","","DE","","",""
"307145462796",HP Probook 640 G8 i5-1135G7 32 GB 256 GB SSD 14 Zoll Win11 Pro,,4227_20260223081918,"8","FIXED_PRICE","EUR",389.0,,,389.0,"0","","","Aug-25-26 05:47:31 PDT","Sep-25-26 05:47:31 PDT","PC Notebooks & Netbooks","177","","","Gebraucht","","","","","","DE","","",""
"307145462799",Lenovo ThinkPad T490 i5-8265U 16 GB 500 GB SSD 14 Zoll Win11 Pro,,4220_20260430112210,"8","FIXED_PRICE","EUR",354.0,,,354.0,"0","","","Aug-25-26 05:47:31 PDT","Sep-25-26 05:47:31 PDT","PC Notebooks & Netbooks","177","","","Gebraucht","","","","","","DE","","",""
"307145462801",HP HP ProBook 640 G2 i5-6200U 8 GB 480 GB SSD 14 Zoll Win10 Pro,,12562781534,"0","FIXED_PRICE","EUR",201.0,,,201.0,"0","","","Aug-25-26 05:47:31 PDT","Sep-25-26 05:47:31 PDT","PC Notebooks & Netbooks","177","","","Gebraucht","","","","","","DE","","",""
"307145462802",HP EliteBook 840 G6 i7-8665U 8 GB 256 GB SSD 14 Zoll Win11 Pro,,4542_20260702082421,"10","FIXED_PRICE","EUR",276.0,,,276.0,"0","","","Aug-25-26 05:47:31 PDT","Sep-25-26 05:47:31 PDT","PC Notebooks & Netbooks","177","","","Gebraucht","","","","","","DE","","",""
"307145462803",HP EliteBook 840 G6 i7-8665U 8 GB 256 GB SSD 14 Zoll Win11 Pro,,4542_20260702081634,"10","FIXED_PRICE","EUR",253.0,,,253.0,"0","","","Aug-25-26 05:47:31 PDT","Sep-25-26 05:47:31 PDT","PC Notebooks & Netbooks","177","","","Gebraucht","","","","","","DE","","",""
"307145462807",HP HP ProBook 640 G2 i5-6200U 16 GB 960 GB SSD 14 Zoll Win10 Pro,,12562783755,"0","FIXED_PRICE","EUR",257.0,,,257.0,"0","","","Aug-25-26 05:47:31 PDT","Sep-25-26 05:47:31 PDT","PC Notebooks & Netbooks","177","","","Gebraucht","","","","","","DE","","",""
"307145462809",Fujitsu LIFEBOOK U747 i5-6200U 32 GB 960 GB SSD 14 Zoll Win10 Pro,,16731625084,"0","FIXED_PRICE","EUR",297.0,,,297.0,"0","","","Aug-25-26 05:47:31 PDT","Sep-25-26 05:47:31 PDT","PC Notebooks & Netbooks","177","","","Gebraucht","","","","","","DE","","",""
"307145462811",Dell Dell Latitude 7480 i7-7600U 8 GB 480 GB SSD 14 Zoll Win11 Pro,,18043452718,"8","FIXED_PRICE","EUR",231.0,,,231.0,"0","","","Aug-25-26 05:47:31 PDT","Sep-25-26 05:47:31 PDT","PC Notebooks & Netbooks","177","","","Gebraucht","","","","","","DE","","",""
"307145462815",Dell Dell Latitude 7480 i7-7600U 16 GB 960 GB SSD 14 Zoll Win11 Pro,,18043470882,"8","FIXED_PRICE","EUR",301.0,,,301.0,"0","","","Aug-25-26 05:47:31 PDT","Sep-25-26 05:47:31 PDT","PC Notebooks & Netbooks","177","","","Gebraucht","","","","","","DE","","",""
"307145462817",Dell Latitude 7480 i7-6600U 8 GB 256 GB SSD 14 Zoll Win11 Pro,,18043612392,"8","FIXED_PRICE","EUR",194.0,,,194.0,"0","","","Aug-25-26 05:47:31 PDT","Sep-25-26 05:47:31 PDT","PC Notebooks & Netbooks","177","","","Gebraucht","","","","","","DE","","",""
"307145462821",Dell Latitude 5410 i5-10310U 8 GB 256 GB SSD 14 Zoll Win11 Pro,,18060070363,"8","FIXED_PRICE","EUR",272.0,,,272.0,"0","","","Aug-25-26 05:47:31 PDT","Sep-25-26 05:47:31 PDT","PC Notebooks & Netbooks","177","","","Gebraucht","","","","","","DE","","",""
"307149380524",Lenovo ThinkPad L14 Gen1 Ryzen 5 PRO 4650U 16 GB 256 GB SSD 14 Zoll Win11 Pro,,18255903176,"8","FIXED_PRICE","EUR",246.0,,,246.0,"0","0","0","Aug-27-26 05:37:03 PDT","Sep-27-26 05:37:03 PDT","PC Notebooks & Netbooks","177","","","Gebraucht","","","","","","DE","","",""
"307149380525",Lenovo ThinkPad L14 Gen1 Ryzen 5 PRO 4650U 16 GB 480 GB SSD 14 Zoll Win11 Pro,,17739357695,"8","FIXED_PRICE","EUR",295.0,,,295.0,"0","","","Aug-27-26 05:37:03 PDT","Sep-27-26 05:37:03 PDT","PC Notebooks & Netbooks","177","","","Gebraucht","","","","","","DE","","",""
"307149380526",Dell Latitude 7480 i7-7600U 8 GB 120 GB SSD 14 Zoll Win11 Pro,,17993044161,"8","FIXED_PRICE","EUR",159.0,,,159.0,"0","","","Aug-27-26 05:37:03 PDT","Sep-27-26 05:37:03 PDT","PC Notebooks & Netbooks","177","","","Gebraucht","","","","","","DE","","",""
"307149380528",Dell Latitude 7480 i5-6300U 8 GB 256 GB SSD 14 Zoll Win11 Pro,,5847,"8","FIXED_PRICE","EUR",159.0,,,159.0,"0","","","Aug-27-26 05:37:03 PDT","Sep-27-26 05:37:03 PDT","PC Notebooks & Netbooks","177","","","Gebraucht","","","","","","DE","","",""
"307149380529",Dell Latitude 7480 i5-6300U 8 GB 256 GB SSD 14 Zoll Win11 Pro,,5847_20251031095319,"8","FIXED_PRICE","EUR",136.0,,,136.0,"0","","","Aug-27-26 05:37:03 PDT","Sep-27-26 05:37:03 PDT","PC Notebooks & Netbooks","177","","","Gebraucht","","","","","","DE","","",""
"307149380532","Dell Latitude 5500 i5-8265U 16 GB 480 GB SSD 15,6 Zoll Win11 Pro",,18676042073,"8","FIXED_PRICE","EUR",332.0,,,332.0,"0","","","Aug-27-26 05:37:04 PDT","Sep-27-26 05:37:04 PDT","PC Notebooks & Netbooks","177","","","Gebraucht","","","","","","DE","","",""
"307149380533","Apple Apple MacBook Pro A1707 2017r. i7-7820HQ 16 GB 500 GB SSD 15,6 Zoll",,13068959207,"8","FIXED_PRICE","EUR",364.0,,,364.0,"0","","","Aug-27-26 05:37:04 PDT","Sep-27-26 05:37:04 PDT","Apple Notebooks","111422","","","Gebraucht","","","","","","DE","","",""
"307149380536",Dell Latitude 7490 i7-8650U 16 GB 960 GB SSD 14 Zoll Win11 Pro,,17897523407,"8","FIXED_PRICE","EUR",279.0,,,279.0,"0","","","Aug-27-26 05:37:04 PDT","Sep-27-26 05:37:04 PDT","PC Notebooks & Netbooks","177","","","Gebraucht","","","","","","DE","","",""
"307149380538",Dell Latitude 7480 i7-6600U 8 GB 256 GB SSD 14 Zoll Win11 Pro,,18043618387,"8","FIXED_PRICE","EUR",176.0,,,176.0,"0","","","Aug-27-26 05:37:04 PDT","Sep-27-26 05:37:04 PDT","PC Notebooks & Netbooks","177","","","Gebraucht","","","","","","DE","","",""
"307149380539",Dell Latitude 5410 i5-10310U 8 GB 256 GB SSD 14 Zoll Win11 Pro,,18060098957,"8","FIXED_PRICE","EUR",251.0,,,251.0,"0","","","Aug-27-26 05:37:04 PDT","Sep-27-26 05:37:04 PDT","PC Notebooks & Netbooks","177","","","Gebraucht","","","","","","DE","","",""
"307149380540",Dell Latitude 5410 i5-10310U 16 GB 256 GB SSD 14 Zoll Win11 Pro,,18060112469,"8","FIXED_PRICE","EUR",302.0,,,302.0,"0","","","Aug-27-26 05:37:04 PDT","Sep-27-26 05:37:04 PDT","PC Notebooks & Netbooks","177","","","Gebraucht","","","","","","DE","","",""
"307149380541",Dell Latitude 5410 i5-10310U 16 GB 480 GB SSD 14 Zoll Win11 Pro,,18060119648,"8","FIXED_PRICE","EUR",327.0,,,327.0,"0","","","Aug-27-26 05:37:04 PDT","Sep-27-26 05:37:04 PDT","PC Notebooks & Netbooks","177","","","Gebraucht","","","","","","DE","","",""
"307149380542",Dell Latitude 5410 i5-10310U 16 GB 960 GB SSD 14 Zoll Win11 Pro,,18060126128,"8","FIXED_PRICE","EUR",357.0,,,357.0,"0","","","Aug-27-26 05:37:04 PDT","Sep-27-26 05:37:04 PDT","PC Notebooks & Netbooks","177","","","Gebraucht","","","","","","DE","","",""
"307149380543",Dell Latitude 5410 i5-10310U 32 GB 256 GB SSD 14 Zoll Win11 Pro,,18060136071,"8","FIXED_PRICE","EUR",350.0,,,350.0,"0","","","Aug-27-26 05:37:04 PDT","Sep-27-26 05:37:04 PDT","PC Notebooks & Netbooks","177","","","Gebraucht","","","","","","DE","","",""
"307149380544",Dell Latitude 5410 i5-10310U 32 GB 480 GB SSD 14 Zoll Win11 Pro,,18062217517,"8","FIXED_PRICE","EUR",378.0,,,378.0,"0","","","Aug-27-26 05:37:04 PDT","Sep-27-26 05:37:04 PDT","PC Notebooks & Netbooks","177","","","Gebraucht","","","","","","DE","","",""
"307149380545",Dell Latitude 5410 i5-10310U 32 GB 960 GB SSD 14 Zoll Win11 Pro,,18062225083,"8","FIXED_PRICE","EUR",408.0,,,408.0,"0","","","Aug-27-26 05:37:04 PDT","Sep-27-26 05:37:04 PDT","PC Notebooks & Netbooks","177","","","Gebraucht","","","","","","DE","","",""
"307149380546",Dell Latitude 5410 i5-10310U 16 GB 256 GB SSD 14 Zoll Win11 Pro,,18062285076,"8","FIXED_PRICE","EUR",279.0,,,279.0,"0","","","Aug-27-26 05:37:04 PDT","Sep-27-26 05:37:04 PDT","PC Notebooks & Netbooks","177","","","Gebraucht","","","","","","DE","","",""
"307149380548",Dell Latitude 5410 i5-10310U 16 GB 480 GB SSD 14 Zoll Win11 Pro,,18062297262,"8","FIXED_PRICE","EUR",304.0,,,304.0,"0","","","Aug-27-26 05:37:04 PDT","Sep-27-26 05:37:04 PDT","PC Notebooks & Netbooks","177","","","Gebraucht","","","","","","DE","","",""
"307149380549",Dell Latitude 5410 i5-10310U 16 GB 960 GB SSD 14 Zoll Win11 Pro,,18062314836,"8","FIXED_PRICE","EUR",334.0,,,334.0,"0","","","Aug-27-26 05:37:04 PDT","Sep-27-26 05:37:04 PDT","PC Notebooks & Netbooks","177","","","Gebraucht","","","","","","DE","","",""
"307149380550",Dell Latitude 5410 i5-10310U 32 GB 960 GB SSD 14 Zoll Win11 Pro,,18062335579,"8","FIXED_PRICE","EUR",385.0,,,385.0,"0","","","Aug-27-26 05:37:04 PDT","Sep-27-26 05:37:04 PDT","PC Notebooks & Netbooks","177","","","Gebraucht","","","","","","DE","","",""
"307149380552",Dell Latitude 5420 i5-1135G7 16 GB 256 GB SSD 14 Zoll Win11 Pro,,18062476899,"8","FIXED_PRICE","EUR",348.0,,,348.0,"0","","","Aug-27-26 05:37:04 PDT","Sep-27-26 05:37:04 PDT","PC Notebooks & Netbooks","177","","","Gebraucht","","","","","","DE","","",""
"307149380553",Dell Latitude 5420 i5-1135G7 8 GB 256 GB SSD 14 Zoll Win11 Pro,,18062427659,"8","FIXED_PRICE","EUR",318.0,,,318.0,"0","","","Aug-27-26 05:37:04 PDT","Sep-27-26 05:37:04 PDT","PC Notebooks & Netbooks","177","","","Gebraucht","","","","","","DE","","",""
"307149380556",Dell Latitude 5420 i5-1135G7 32 GB 256 GB SSD 14 Zoll Win11 Pro,,18062640204,"8","FIXED_PRICE","EUR",396.0,,,396.0,"0","","","Aug-27-26 05:37:04 PDT","Sep-27-26 05:37:04 PDT","PC Notebooks & Netbooks","177","","","Gebraucht","","","","","","DE","","",""
"307149380557",Dell Latitude 5420 i5-1135G7 16 GB 960 GB SSD 14 Zoll Win11 Pro,,18062634335,"8","FIXED_PRICE","EUR",403.0,,,403.0,"0","","","Aug-27-26 05:37:04 PDT","Sep-27-26 05:37:04 PDT","PC Notebooks & Netbooks","177","","","Gebraucht","","","","","","DE","","",""
"307149380558",Dell Latitude 5420 i5-1135G7 16 GB 256 GB SSD 14 Zoll Win11 Pro,,18062772935,"8","FIXED_PRICE","EUR",325.0,,,325.0,"0","","","Aug-27-26 05:37:04 PDT","Sep-27-26 05:37:04 PDT","PC Notebooks & Netbooks","177","","","Gebraucht","","","","","","DE","","",""
"307149380561",Dell Latitude 5420 i5-1135G7 8 GB 256 GB SSD 14 Zoll Win11 Pro,,18062675456,"8","FIXED_PRICE","EUR",295.0,,,295.0,"0","","","Aug-27-26 05:37:04 PDT","Sep-27-26 05:37:04 PDT","PC Notebooks & Netbooks","177","","","Gebraucht","","","","","","DE","","",""
"307149380562",Dell Latitude 5420 i5-1135G7 16 GB 480 GB SSD 14 Zoll Win11 Pro,,18062782306,"8","FIXED_PRICE","EUR",350.0,,,350.0,"0","","","Aug-27-26 05:37:04 PDT","Sep-27-26 05:37:04 PDT","PC Notebooks & Netbooks","177","","","Gebraucht","","","","","","DE","","",""
"307149380563","Dell Latitude 5300 i5-8365U 16 GB 256 GB SSD 13,3 Zoll Win11 Pro",,18117905077,"0","FIXED_PRICE","EUR",233.0,,,233.0,"0","","","Aug-27-26 05:37:04 PDT","Sep-27-26 05:37:04 PDT","PC Notebooks & Netbooks","177","","","Gebraucht","","","","","","DE","","",""
"307149380567","Dell Latitude 5300 i5-8365U 16 GB 480 GB SSD 13,3 Zoll Win11 Pro",,18117919083,"0","FIXED_PRICE","EUR",261.0,,,261.0,"0","","","Aug-27-26 05:37:04 PDT","Sep-27-26 05:37:04 PDT","PC Notebooks & Netbooks","177","","","Gebraucht","","","","","","DE","","",""
"307149380568","Dell Latitude 5300 i5-8365U 16 GB 960 GB SSD 13,3 Zoll Win11 Pro",,18117921547,"0","FIXED_PRICE","EUR",302.0,,,302.0,"0","","","Aug-27-26 05:37:04 PDT","Sep-27-26 05:37:04 PDT","PC Notebooks & Netbooks","177","","","Gebraucht","","","","","","DE","","",""
"307149380570",HP ProBook 640 G8 i5-1145G7 8 GB 256 GB SSD 14 Zoll Win11 Home,,18291941242,"8","FIXED_PRICE","EUR",318.0,,,318.0,"0","","","Aug-27-26 05:37:04 PDT","Sep-27-26 05:37:04 PDT","PC Notebooks & Netbooks","177","","","Gebraucht","","","","","","DE","","",""
"307149380571","Dell Latitude 5300 i5-8365U 32 GB 960 GB SSD 13,3 Zoll Win11 Pro",,18117927015,"0","FIXED_PRICE","EUR",353.0,,,353.0,"0","","","Aug-27-26 05:37:04 PDT","Sep-27-26 05:37:04 PDT","PC Notebooks & Netbooks","177","","","Gebraucht","","","","","","DE","","",""
"307149380572",HP ProBook 640 G8 i5-1145G7 16 GB 256 GB SSD 14 Zoll Win11 Home,,18291993563,"8","FIXED_PRICE","EUR",309.0,,,309.0,"0","","","Aug-27-26 05:37:04 PDT","Sep-27-26 05:37:04 PDT","PC Notebooks & Netbooks","177","","","Gebraucht","","","","","","DE","","",""
"307149380573",HP ProBook 640 G8 i5-1145G7 8 GB 256 GB SSD 14 Zoll Win11 Home,,18291981656,"8","FIXED_PRICE","EUR",263.0,,,263.0,"0","","","Aug-27-26 05:37:04 PDT","Sep-27-26 05:37:04 PDT","PC Notebooks & Netbooks","177","","","Gebraucht","","","","","","DE","","",""
"307149380575",HP ProBook 640 G8 i5-1145G7 16 GB 480 GB SSD 14 Zoll Win11 Home,,18292005235,"8","FIXED_PRICE","EUR",341.0,,,341.0,"0","","","Aug-27-26 05:37:04 PDT","Sep-27-26 05:37:04 PDT","PC Notebooks & Netbooks","177","","","Gebraucht","","","","","","DE","","",""
"307149380576",HP ProBook 640 G8 i5-1145G7 16 GB 960 GB SSD 14 Zoll Win11 Home,,18292014054,"8","FIXED_PRICE","EUR",410.0,,,410.0,"0","","","Aug-27-26 05:37:04 PDT","Sep-27-26 05:37:04 PDT","PC Notebooks & Netbooks","177","","","Gebraucht","","","","","","DE","","",""
"307149380577",HP ProBook 640 G8 i5-1145G7 32 GB 480 GB SSD 14 Zoll Win11 Home,,18292018212,"8","FIXED_PRICE","EUR",421.0,,,421.0,"0","","","Aug-27-26 05:37:04 PDT","Sep-27-26 05:37:04 PDT","PC Notebooks & Netbooks","177","","","Gebraucht","","","","","","DE","","",""
"307149380579",HP ProBook 640 G8 i5-1145G7 32 GB 960 GB SSD 14 Zoll Win11 Home,,18292016582,"8","FIXED_PRICE","EUR",490.0,,,490.0,"0","","","Aug-27-26 05:37:05 PDT","Sep-27-26 05:37:05 PDT","PC Notebooks & Netbooks","177","","","Gebraucht","","","","","","DE","","",""
"307149380580",HP ProBook 640 G8 i5-1145G7 16 GB 480 GB SSD 14 Zoll Win11 Home,,18292027458,"8","FIXED_PRICE","EUR",398.0,,,398.0,"0","","","Aug-27-26 05:37:05 PDT","Sep-27-26 05:37:05 PDT","PC Notebooks & Netbooks","177","","","Gebraucht","","","","","","DE","","",""
"307149380581",HP ProBook 640 G8 i5-1145G7 16 GB 256 GB SSD 14 Zoll Win11 Home,,18292021358,"8","FIXED_PRICE","EUR",364.0,,,364.0,"0","","","Aug-27-26 05:37:05 PDT","Sep-27-26 05:37:05 PDT","PC Notebooks & Netbooks","177","","","Gebraucht","","","","","","DE","","",""
"307149380582",HP ProBook 640 G8 i5-1145G7 16 GB 960 GB SSD 14 Zoll Win11 Home,,18292030088,"8","FIXED_PRICE","EUR",467.0,,,467.0,"0","","","Aug-27-26 05:37:05 PDT","Sep-27-26 05:37:05 PDT","PC Notebooks & Netbooks","177","","","Gebraucht","","","","","","DE","","",""
"307149380584",HP ProBook 640 G8 i5-1145G7 32 GB 480 GB SSD 14 Zoll Win11 Home,,18292050649,"8","FIXED_PRICE","EUR",547.0,,,547.0,"0","","","Aug-27-26 05:37:05 PDT","Sep-27-26 05:37:05 PDT","PC Notebooks & Netbooks","177","","","Gebraucht","","","","","","DE","","",""
"307149380585",HP ProBook 640 G8 i5-1145G7 32 GB 960 GB SSD 14 Zoll Win11 Home,,18292048781,"8","FIXED_PRICE","EUR",547.0,,,547.0,"0","","","Aug-27-26 05:37:05 PDT","Sep-27-26 05:37:05 PDT","PC Notebooks & Netbooks","177","","","Gebraucht","","","","","","DE","","",""
"307149380587",HP ProBook 640 G8 i5-1145G7 32 GB 256 GB SSD 14 Zoll Win11 Home,,18292052287,"8","FIXED_PRICE","EUR",444.0,,,444.0,"0","","","Aug-27-26 05:37:05 PDT","Sep-27-26 05:37:05 PDT","PC Notebooks & Netbooks","177","","","Gebraucht","","","","","","DE","","",""
"307149380589",Dell Latitude 7480 i7-6600U 16 GB 480 GB SSD 14 Zoll Win11 Pro,,18295062294,"8","FIXED_PRICE","EUR",257.0,,,257.0,"0","","","Aug-27-26 05:37:05 PDT","Sep-27-26 05:37:05 PDT","PC Notebooks & Netbooks","177","","","Gebraucht","","","","","","DE","","",""
"307149380592",Lenovo ThinkPad L14 Gen 1 Ryzen 5 PRO 4650U 8 GB 256 GB SSD 14 Zoll Win11 Home,,18324472819,"8","FIXED_PRICE","EUR",240.0,,,240.0,"0","","","Aug-27-26 05:37:05 PDT","Sep-27-26 05:37:05 PDT","PC Notebooks & Netbooks","177","","","Gebraucht","","","","","","DE","","",""
"307149380593",Dell Latitude 7480 i7-6600U 32 GB 960 GB SSD 14 Zoll Win11 Pro,,18295070323,"8","FIXED_PRICE","EUR",404.0,,,404.0,"0","","","Aug-27-26 05:37:05 PDT","Sep-27-26 05:37:05 PDT","PC Notebooks & Netbooks","177","","","Gebraucht","","","","","","DE","","",""
"307149380594","HP Zbook 14U G5 i5-7300U 8 GB 120 GB SSD 14,1 Zoll Win11 Pro",,18372382028,"8","FIXED_PRICE","EUR",182.0,,,182.0,"0","","","Aug-27-26 05:37:05 PDT","Sep-27-26 05:37:05 PDT","PC Notebooks & Netbooks","177","","","Gebraucht","","","","","","DE","","",""
"307149380595","HP Zbook 14U G5 i5-7200U 16 GB 120 GB SSD 14,1 Zoll Win11 Pro",,18372407303,"8","FIXED_PRICE","EUR",223.0,,,223.0,"0","","","Aug-27-26 05:37:05 PDT","Sep-27-26 05:37:05 PDT","PC Notebooks & Netbooks","177","","","Gebraucht","","","","","","DE","","",""
"307149380596",Lenovo ThinkPad L14 Gen 1 Ryzen 5 PRO 4650U 16 GB 256 GB SSD 14 Zoll Win11 Home,,18375908714,"8","FIXED_PRICE","EUR",263.0,,,263.0,"0","","","Aug-27-26 05:37:05 PDT","Sep-27-26 05:37:05 PDT","PC Notebooks & Netbooks","177","","","Gebraucht","","","","","","DE","","",""
"307149380598",Dell Latitude 7480 i7-6600U 16 GB 256 GB SSD 14 Zoll Win11 Pro,,18295056058,"8","FIXED_PRICE","EUR",223.0,,,223.0,"0","","","Aug-27-26 05:37:05 PDT","Sep-27-26 05:37:05 PDT","PC Notebooks & Netbooks","177","","","Gebraucht","","","","","","DE","","",""
"307149380599",Lenovo ThinkPad L14 Gen 1 Ryzen 5 PRO 4650U 16 GB 480 GB SSD 14 Zoll Win11 Home,,18375916253,"8","FIXED_PRICE","EUR",295.0,,,295.0,"0","","","Aug-27-26 05:37:05 PDT","Sep-27-26 05:37:05 PDT","PC Notebooks & Netbooks","177","","","Gebraucht","","","","","","DE","","",""
"307149380600",Lenovo ThinkPad L14 Gen 1 Ryzen 5 PRO 4650U 32 GB 480 GB SSD 14 Zoll Win11 Home,,18375966844,"8","FIXED_PRICE","EUR",378.0,,,378.0,"1","2","0","Aug-27-26 05:37:05 PDT","Sep-27-26 05:37:05 PDT","PC Notebooks & Netbooks","177","","","Gebraucht","","","","","","DE","","",""
"307149380601",Lenovo ThinkPad L14 Gen 1 Ryzen 5 PRO 4650U 16 GB 960 GB SSD 14 Zoll Win11 Home,,18375944967,"8","FIXED_PRICE","EUR",378.0,,,378.0,"0","","","Aug-27-26 05:37:05 PDT","Sep-27-26 05:37:05 PDT","PC Notebooks & Netbooks","177","","","Gebraucht","","","","","","DE","","",""
"307149380602",Lenovo ThinkPad L14 Gen 1 Ryzen 5 PRO 4650U 16 GB 256 GB SSD 14 Zoll Win11 Home,,18375973272,"8","FIXED_PRICE","EUR",286.0,,,286.0,"0","","","Aug-27-26 05:37:05 PDT","Sep-27-26 05:37:05 PDT","PC Notebooks & Netbooks","177","","","Gebraucht","","","","","","DE","","",""
"307149380603",Lenovo ThinkPad L14 Gen 1 Ryzen 5 PRO 4650U 32 GB 960 GB SSD 14 Zoll Win11 Home,,18375969839,"8","FIXED_PRICE","EUR",456.0,,,456.0,"0","","","Aug-27-26 05:37:05 PDT","Sep-27-26 05:37:05 PDT","PC Notebooks & Netbooks","177","","","Gebraucht","","","","","","DE","","",""
"307149380605",Lenovo ThinkPad L14 Gen 1 Ryzen 5 PRO 4650U 16 GB 480 GB SSD 14 Zoll Win11 Home,,18375975189,"8","FIXED_PRICE","EUR",318.0,,,318.0,"0","1","0","Aug-27-26 05:37:05 PDT","Sep-27-26 05:37:05 PDT","PC Notebooks & Netbooks","177","","","Gebraucht","","","","","","DE","","",""
"307149380607",Lenovo ThinkPad L14 Gen 1 Ryzen 5 PRO 4650U 16 GB 960 GB SSD 14 Zoll Win11 Home,,18375986631,"8","FIXED_PRICE","EUR",398.0,,,398.0,"0","","","Aug-27-26 05:37:05 PDT","Sep-27-26 05:37:05 PDT","PC Notebooks & Netbooks","177","","","Gebraucht","","","","","","DE","","",""
"307149380609",Lenovo ThinkPad L14 Gen 1 Ryzen 5 PRO 4650U 32 GB 256 GB SSD 14 Zoll Win11 Home,,18375996657,"8","FIXED_PRICE","EUR",364.0,,,364.0,"0","","","Aug-27-26 05:37:05 PDT","Sep-27-26 05:37:05 PDT","PC Notebooks & Netbooks","177","","","Gebraucht","","","","","","DE","","",""
"307149380610",Lenovo ThinkPad L14 Gen 1 Ryzen 5 PRO 4650U 32 GB 960 GB SSD 14 Zoll Win11 Home,,18376044370,"8","FIXED_PRICE","EUR",479.0,,,479.0,"0","","","Aug-27-26 05:37:05 PDT","Sep-27-26 05:37:05 PDT","PC Notebooks & Netbooks","177","","","Gebraucht","","","","","","DE","","",""
"307149380611",Lenovo ThinkPad L14 Gen 1 Ryzen 5 PRO 4650U 32 GB 480 GB SSD 14 Zoll Win11 Home,,18376031910,"8","FIXED_PRICE","EUR",398.0,,,398.0,"0","","","Aug-27-26 05:37:05 PDT","Sep-27-26 05:37:05 PDT","PC Notebooks & Netbooks","177","","","Gebraucht","","","","","","DE","","",""
"307149380613",Lenovo ThinkPad L14 Gen 1 Ryzen 5 PRO 4650U 32 GB 256 GB SSD 14 Zoll Win11 Home,,18418685638,"8","FIXED_PRICE","EUR",398.0,,,398.0,"0","","","Aug-27-26 05:37:05 PDT","Sep-27-26 05:37:05 PDT","PC Notebooks & Netbooks","177","","","Gebraucht","","","","","","DE","","",""
"307149380614",HP ProBook 640 G8 i5-1145G7 8 GB 256 GB SSD 14 Zoll Win11 Home,,18418965743,"8","FIXED_PRICE","EUR",348.0,,,348.0,"0","","","Aug-27-26 05:37:05 PDT","Sep-27-26 05:37:05 PDT","PC Notebooks & Netbooks","177","","","Gebraucht","","","","","","DE","","",""
"307149380615",Lenovo ThinkPad L14 Gen 1 Ryzen 5 PRO 4650U 32 GB 480 GB SSD 14 Zoll Win11 Home,,18418687984,"8","FIXED_PRICE","EUR",433.0,,,433.0,"0","","","Aug-27-26 05:37:05 PDT","Sep-27-26 05:37:05 PDT","PC Notebooks & Netbooks","177","","","Gebraucht","","","","","","DE","","",""
"307149380617",HP ProBook 640 G8 i5-1145G7 32 GB 256 GB SSD 14 Zoll Win11 Home,,18419024691,"8","FIXED_PRICE","EUR",479.0,,,479.0,"0","","","Aug-27-26 05:37:05 PDT","Sep-27-26 05:37:05 PDT","PC Notebooks & Netbooks","177","","","Gebraucht","","","","","","DE","","",""
"307149380618",HP ProBook 640 G8 i5-1145G7 16 GB 256 GB SSD 14 Zoll Win11 Home,,18419017446,"8","FIXED_PRICE","EUR",398.0,,,398.0,"0","","","Aug-27-26 05:37:05 PDT","Sep-27-26 05:37:05 PDT","PC Notebooks & Netbooks","177","","","Gebraucht","","","","","","DE","","",""
"307149380621",HP ProBook 640 G8 i5-1145G7 16 GB 500 GB SSD 14 Zoll Win11 Home,,18419032428,"8","FIXED_PRICE","EUR",433.0,,,433.0,"0","","","Aug-27-26 05:37:05 PDT","Sep-27-26 05:37:05 PDT","PC Notebooks & Netbooks","177","","","Gebraucht","","","","","","DE","","",""
"307149380622","HP ProBook 450 G8 i5-1135G7 16 GB 480 GB SSD 15,6 Zoll Win11 Pro",,18523626363,"8","FIXED_PRICE","EUR",444.0,,,444.0,"0","","","Aug-27-26 05:37:05 PDT","Sep-27-26 05:37:05 PDT","PC Notebooks & Netbooks","177","","","Gebraucht","","","","","","DE","","",""
"307149380623","HP ProBook 450 G8 i5-1135G7 32 GB 256 GB SSD 15,6 Zoll Win11 Pro",,18523641258,"8","FIXED_PRICE","EUR",502.0,,,502.0,"0","","","Aug-27-26 05:37:05 PDT","Sep-27-26 05:37:05 PDT","PC Notebooks & Netbooks","177","","","Gebraucht","","","","","","DE","","",""
"307149380624","HP ProBook 450 G8 i5-1135G7 16 GB 960 GB SSD 15,6 Zoll Win11 Pro",,18523629118,"8","FIXED_PRICE","EUR",524.0,,,524.0,"0","","","Aug-27-26 05:37:05 PDT","Sep-27-26 05:37:05 PDT","PC Notebooks & Netbooks","177","","","Gebraucht","","","","","","DE","","",""
"307149380625","HP ProBook 450 G8 i5-1135G7 32 GB 480 GB SSD 15,6 Zoll Win11 Pro",,18523652836,"8","FIXED_PRICE","EUR",536.0,,,536.0,"0","","","Aug-27-26 05:37:05 PDT","Sep-27-26 05:37:05 PDT","PC Notebooks & Netbooks","177","","","Gebraucht","","","","","","DE","","",""
"307149380627","HP ProBook 450 G8 i5-1135G7 32 GB 960 GB SSD 15,6 Zoll Win11 Pro",,18523660017,"8","FIXED_PRICE","EUR",616.0,,,616.0,"0","","","Aug-27-26 05:37:06 PDT","Sep-27-26 05:37:06 PDT","PC Notebooks & Netbooks","177","","","Gebraucht","","","","","","DE","","",""
"307149380628","HP ProBook 450 G8 i5-1135G7 16 GB 480 GB SSD 15,6 Zoll Win11 Pro",,18523686620,"8","FIXED_PRICE","EUR",398.0,,,398.0,"0","","","Aug-27-26 05:37:06 PDT","Sep-27-26 05:37:06 PDT","PC Notebooks & Netbooks","177","","","Gebraucht","","","","","","DE","","",""
"307149380629","HP ProBook 450 G8 i5-1135G7 32 GB 480 GB SSD 15,6 Zoll Win11 Pro",,18523741291,"8","FIXED_PRICE","EUR",490.0,,,490.0,"0","","","Aug-27-26 05:37:06 PDT","Sep-27-26 05:37:06 PDT","PC Notebooks & Netbooks","177","","","Gebraucht","","","","","","DE","","",""
"307149380630","HP ProBook 450 G8 i5-1135G7 32 GB 960 GB SSD 15,6 Zoll Win11 Pro",,18523745140,"8","FIXED_PRICE","EUR",570.0,,,570.0,"0","","","Aug-27-26 05:37:06 PDT","Sep-27-26 05:37:06 PDT","PC Notebooks & Netbooks","177","","","Gebraucht","","","","","","DE","","",""
"307149380631","HP ProBook 450 G8 i5-1135G7 32 GB 256 GB SSD 15,6 Zoll Win11 Pro",,18523711853,"8","FIXED_PRICE","EUR",456.0,,,456.0,"0","","","Aug-27-26 05:37:06 PDT","Sep-27-26 05:37:06 PDT","PC Notebooks & Netbooks","177","","","Gebraucht","","","","","","DE","","",""
"307149380632","Dell Latitude 5500 i5-8365U 8 GB 256 GB SSD 15,6 Zoll Win10 Pro",,18675986463,"8","FIXED_PRICE","EUR",251.0,,,251.0,"0","","","Aug-27-26 05:37:06 PDT","Sep-27-26 05:37:06 PDT","PC Notebooks & Netbooks","177","","","Gebraucht","","","","","","DE","","",""
"307149380635","Dell Latitude 5500 i5-8265U 16 GB 960 GB SSD 15,6 Zoll Win11 Pro",,18676051117,"8","FIXED_PRICE","EUR",410.0,,,410.0,"0","","","Aug-27-26 05:37:06 PDT","Sep-27-26 05:37:06 PDT","PC Notebooks & Netbooks","177","","","Gebraucht","","","","","","DE","","",""
"307149380636","Dell Latitude 5500 i5-8265U 32 GB 960 GB SSD 15,6 Zoll Win11 Pro",,18676063285,"8","FIXED_PRICE","EUR",490.0,,,490.0,"0","","","Aug-27-26 05:37:06 PDT","Sep-27-26 05:37:06 PDT","PC Notebooks & Netbooks","177","","","Gebraucht","","","","","","DE","","",""
"307149380639","Dell Latitude 5500 i5-8265U 32 GB 960 GB SSD 15,6 Zoll Win11 Pro",,18676092683,"8","FIXED_PRICE","EUR",444.0,,,444.0,"0","","","Aug-27-26 05:37:06 PDT","Sep-27-26 05:37:06 PDT","PC Notebooks & Netbooks","177","","","Gebraucht","","","","","","DE","","",""
"307149380640","Dell Latitude 5500 i5-8265U 16 GB 960 GB SSD 15,6 Zoll Win11 Pro",,18676087088,"8","FIXED_PRICE","EUR",364.0,,,364.0,"0","","","Aug-27-26 05:37:06 PDT","Sep-27-26 05:37:06 PDT","PC Notebooks & Netbooks","177","","","Gebraucht","","","","","","DE","","",""
"307149380641",HP Elitebook 840 G6 i7-8665U 8 GB 256 GB SSD 14 Zoll Win10 Pro,,18726252529,"8","FIXED_PRICE","EUR",274.0,,,274.0,"0","","","Aug-27-26 05:37:06 PDT","Sep-27-26 05:37:06 PDT","PC Notebooks & Netbooks","177","","","Gebraucht","","","","","","DE","","",""
"307149380642",HP Elitebook 840 G6 i7-8665U 8 GB 256 GB SSD 14 Zoll Win10 Pro,,18726244644,"8","FIXED_PRICE","EUR",251.0,,,251.0,"0","","","Aug-27-26 05:37:06 PDT","Sep-27-26 05:37:06 PDT","PC Notebooks & Netbooks","177","","","Gebraucht","","","","","","DE","","",""
"307149380643",HP Elitebook 840 G6 i7-8665U 16 GB 256 GB SSD 14 Zoll Win11 Pro,,18726269528,"8","FIXED_PRICE","EUR",318.0,,,318.0,"0","","","Aug-27-26 05:37:06 PDT","Sep-27-26 05:37:06 PDT","PC Notebooks & Netbooks","177","","","Gebraucht","","","","","","DE","","",""
"307149380644",HP Elitebook 840 G6 i7-8665U 16 GB 480 GB SSD 14 Zoll Win11 Pro,,18726291698,"8","FIXED_PRICE","EUR",355.0,,,355.0,"0","","","Aug-27-26 05:37:06 PDT","Sep-27-26 05:37:06 PDT","PC Notebooks & Netbooks","177","","","Gebraucht","","","","","","DE","","",""
"307149380645",HP Elitebook 840 G6 i7-8665U 16 GB 1000 GB SSD 14 Zoll Win11 Pro,,18726296943,"8","FIXED_PRICE","EUR",433.0,,,433.0,"0","","","Aug-27-26 05:37:06 PDT","Sep-27-26 05:37:06 PDT","PC Notebooks & Netbooks","177","","","Gebraucht","","","","","","DE","","",""
"307149380646",HP Elitebook 840 G6 i7-8665U 32 GB 1000 GB SSD 14 Zoll Win11 Pro,,18726310316,"8","FIXED_PRICE","EUR",513.0,,,513.0,"0","","","Aug-27-26 05:37:06 PDT","Sep-27-26 05:37:06 PDT","PC Notebooks & Netbooks","177","","","Gebraucht","","","","","","DE","","",""
"307149380649",HP Elitebook 840 G6 i7-8665U 16 GB 256 GB SSD 14 Zoll Win11 Pro,,18726318979,"8","FIXED_PRICE","EUR",295.0,,,295.0,"0","","","Aug-27-26 05:37:06 PDT","Sep-27-26 05:37:06 PDT","PC Notebooks & Netbooks","177","","","Gebraucht","","","","","","DE","","",""
"307149380651",HP Elitebook 840 G6 i7-8665U 16 GB 500 GB SSD 14 Zoll Win11 Pro,,18726328063,"8","FIXED_PRICE","EUR",332.0,,,332.0,"0","","","Aug-27-26 05:37:06 PDT","Sep-27-26 05:37:06 PDT","PC Notebooks & Netbooks","177","","","Gebraucht","","","","","","DE","","",""
"307149380653",HP Elitebook 840 G6 i7-8665U 16 GB 1000 GB SSD 14 Zoll Win11 Pro,,18726337859,"8","FIXED_PRICE","EUR",410.0,,,410.0,"0","","","Aug-27-26 05:37:06 PDT","Sep-27-26 05:37:06 PDT","PC Notebooks & Netbooks","177","","","Gebraucht","","","","","","DE","","",""
"307149380654",HP EliteBook 840 G6 i5-8350U 32 GB 960 GB SSD 14 Zoll Win10 Pro,,18468856898,"8","FIXED_PRICE","EUR",479.0,,,479.0,"0","","","Aug-27-26 05:37:06 PDT","Sep-27-26 05:37:06 PDT","PC Notebooks & Netbooks","177","","","Gebraucht","","","","","","DE","","",""
"307149380655",HP Elitebook 840 G6 i7-8665U 32 GB 1000 GB SSD 14 Zoll Win11 Pro,,18726346096,"8","FIXED_PRICE","EUR",490.0,,,490.0,"0","","","Aug-27-26 05:37:06 PDT","Sep-27-26 05:37:06 PDT","PC Notebooks & Netbooks","177","","","Gebraucht","","","","","","DE","","",""
"307149380656",HP ZBook 14u G5 i5-7200U 16 GB 480 GB SSD 14 Zoll Win10 Pro,,12649754926,"8","FIXED_PRICE","EUR",332.0,,,332.0,"0","","","Aug-27-26 05:37:06 PDT","Sep-27-26 05:37:06 PDT","PC Notebooks & Netbooks","177","","","Gebraucht","","","","","","DE","","",""
"307149380657",Lenovo ThinkPad T490 i5-8265U 8 GB 256 GB SSD 14 Zoll Win11 Pro,,4220,"8","FIXED_PRICE","EUR",275.0,,,275.0,"0","","","Aug-27-26 05:37:06 PDT","Sep-27-26 05:37:06 PDT","PC Notebooks & Netbooks","177","","","Gebraucht","","","","","","DE","","",""
"307149380659","HP EliteBook 850 G3 i5-6200U 8 GB 240 GB SSD 15,6 Zoll Win11 Pro",,3855,"0","FIXED_PRICE","EUR",182.0,,,182.0,"0","","","Aug-27-26 05:37:06 PDT","Sep-27-26 05:37:06 PDT","PC Notebooks & Netbooks","177","","","Gebraucht","","","","","","DE","","",""
"307149380661",Dell Latitude 5410 i5-10310U 32 GB 480 GB SSD 14 Zoll Win11 Pro,,15092071150,"8","FIXED_PRICE","EUR",435.0,,,435.0,"0","","","Aug-27-26 05:37:06 PDT","Sep-27-26 05:37:06 PDT","PC Notebooks & Netbooks","177","","","Gebraucht","","","","","","DE","","",""
"307149380662","Dell Dell Precision 7740 i7-9850H 16 GB 512 GB SSD 17,3 Zoll Win11 Pro",,17869434815,"8","FIXED_PRICE","EUR",751.0,,,751.0,"0","","","Aug-27-26 05:37:06 PDT","Sep-27-26 05:37:06 PDT","PC Notebooks & Netbooks","177","","","Gebraucht","","","","","","DE","","",""
"307149380665",HP ZBook 14u G5 i5-7200U 16 GB 256 GB SSD 14 Zoll Win10 Pro,,12564312769,"8","FIXED_PRICE","EUR",302.0,,,302.0,"0","","","Aug-27-26 05:37:06 PDT","Sep-27-26 05:37:06 PDT","PC Notebooks & Netbooks","177","","","Gebraucht","","","","","","DE","","",""
"307149380666",Dell Latitude 5410 i5-10310U 32 GB 960 GB SSD 14 Zoll Win11 Pro,,15092084477,"8","FIXED_PRICE","EUR",465.0,,,465.0,"0","","","Aug-27-26 05:37:06 PDT","Sep-27-26 05:37:06 PDT","PC Notebooks & Netbooks","177","","","Gebraucht","","","","","","DE","","",""
"307149380669","Dell Dell Precision 7740 i7-9850H 16 GB 512 GB SSD 17,3 Zoll Win11 Pro",,17869432585,"8","FIXED_PRICE","EUR",866.0,,,866.0,"0","","","Aug-27-26 05:37:06 PDT","Sep-27-26 05:37:06 PDT","PC Notebooks & Netbooks","177","","","Gebraucht","","","","","","DE","","",""
"307149380670",HP ZBook 14u G5 i5-7200U 16 GB 256 GB SSD 14 Zoll Win11 Pro,,4622,"8","FIXED_PRICE","EUR",302.0,,,302.0,"0","","","Aug-27-26 05:37:06 PDT","Sep-27-26 05:37:06 PDT","PC Notebooks & Netbooks","177","","","Gebraucht","","","","","","DE","","",""
"307149380671","Dell Latitude 5500 i5-8365U 16 GB 480 GB SSD 15,6 Zoll Win11 Pro",,5494,"8","FIXED_PRICE","EUR",309.0,,,309.0,"0","","","Aug-27-26 05:37:06 PDT","Sep-27-26 05:37:06 PDT","PC Notebooks & Netbooks","177","","","Gebraucht","","","","","","DE","","",""
"307149380672","Dell Latitude 5500 i5-8265U 32 GB 480 GB SSD 15,6 Zoll Win11 Pro",,6222_20260430093735,"8","FIXED_PRICE","EUR",433.0,,,433.0,"0","","","Aug-27-26 05:37:07 PDT","Sep-27-26 05:37:07 PDT","PC Notebooks & Netbooks","177","","","Gebraucht","","","","","","DE","","",""
"307149380673","Dell Latitude 5500 i5-8365U 16 GB 512 GB SSD 15,6 Zoll Win10 Pro",,18561294716,"8","FIXED_PRICE","EUR",286.0,,,286.0,"0","","","Aug-27-26 05:37:07 PDT","Sep-27-26 05:37:07 PDT","PC Notebooks & Netbooks","177","","","Gebraucht","","","","","","DE","","",""
"307149380674","Dell Latitude 5500 i5-8265U 32 GB 2 TB SSD 15,6 Zoll Win11 Pro",,6222_20260505134958,"8","FIXED_PRICE","EUR",593.0,,,593.0,"0","","","Aug-27-26 05:37:07 PDT","Sep-27-26 05:37:07 PDT","PC Notebooks & Netbooks","177","","","Gebraucht","","","","","","DE","","",""
"307149380675",Lenovo ThinkPad T14 Gen1 Ryzen 5 PRO 4650U 16 GB 480 GB SSD 14 Zoll Win11 Pro,,18415895321,"8","FIXED_PRICE","EUR",280.0,,,280.0,"0","0","0","Aug-27-26 05:37:07 PDT","Sep-27-26 05:37:07 PDT","PC Notebooks & Netbooks","177","","","Gebraucht","","","","","","DE","","",""
"307149380676","Dell Latitude 5500 i5-8365U 32 GB 1 TB SSD 15,6 Zoll Win11 Pro",,5494_20260430095153,"8","FIXED_PRICE","EUR",472.0,,,472.0,"0","","","Aug-27-26 05:37:07 PDT","Sep-27-26 05:37:07 PDT","PC Notebooks & Netbooks","177","","","Gebraucht","","","","","","DE","","",""
"307149380677","Dell Latitude 5580 i5-7300U 8 GB 240 GB SSD 15,6 Zoll Win11 Pro",,18444670962,"8","FIXED_PRICE","EUR",200.0,,,200.0,"0","","","Aug-27-26 05:37:07 PDT","Sep-27-26 05:37:07 PDT","PC Notebooks & Netbooks","177","","","Gebraucht","","","","","","DE","","",""
"307149380679",Lenovo ThinkPad T490 i5-8265U 8 GB 256 GB SSD 14 Zoll Win10 Pro,,14747394380,"8","FIXED_PRICE","EUR",275.0,,,275.0,"0","","","Aug-27-26 05:37:07 PDT","Sep-27-26 05:37:07 PDT","PC Notebooks & Netbooks","177","","","Gebraucht","","","","","","DE","","",""
"307149380681","Dell Precision 7730 i7-8750H 32 GB 256 GB SSD 17,3 Zoll Win11 Pro",,18447805163,"8","FIXED_PRICE","EUR",664.0,,,664.0,"0","","","Aug-27-26 05:37:07 PDT","Sep-27-26 05:37:07 PDT","PC Notebooks & Netbooks","177","","","Gebraucht","","","","","","DE","","",""
"307149380682",HP ZBook 14u G5 i5-7200U 16 GB 960 GB SSD 14 Zoll Win10 Pro,,12649759565,"8","FIXED_PRICE","EUR",369.0,,,369.0,"0","","","Aug-27-26 05:37:07 PDT","Sep-27-26 05:37:07 PDT","PC Notebooks & Netbooks","177","","","Gebraucht","","","","","","DE","","",""
"307149380683",HP ZBook 14u G5 i5-7200U 32 GB 960 GB SSD 14 Zoll Win10 Pro,,12649782345,"8","FIXED_PRICE","EUR",447.0,,,447.0,"0","","","Aug-27-26 05:37:07 PDT","Sep-27-26 05:37:07 PDT","PC Notebooks & Netbooks","177","","","Gebraucht","","","","","","DE","","",""
"307149380684",HP ZBook 14u G5 i5-7200U 32 GB 480 GB SSD 14 Zoll Win10 Pro,,12649764214,"8","FIXED_PRICE","EUR",408.0,,,408.0,"0","","","Aug-27-26 05:37:07 PDT","Sep-27-26 05:37:07 PDT","PC Notebooks & Netbooks","177","","","Gebraucht","","","","","","DE","","",""
"307149380685",HP ZBook 14u G5 i5-7200U 32 GB 256 GB SSD 14 Zoll Win10 Pro,,12079039722,"8","FIXED_PRICE","EUR",378.0,,,378.0,"0","","","Aug-27-26 05:37:07 PDT","Sep-27-26 05:37:07 PDT","PC Notebooks & Netbooks","177","","","Gebraucht","","","","","","DE","","",""
"307149380686","Dell Precision 7730 i7-8750H 64 GB 960 GB SSD 17,3 Zoll Win10 Pro",,14785783935,"8","FIXED_PRICE","EUR",967.0,,,967.0,"0","","","Aug-27-26 05:37:07 PDT","Sep-27-26 05:37:07 PDT","PC Notebooks & Netbooks","177","","","Gebraucht","","","","","","DE","","",""
"307149380687",Lenovo ThinkPad T480 i5-8350U 8 GB 256 GB SSD 14 Zoll Win11 Pro,,4773,"8","FIXED_PRICE","EUR",228.0,,,228.0,"0","3","0","Aug-27-26 05:37:07 PDT","Sep-27-26 05:37:07 PDT","PC Notebooks & Netbooks","177","","","Gebraucht","","","","","","DE","","",""
"307149380688","Dell Precision 7730 i7-8750H 32 GB 512 GB SSD 17,3 Zoll Win10 Pro",,14785773944,"8","FIXED_PRICE","EUR",715.0,,,715.0,"0","","","Aug-27-26 05:37:07 PDT","Sep-27-26 05:37:07 PDT","PC Notebooks & Netbooks","177","","","Gebraucht","","","","","","DE","","",""
"307149380689","Dell Precision 7730 i7-8750H 32 GB 512 GB SSD 17,3 Zoll Win10 Pro",,16388098675,"8","FIXED_PRICE","EUR",699.0,,,699.0,"0","","","Aug-27-26 05:37:07 PDT","Sep-27-26 05:37:07 PDT","PC Notebooks & Netbooks","177","","","Gebraucht","","","","","","DE","","",""
"307149380693","Dell Latitude 5500 i5-8365U 32 GB 512 GB SSD 15,6 Zoll Win11 Pro",,18561299003,"8","FIXED_PRICE","EUR",364.0,,,364.0,"0","","","Aug-27-26 05:37:07 PDT","Sep-27-26 05:37:07 PDT","PC Notebooks & Netbooks","177","","","Gebraucht","","","","","","DE","","",""
"307149380694","Dell Latitude 5500 i5-8365U 8 GB 256 GB SSD 15,6 Zoll Win10 Pro",,17431196942,"8","FIXED_PRICE","EUR",205.0,,,205.0,"0","","","Aug-27-26 05:37:07 PDT","Sep-27-26 05:37:07 PDT","PC Notebooks & Netbooks","177","","","Gebraucht","","","","","","DE","","",""
"307149380695",HP ZBook 14u G5 i5-7200U 16 GB 256 GB SSD 14 Zoll Win10 Pro,,4005,"8","FIXED_PRICE","EUR",302.0,,,302.0,"0","","","Aug-27-26 05:37:07 PDT","Sep-27-26 05:37:07 PDT","PC Notebooks & Netbooks","177","","","Gebraucht","","","","","","DE","","",""
"307149380697","Dell Latitude 5500 i5-8365U 8 GB 480 GB SSD 15,6 Zoll Win11 Pro",,18561301886,"8","FIXED_PRICE","EUR",286.0,,,286.0,"0","","","Aug-27-26 05:37:07 PDT","Sep-27-26 05:37:07 PDT","PC Notebooks & Netbooks","177","","","Gebraucht","","","","","","DE","","",""
"307149380700","Dell Latitude 5580 i5-7300U 8 GB 240 GB SSD 15,6 Zoll Win11 Pro",,4748_20260326100900,"8","FIXED_PRICE","EUR",226.0,,,226.0,"0","","","Aug-27-26 05:37:07 PDT","Sep-27-26 05:37:07 PDT","PC Notebooks & Netbooks","177","","","Gebraucht","","","","","","DE","","",""
"307149380701","Dell Latitude 5500 i5-8365U 32 GB 480 GB SSD 15,6 Zoll Win11 Pro",,18561431078,"8","FIXED_PRICE","EUR",410.0,,,410.0,"0","","","Aug-27-26 05:37:07 PDT","Sep-27-26 05:37:07 PDT","PC Notebooks & Netbooks","177","","","Gebraucht","","","","","","DE","","",""
"307149380702","Lenovo ThinkPad E15 Gen 2 i5-1135G7 8 GB 256 GB SSD 15,6 Zoll Win11 Pro",,4553,"8","FIXED_PRICE","EUR",341.0,,,341.0,"0","","","Aug-27-26 05:37:07 PDT","Sep-27-26 05:37:07 PDT","PC Notebooks & Netbooks","177","","","Gebraucht","","","","","","DE","","",""
"307149380703","Lenovo ThinkPad T15 Gen2 i5-1135G7 16 GB 500 GB SSD 15,6 Zoll Win11 Pro",,17622086782_20260609123827,"8","FIXED_PRICE","EUR",467.0,,,467.0,"0","","","Aug-27-26 05:37:07 PDT","Sep-27-26 05:37:07 PDT","PC Notebooks & Netbooks","177","","","Gebraucht","","","","","","DE","","",""
"307149380705","Lenovo ThinkPad T15 Gen2 i5-1135G7 16 GB 256 GB SSD 15,6 Zoll Win11 Pro",,17622086782_20260609112545,"8","FIXED_PRICE","EUR",387.0,,,387.0,"0","1","0","Aug-27-26 05:37:07 PDT","Sep-27-26 05:37:07 PDT","PC Notebooks & Netbooks","177","","","Gebraucht","","","","","","DE","","",""
"307149380706",HP EliteBook 840 G8 i5-1145G7 16 GB 256 GB SSD 14 Zoll Win11 Pro,,17629697332,"8","FIXED_PRICE","EUR",369.0,,,369.0,"0","","","Aug-27-26 05:37:07 PDT","Sep-27-26 05:37:07 PDT","PC Notebooks & Netbooks","177","","","Gebraucht","","","","","","DE","","",""
"307149380708","Lenovo ThinkPad T15 Gen 2 i5-1135G7 i5-1135G7 32 GB 500 GB SSD 15,6 Zoll Win11",,18655211449,"8","FIXED_PRICE","EUR",513.0,,,513.0,"0","","","Aug-27-26 05:37:07 PDT","Sep-27-26 05:37:07 PDT","PC Notebooks & Netbooks","177","","","Gebraucht","","","","","","DE","","",""
"307149380709",Dell Latitude 7490 i7-8650U 8 GB 256 GB SSD 14 Zoll Win11 Pro,,4855_20251031124550,"8","FIXED_PRICE","EUR",194.0,,,194.0,"0","","","Aug-27-26 05:37:07 PDT","Sep-27-26 05:37:07 PDT","PC Notebooks & Netbooks","177","","","Gebraucht","","","","","","DE","","",""
"307149380710",HP ProBook 440 G6 i5-8265U 8 GB 256 GB SSD 14 Zoll Win11 Pro,,3939,"8","FIXED_PRICE","EUR",217.0,,,217.0,"0","","","Aug-27-26 05:37:07 PDT","Sep-27-26 05:37:07 PDT","PC Notebooks & Netbooks","177","","","Gebraucht","","","","","","DE","","",""
"307149380711",Lenovo ThinkPad T14 Gen1 Ryzen 5 PRO 4650U 16 GB 256 GB SSD 14 Zoll Win11 Pro,,17739396731,"15","FIXED_PRICE","EUR",269.0,,,269.0,"0","4","0","Aug-27-26 05:37:07 PDT","Sep-27-26 05:37:07 PDT","PC Notebooks & Netbooks","177","","","Gebraucht","","","","","","DE","","",""
"307149380712","Lenovo ThinkPad T15 Gen 2 i5-11gen i5-1135G7 16 GB 500 GB SSD 15,6 Zoll Win11",,18765856057,"8","FIXED_PRICE","EUR",467.0,,,467.0,"0","","","Aug-27-26 05:37:07 PDT","Sep-27-26 05:37:07 PDT","PC Notebooks & Netbooks","177","","","Gebraucht","","","","","","DE","","",""
"307149380713",Lenovo ThinkPad T490 i5-8265U 8 GB 256 GB SSD 14 Zoll Win11 Pro,,5213,"8","FIXED_PRICE","EUR",252.0,,,252.0,"0","","","Aug-27-26 05:37:07 PDT","Sep-27-26 05:37:07 PDT","PC Notebooks & Netbooks","177","","","Gebraucht","","","","","","DE","","",""
"307149380714",Lenovo ThinkPad T14 Gen1 Ryzen 5 PRO 4650U 24 GB 500 GB SSD 14 Zoll Win11 Pro,,18617375802,"8","FIXED_PRICE","EUR",347.0,,,347.0,"0","1","0","Aug-27-26 05:37:07 PDT","Sep-27-26 05:37:07 PDT","PC Notebooks & Netbooks","177","","","Gebraucht","","","","","","DE","","",""
"307149380715",Lenovo ThinkPad T14 Gen 1 Ryzen 5 PRO 4650U 16 GB 256 GB SSD 14 Zoll Win11 Pro,,3888_20250724124155,"8","FIXED_PRICE","EUR",269.0,,,269.0,"5","47","0","Aug-27-26 05:37:07 PDT","Sep-27-26 05:37:07 PDT","PC Notebooks & Netbooks","177","","","Gebraucht","","","","","","DE","","",""
"307149380716",HP EliteBook 745 G5 Ryzen 7 PRO 2700U 16 GB 256 GB SSD 14 Zoll Win11 Pro,,18059433337,"8","FIXED_PRICE","EUR",217.0,,,217.0,"0","1","0","Aug-27-26 05:37:07 PDT","Sep-27-26 05:37:07 PDT","PC Notebooks & Netbooks","177","","","Gebraucht","","","","","","DE","","",""
"307149380717","Lenovo ThinkPad T15 Gen2 i5-1135G7 16 GB 256 GB SSD 15,6 Zoll Win11 Pro",,17622086782_20260609121111,"8","FIXED_PRICE","EUR",433.0,,,433.0,"0","","","Aug-27-26 05:37:08 PDT","Sep-27-26 05:37:08 PDT","PC Notebooks & Netbooks","177","","","Gebraucht","","","","","","DE","","",""
"307149380718",Lenovo ThinkPad T480 i5-8350U 8 GB 256 GB SSD 14 Zoll Win10 Pro,,14685054992,"8","FIXED_PRICE","EUR",228.0,,,228.0,"1","2","0","Aug-27-26 05:37:08 PDT","Sep-27-26 05:37:08 PDT","PC Notebooks & Netbooks","177","","","Gebraucht","","","","","","DE","","",""
"307149380719","HP Zbook 14U G5 i5-7300U 16 GB 256 GB SSD 14,1 Zoll Win10 Pro",,15061692860,"8","FIXED_PRICE","EUR",256.0,,,256.0,"0","","","Aug-27-26 05:37:08 PDT","Sep-27-26 05:37:08 PDT","PC Notebooks & Netbooks","177","","","Gebraucht","","","","","","DE","","",""
"307149380721","Dell Latitude 5520 i5-1135G7 16 GB 480 GB SSD 15,6 Zoll Win11 Pro",,17358336879,"8","FIXED_PRICE","EUR",419.0,,,419.0,"0","","","Aug-27-26 05:37:08 PDT","Sep-27-26 05:37:08 PDT","PC Notebooks & Netbooks","177","","","Gebraucht","","","","","","DE","","",""
"307149380723","Lenovo ThinkPad T15 Gen 2 i5-1135G7 i5-1135G7 16 GB 256 GB SSD 15,6 Zoll Win11",,18655018372,"8","FIXED_PRICE","EUR",387.0,,,387.0,"0","","","Aug-27-26 05:37:08 PDT","Sep-27-26 05:37:08 PDT","PC Notebooks & Netbooks","177","","","Gebraucht","","","","","","DE","","",""
"307149380724",HP EliteBook 840 G3 i5-6300U 8 GB 128 GB SSD 14 Zoll Win11 Pro,,5669_20260413101359,"8","FIXED_PRICE","EUR",159.0,,,159.0,"0","","","Aug-27-26 05:37:08 PDT","Sep-27-26 05:37:08 PDT","PC Notebooks & Netbooks","177","","","Gebraucht","","","","","","DE","","",""
"307149380725",Lenovo ThinkPad T490 i5-8265U 32 GB 960 GB SSD 14 Zoll Win11 Pro,,5213_20260430120023,"8","FIXED_PRICE","EUR",490.0,,,490.0,"0","","","Aug-27-26 05:37:08 PDT","Sep-27-26 05:37:08 PDT","PC Notebooks & Netbooks","177","","","Gebraucht","","","","","","DE","","",""
"307149380726",HP ProBook 440 G6 i5-8265U 16 GB 256 GB SSD 14 Zoll Win11 Pro,,17757808785,"8","FIXED_PRICE","EUR",210.0,,,210.0,"0","","","Aug-27-26 05:37:08 PDT","Sep-27-26 05:37:08 PDT","PC Notebooks & Netbooks","177","","","Gebraucht","","","","","","DE","","",""
"307149380727","HP EliteBook 850 G3 i5-6200U 8 GB 240 GB SSD 15,6 Zoll Win11 Pro",,18415610068,"0","FIXED_PRICE","EUR",182.0,,,182.0,"0","","","Aug-27-26 05:37:08 PDT","Sep-27-26 05:37:08 PDT","PC Notebooks & Netbooks","177","","","Gebraucht","","","","","","DE","","",""
"307149380728","Lenovo ThinkPad T15 Gen 2 i5-11gen i5-1135G7 16 GB 256 GB SSD 15,6 Zoll Win11",,18655202896,"8","FIXED_PRICE","EUR",433.0,,,433.0,"0","","","Aug-27-26 05:37:08 PDT","Sep-27-26 05:37:08 PDT","PC Notebooks & Netbooks","177","","","Gebraucht","","","","","","DE","","",""
"307149380729",HP ZBook 14u G5 i5-7200U 16 GB 480 GB SSD 14 Zoll Win10 Pro,,15615745802,"8","FIXED_PRICE","EUR",362.0,,,362.0,"0","","","Aug-27-26 05:37:08 PDT","Sep-27-26 05:37:08 PDT","PC Notebooks & Netbooks","177","","","Gebraucht","","","","","","DE","","",""
"307149380730",Lenovo ThinkPad T490 i5-8265U 16 GB 480 GB SSD 14 Zoll Win10 Pro,,16115675243,"8","FIXED_PRICE","EUR",330.0,,,330.0,"0","","","Aug-27-26 05:37:08 PDT","Sep-27-26 05:37:08 PDT","PC Notebooks & Netbooks","177","","","Gebraucht","","","","","","DE","","",""
"307149380731",Lenovo ThinkPad T490 i5-8265U 16 GB 960 GB SSD 14 Zoll Win10 Pro,,16115704250,"8","FIXED_PRICE","EUR",410.0,,,410.0,"0","","","Aug-27-26 05:37:08 PDT","Sep-27-26 05:37:08 PDT","PC Notebooks & Netbooks","177","","","Gebraucht","","","","","","DE","","",""
"307149380732","Lenovo ThinkPad T15 Gen 2 i5-11gen i5-1135G7 32 GB 256 GB SSD 15,6 Zoll Win11",,18655297458,"8","FIXED_PRICE","EUR",524.0,,,524.0,"0","","","Aug-27-26 05:37:08 PDT","Sep-27-26 05:37:08 PDT","PC Notebooks & Netbooks","177","","","Gebraucht","","","","","","DE","","",""
"307149380733",HP EliteBook 840 G3 i5-6300U 8 GB 128 GB SSD 14 Zoll Win11 Pro,,5669_20260413100631,"8","FIXED_PRICE","EUR",142.0,,,142.0,"0","","","Aug-27-26 05:37:08 PDT","Sep-27-26 05:37:08 PDT","PC Notebooks & Netbooks","177","","","Gebraucht","","","","","","DE","","",""
"307149380734","Lenovo ThinkPad E15 Gen 2 i5-1135G7 32 GB 500 GB SSD 15,6 Zoll Win11 Pro",,4553_20260504134623,"8","FIXED_PRICE","EUR",536.0,,,536.0,"0","","","Aug-27-26 05:37:08 PDT","Sep-27-26 05:37:08 PDT","PC Notebooks & Netbooks","177","","","Gebraucht","","","","","","DE","","",""
"307149380735",HP EliteBook 840 G8 i5-1145G7 32 GB 1 TB SSD 14 Zoll Win11 Pro,,17629697332_20260430083743,"8","FIXED_PRICE","EUR",575.0,,,575.0,"0","","","Aug-27-26 05:37:08 PDT","Sep-27-26 05:37:08 PDT","PC Notebooks & Netbooks","177","","","Gebraucht","","","","","","DE","","",""
"307149380737",Lenovo ThinkPad T490 i5-8265U 32 GB 960 GB SSD 14 Zoll Win10 Pro,,16115711196,"8","FIXED_PRICE","EUR",492.0,,,492.0,"0","","","Aug-27-26 05:37:08 PDT","Sep-27-26 05:37:08 PDT","PC Notebooks & Netbooks","177","","","Gebraucht","","","","","","DE","","",""
"307149380739",Dell Latitude 7490 i7-8650U 16 GB 256 GB SSD 14 Zoll Win10 Pro,,18043910425,"8","FIXED_PRICE","EUR",222.0,,,222.0,"0","","","Aug-27-26 05:37:08 PDT","Sep-27-26 05:37:08 PDT","PC Notebooks & Netbooks","177","","","Gebraucht","","","","","","DE","","",""
"307149380741",HP ProBook 440 G6 i5-8265U 32 GB 1280 GB SSD+HDD 14 Zoll Win11 Pro,,17757834093,"8","FIXED_PRICE","EUR",318.0,,,318.0,"0","","","Aug-27-26 05:37:08 PDT","Sep-27-26 05:37:08 PDT","PC Notebooks & Netbooks","177","","","Gebraucht","","","","","","DE","","",""
"307149380742",Lenovo ThinkPad T490 i5-8265U 8 GB 256 GB SSD 14 Zoll Win10 Pro,,14747496524,"8","FIXED_PRICE","EUR",252.0,,,252.0,"0","","","Aug-27-26 05:37:08 PDT","Sep-27-26 05:37:08 PDT","PC Notebooks & Netbooks","177","","","Gebraucht","","","","","","DE","","",""
"307149380743","Lenovo ThinkPad T15 Gen 2 i5-1135G7 i5-1135G7 32 GB 1000 GB SSD 15,6 Zoll Win11",,18655215651,"8","FIXED_PRICE","EUR",593.0,,,593.0,"0","0","0","Aug-27-26 05:37:08 PDT","Sep-27-26 05:37:08 PDT","PC Notebooks & Netbooks","177","","","Gebraucht","","","","","","DE","","",""
"307149380744",HP EliteBook 840 G8 i5-1145G7 32 GB 512 GB SSD 14 Zoll Win11 Pro,,17629721417_20260420133216,"8","FIXED_PRICE","EUR",449.0,,,449.0,"0","","","Aug-27-26 05:37:08 PDT","Sep-27-26 05:37:08 PDT","PC Notebooks & Netbooks","177","","","Gebraucht","","","","","","DE","","",""
"307149380746","Panasonic ToughPad FZ-G1 mk3 i5-5300U 4 GB 120 GB SSD 10,1 Zoll Win10 Pro",,10356_20260812090814,"10","FIXED_PRICE","EUR",136.0,,,136.0,"12","33","0","Aug-27-26 05:37:08 PDT","Sep-27-26 05:37:08 PDT","PC Notebooks & Netbooks","177","","","Gebraucht","","","","","","DE","","",""
"307149380747",Lenovo ThinkPad T490 i5-8265U 16 GB 960 GB SSD 14 Zoll Win10 Pro,,16115732324,"8","FIXED_PRICE","EUR",435.0,,,435.0,"0","","","Aug-27-26 05:37:08 PDT","Sep-27-26 05:37:08 PDT","PC Notebooks & Netbooks","177","","","Gebraucht","","","","","","DE","","",""
"307149380748",Dell Latitude 7490 i7-8650U 16 GB 480 GB SSD 14 Zoll Win10 Pro,,18043919545,"8","FIXED_PRICE","EUR",249.0,,,249.0,"0","","","Aug-27-26 05:37:08 PDT","Sep-27-26 05:37:08 PDT","PC Notebooks & Netbooks","177","","","Gebraucht","","","","","","DE","","",""
"307149380749",HP ProBook 440 G6 i5-8265U 16 GB 480 GB SSD 14 Zoll Win11 Pro,,17757816631,"8","FIXED_PRICE","EUR",237.0,,,237.0,"0","","","Aug-27-26 05:37:08 PDT","Sep-27-26 05:37:08 PDT","PC Notebooks & Netbooks","177","","","Gebraucht","","","","","","DE","","",""
"307149380751",HP ProBook 440 G6 i5-8265U 8 GB 256 GB SSD+HDD 14 Zoll Win11 Pro,,17757696191,"8","FIXED_PRICE","EUR",194.0,,,194.0,"0","","","Aug-27-26 05:37:08 PDT","Sep-27-26 05:37:08 PDT","PC Notebooks & Netbooks","177","","","Gebraucht","","","","","","DE","","",""
"307149380752",Lenovo ThinkPad T14 Gen1 Ryzen 5 PRO 4650U 16 GB 960 GB SSD 14 Zoll Win11 Pro,,18415907958,"8","FIXED_PRICE","EUR",361.0,,,361.0,"0","1","0","Aug-27-26 05:37:08 PDT","Sep-27-26 05:37:08 PDT","PC Notebooks & Netbooks","177","","","Gebraucht","","","","","","DE","","",""
"307149380753",Lenovo ThinkPad T14 Gen1 Ryzen 5 PRO 4650U 16 GB 480 GB SSD 14 Zoll Win11 Pro,,18415912687,"8","FIXED_PRICE","EUR",301.0,,,301.0,"0","0","0","Aug-27-26 05:37:08 PDT","Sep-27-26 05:37:08 PDT","PC Notebooks & Netbooks","177","","","Gebraucht","","","","","","DE","","",""
"307149380755",HP EliteBook 840 G8 i5-1145G7 16 GB 256 GB SSD 14 Zoll Win10 Pro,,18418723367,"8","FIXED_PRICE","EUR",403.0,,,403.0,"0","","","Aug-27-26 05:37:08 PDT","Sep-27-26 05:37:08 PDT","PC Notebooks & Netbooks","177","","","Gebraucht","","","","","","DE","","",""
"307149380757",HP EliteBook 840 G8 i5-1145G7 16 GB 500 GB SSD 14 Zoll Win10 Pro,,18418824496,"8","FIXED_PRICE","EUR",440.0,,,440.0,"0","","","Aug-27-26 05:37:08 PDT","Sep-27-26 05:37:08 PDT","PC Notebooks & Netbooks","177","","","Gebraucht","","","","","","DE","","",""
"307149380758",HP EliteBook 840 G8 i5-1145G7 32 GB 256 GB SSD 14 Zoll Win10 Pro,,18418820473,"8","FIXED_PRICE","EUR",502.0,,,502.0,"0","","","Aug-27-26 05:37:08 PDT","Sep-27-26 05:37:08 PDT","PC Notebooks & Netbooks","177","","","Gebraucht","","","","","","DE","","",""
"307149380759",HP EliteBook 840 G8 i5-1145G7 16 GB 500 GB SSD 14 Zoll Win10 Pro,,18418827252,"8","FIXED_PRICE","EUR",541.0,,,541.0,"0","","","Aug-27-26 05:37:08 PDT","Sep-27-26 05:37:08 PDT","PC Notebooks & Netbooks","177","","","Gebraucht","","","","","","DE","","",""
"307149380760","Lenovo ThinkPad T15 Gen2 i5-1135G7 32 GB 1 TB SSD 15,6 Zoll Win11 Pro",,17622086782_20260609124017,"8","FIXED_PRICE","EUR",593.0,,,593.0,"0","1","0","Aug-27-26 05:37:09 PDT","Sep-27-26 05:37:09 PDT","PC Notebooks & Netbooks","177","","","Gebraucht","","","","","","DE","","",""
"307149380761",HP ZBook 14u G5 i5-7200U 32 GB 960 GB SSD 14 Zoll Win10 Pro,,15615870644,"8","FIXED_PRICE","EUR",504.0,,,504.0,"0","","","Aug-27-26 05:37:09 PDT","Sep-27-26 05:37:09 PDT","PC Notebooks & Netbooks","177","","","Gebraucht","","","","","","DE","","",""
"307149380762",HP ProBook 440 G6 i5-8265U 32 GB 480 GB SSD 14 Zoll Win11 Pro,,17757785153,"8","FIXED_PRICE","EUR",323.0,,,323.0,"0","","","Aug-27-26 05:37:09 PDT","Sep-27-26 05:37:09 PDT","PC Notebooks & Netbooks","177","","","Gebraucht","","","","","","DE","","",""
"307149380763",Dell Latitude 7490 i7-8650U 8 GB 256 GB SSD 14 Zoll Win10 Pro,,18043810208,"8","FIXED_PRICE","EUR",194.0,,,194.0,"0","","","Aug-27-26 05:37:09 PDT","Sep-27-26 05:37:09 PDT","PC Notebooks & Netbooks","177","","","Gebraucht","","","","","","DE","","",""
"307149380765",Lenovo ThinkPad T14 Gen1 Ryzen 5 PRO 4650U 16 GB 960 GB SSD 14 Zoll Win11 Pro,,18415918892,"8","FIXED_PRICE","EUR",381.0,,,381.0,"0","0","0","Aug-27-26 05:37:09 PDT","Sep-27-26 05:37:09 PDT","PC Notebooks & Netbooks","177","","","Gebraucht","","","","","","DE","","",""
"307149380766",Dell Latitude 7490 i7-8650U 32 GB 960 GB SSD 14 Zoll Win10 Pro,,18043940902,"8","FIXED_PRICE","EUR",330.0,,,330.0,"0","","","Aug-27-26 05:37:09 PDT","Sep-27-26 05:37:09 PDT","PC Notebooks & Netbooks","177","","","Gebraucht","","","","","","DE","","",""
"307149380767","Dell Latitude 5580 i5-7300U 16 GB 256 GB SSD 15,6 Zoll Win11 Pro",,18444689217,"8","FIXED_PRICE","EUR",246.0,,,246.0,"0","","","Aug-27-26 05:37:09 PDT","Sep-27-26 05:37:09 PDT","PC Notebooks & Netbooks","177","","","Gebraucht","","","","","","DE","","",""
"307149380769",HP EliteBook 840 G3 i5-6300U 8 GB 128 GB SSD 14 Zoll Win10 Pro,,18496607986,"8","FIXED_PRICE","EUR",142.0,,,142.0,"0","","","Aug-27-26 05:37:09 PDT","Sep-27-26 05:37:09 PDT","PC Notebooks & Netbooks","177","","","Gebraucht","","","","","","DE","","",""
"307149380770","Dell Latitude 5580 i5-7300U 8 GB 120 GB SSD 15,6 Zoll Win11 Pro",,18444699173,"8","FIXED_PRICE","EUR",188.0,,,188.0,"0","","","Aug-27-26 05:37:09 PDT","Sep-27-26 05:37:09 PDT","PC Notebooks & Netbooks","177","","","Gebraucht","","","","","","DE","","",""
"307149380771",HP EliteBook 840 G3 i5-6300U 16 GB 240 GB SSD 14 Zoll Win11 Pro,,18496653733,"8","FIXED_PRICE","EUR",200.0,,,200.0,"0","","","Aug-27-26 05:37:09 PDT","Sep-27-26 05:37:09 PDT","PC Notebooks & Netbooks","177","","","Gebraucht","","","","","","DE","","",""
"307149380773","Fujitsu Lifebook E5510 i7-10510U 8 GB 256 GB SSD 15,6 Zoll Win11 Pro",,18857442563,"8","FIXED_PRICE","EUR",297.0,,,297.0,"0","","","Aug-27-26 05:37:09 PDT","Sep-27-26 05:37:09 PDT","PC Notebooks & Netbooks","177","","","Gebraucht","","","","","","DE","","",""
"307149380774",HP EliteBook 840 G3 i5-6300U 16 GB 240 GB SSD 14 Zoll Win11 Pro,,18496756356,"15","FIXED_PRICE","EUR",240.0,,,240.0,"0","","","Aug-27-26 05:37:09 PDT","Sep-27-26 05:37:09 PDT","PC Notebooks & Netbooks","177","","","Gebraucht","","","","","","DE","","",""
"307149380777",Lenovo ThinkPad T15 GEN1 i5-10210U 16 GB 256 GB SSD 15 Zoll Win11 Pro,,18830654159,"8","FIXED_PRICE","EUR",318.0,,,318.0,"0","","","Aug-27-26 05:37:09 PDT","Sep-27-26 05:37:09 PDT","PC Notebooks & Netbooks","177","","","Gebraucht","","","","","","DE","","",""
"307149380779",HP EliteBook 840 G8 i5-1145G7 32 GB 1000 GB SSD 14 Zoll Win10 Pro,,18547227988,"8","FIXED_PRICE","EUR",575.0,,,575.0,"0","","","Aug-27-26 05:37:09 PDT","Sep-27-26 05:37:09 PDT","PC Notebooks & Netbooks","177","","","Gebraucht","","","","","","DE","","",""
"307149380781",Lenovo ThinkPad T15 GEN1 i5-10210U 16 GB 960 GB SSD 15 Zoll Win11 Pro,,18830678839,"8","FIXED_PRICE","EUR",467.0,,,467.0,"0","","","Aug-27-26 05:37:09 PDT","Sep-27-26 05:37:09 PDT","PC Notebooks & Netbooks","177","","","Gebraucht","","","","","","DE","","",""
"307149380782",Lenovo ThinkPad T15 GEN1 i5-10210U 16 GB 480 GB SSD 15 Zoll Win11 Pro,,18830671208,"15","FIXED_PRICE","EUR",387.0,,,387.0,"0","","","Aug-27-26 05:37:09 PDT","Sep-27-26 05:37:09 PDT","PC Notebooks & Netbooks","177","","","Gebraucht","","","","","","DE","","",""
"307149380783",Lenovo ThinkPad T15 GEN1 i5-10210U 32 GB 256 GB SSD 15 Zoll Win11 Pro,,18830681962,"15","FIXED_PRICE","EUR",444.0,,,444.0,"0","","","Aug-27-26 05:37:09 PDT","Sep-27-26 05:37:09 PDT","PC Notebooks & Netbooks","177","","","Gebraucht","","","","","","DE","","",""
"307149380787",Lenovo ThinkPad T15 GEN1 i5-10210U 32 GB 480 GB SSD 15 Zoll Win11 Pro,,18830691748,"15","FIXED_PRICE","EUR",479.0,,,479.0,"0","","","Aug-27-26 05:37:09 PDT","Sep-27-26 05:37:09 PDT","PC Notebooks & Netbooks","177","","","Gebraucht","","","","","","DE","","",""
"307149380788",Lenovo ThinkPad T15 GEN1 i5-10210U 32 GB 960 GB SSD 15 Zoll Win11 Pro,,18830709358,"15","FIXED_PRICE","EUR",559.0,,,559.0,"0","","","Aug-27-26 05:37:09 PDT","Sep-27-26 05:37:09 PDT","PC Notebooks & Netbooks","177","","","Gebraucht","","","","","","DE","","",""
"307149380790",Lenovo ThinkPad T15 GEN1 i5-10210U 16 GB 480 GB SSD 15 Zoll Win11 Pro,,18830744954,"15","FIXED_PRICE","EUR",355.0,,,355.0,"0","","","Aug-27-26 05:37:09 PDT","Sep-27-26 05:37:09 PDT","PC Notebooks & Netbooks","177","","","Gebraucht","","","","","","DE","","",""
"307149380791",Lenovo ThinkPad T15 GEN1 i5-10210U 32 GB 256 GB SSD 15 Zoll Win11 Pro,,18830770523,"8","FIXED_PRICE","EUR",410.0,,,410.0,"0","","","Aug-27-26 05:37:09 PDT","Sep-27-26 05:37:09 PDT","PC Notebooks & Netbooks","177","","","Gebraucht","","","","","","DE","","",""
"307149380792",Lenovo ThinkPad T15 GEN1 i5-10210U 16 GB 960 GB SSD 15 Zoll Win11 Pro,,18830761562,"15","FIXED_PRICE","EUR",433.0,,,433.0,"0","","","Aug-27-26 05:37:09 PDT","Sep-27-26 05:37:09 PDT","PC Notebooks & Netbooks","177","","","Gebraucht","","","","","","DE","","",""
"307149380793",Lenovo ThinkPad T15 GEN1 i5-10210U 32 GB 480 GB SSD 15 Zoll Win11 Pro,,18830795745,"15","FIXED_PRICE","EUR",444.0,,,444.0,"0","","","Aug-27-26 05:37:09 PDT","Sep-27-26 05:37:09 PDT","PC Notebooks & Netbooks","177","","","Gebraucht","","","","","","DE","","",""
"307149380794",Lenovo ThinkPad T15 GEN1 i5-10210U 32 GB 960 GB SSD 15 Zoll Win11 Pro,,18830797456,"8","FIXED_PRICE","EUR",524.0,,,524.0,"0","","","Aug-27-26 05:37:09 PDT","Sep-27-26 05:37:09 PDT","PC Notebooks & Netbooks","177","","","Gebraucht","","","","","","DE","","",""
"307149380795","Fujitsu Lifebook E5510 i7-10510U 16 GB 256 GB SSD 15,6 Zoll Win11 Pro",,18857466758,"15","FIXED_PRICE","EUR",320.0,,,320.0,"0","","","Aug-27-26 05:37:09 PDT","Sep-27-26 05:37:09 PDT","PC Notebooks & Netbooks","177","","","Gebraucht","","","","","","DE","","",""
"307149380796","Fujitsu Lifebook E5510 i7-10510U 16 GB 480 GB SSD 15,6 Zoll Win11 Pro",,18857473838,"15","FIXED_PRICE","EUR",354.0,,,354.0,"0","","","Aug-27-26 05:37:09 PDT","Sep-27-26 05:37:09 PDT","PC Notebooks & Netbooks","177","","","Gebraucht","","","","","","DE","","",""
"307149380799","Fujitsu Lifebook E5510 i7-10510U 16 GB 960 GB SSD 15,6 Zoll Win11 Pro",,18857478224,"15","FIXED_PRICE","EUR",435.0,,,435.0,"0","","","Aug-27-26 05:37:09 PDT","Sep-27-26 05:37:09 PDT","PC Notebooks & Netbooks","177","","","Gebraucht","","","","","","DE","","",""
"307149380800","Fujitsu Lifebook E5510 i7-10510U 32 GB 480 GB SSD 15,6 Zoll Win11 Pro",,18857482509,"8","FIXED_PRICE","EUR",446.0,,,446.0,"0","","","Aug-27-26 05:37:09 PDT","Sep-27-26 05:37:09 PDT","PC Notebooks & Netbooks","177","","","Gebraucht","","","","","","DE","","",""
"307149380801","Fujitsu Lifebook E5510 i7-10510U 32 GB 960 GB SSD 15,6 Zoll Win11 Pro",,18857484203,"15","FIXED_PRICE","EUR",524.0,,,524.0,"0","","","Aug-27-26 05:37:09 PDT","Sep-27-26 05:37:09 PDT","PC Notebooks & Netbooks","177","","","Gebraucht","","","","","","DE","","",""
"307149380802",HP EliteBook 840 G8 i5-1145G7 16 GB 1000 GB SSD 14 Zoll Win11 Pro,,18468755925,"15","FIXED_PRICE","EUR",609.0,,,609.0,"0","","","Aug-27-26 05:37:09 PDT","Sep-27-26 05:37:09 PDT","PC Notebooks & Netbooks","177","","","Gebraucht","","","","","","DE","","",""
"307150894363",HP EliteDesk 800 G4 i5-8500T 8 GB 240 GB SSD Win11 Pro,,3959,"8","FIXED_PRICE","EUR",182.0,,,182.0,"0","0","0","Aug-28-26 03:53:42 PDT","Sep-28-26 03:53:42 PDT","PC Desktops & All-in-Ones","179","","","Gebraucht","","","","","","DE","","",""
"307151036465","HP ProBook 450 G10 i5-1335U 16 GB 256 GB SSD 15,6 Zoll Win11 Home",,18699132458,"0","FIXED_PRICE","EUR",547.0,,,547.0,"0","","","Aug-28-26 06:02:24 PDT","Sep-28-26 06:02:24 PDT","PC Notebooks & Netbooks","177","","","Gebraucht","","","","","","DE","","",""
"307151036467","Dell Precision 7530 i5-8300H 8 GB 256 GB SSD 15,6 Zoll Win11 Pro",,18749440373,"0","FIXED_PRICE","EUR",240.0,,,240.0,"0","0","0","Aug-28-26 06:02:24 PDT","Sep-28-26 06:02:24 PDT","PC Notebooks & Netbooks","177","","","Gebraucht","","","","","","DE","","",""
"307151036468","Dell Precision 7530 i5-8300H 8 GB 256 GB SSD 15,6 Zoll Win11 Pro",,18749421120,"0","FIXED_PRICE","EUR",263.0,,,263.0,"0","","","Aug-28-26 06:02:24 PDT","Sep-28-26 06:02:24 PDT","PC Notebooks & Netbooks","177","","","Gebraucht","","","","","","DE","","",""
"307151036469","Dell Precision 7530 i5-8300H 16 GB 256 GB SSD 15,6 Zoll Win11 Pro",,18749446184,"0","FIXED_PRICE","EUR",320.0,,,320.0,"0","","","Aug-28-26 06:02:24 PDT","Sep-28-26 06:02:24 PDT","PC Notebooks & Netbooks","177","","","Gebraucht","","","","","","DE","","",""
"307151036471","Dell Precision 7530 i5-8300H 16 GB 480 GB SSD 15,6 Zoll Win11 Pro",,18749451783,"0","FIXED_PRICE","EUR",355.0,,,355.0,"0","","","Aug-28-26 06:02:24 PDT","Sep-28-26 06:02:24 PDT","PC Notebooks & Netbooks","177","","","Gebraucht","","","","","","DE","","",""
"307151036473","Dell Precision 7530 i5-8300H 16 GB 960 GB SSD 15,6 Zoll Win11 Pro",,18749460819,"0","FIXED_PRICE","EUR",433.0,,,433.0,"0","","","Aug-28-26 06:02:24 PDT","Sep-28-26 06:02:24 PDT","PC Notebooks & Netbooks","177","","","Gebraucht","","","","","","DE","","",""
"307151036475","Dell Precision 7530 i5-8300H 32 GB 480 GB SSD 15,6 Zoll Win11 Pro",,18749474753,"0","FIXED_PRICE","EUR",433.0,,,433.0,"0","","","Aug-28-26 06:02:24 PDT","Sep-28-26 06:02:24 PDT","PC Notebooks & Netbooks","177","","","Gebraucht","","","","","","DE","","",""
"307151036476","Dell Precision 7530 i5-8300H 32 GB 960 GB SSD 15,6 Zoll Win11 Pro",,18749470825,"0","FIXED_PRICE","EUR",513.0,,,513.0,"0","","","Aug-28-26 06:02:24 PDT","Sep-28-26 06:02:24 PDT","PC Notebooks & Netbooks","177","","","Gebraucht","","","","","","DE","","",""
"307151036478","Dell Precision 7530 i5-8300H 16 GB 256 GB SSD 15,6 Zoll Win11 Pro",,18749479408,"0","FIXED_PRICE","EUR",343.0,,,343.0,"0","","","Aug-28-26 06:02:24 PDT","Sep-28-26 06:02:24 PDT","PC Notebooks & Netbooks","177","","","Gebraucht","","","","","","DE","","",""
"307151036481","Dell Precision 7530 i5-8300H 16 GB 480 GB SSD 15,6 Zoll Win11 Pro",,18749543191,"0","FIXED_PRICE","EUR",378.0,,,378.0,"0","","","Aug-28-26 06:02:24 PDT","Sep-28-26 06:02:24 PDT","PC Notebooks & Netbooks","177","","","Gebraucht","","","","","","DE","","",""
"307151036482","Dell Precision 7530 i5-8300H 16 GB 960 GB SSD 15,6 Zoll Win11 Pro",,18749547249,"0","FIXED_PRICE","EUR",456.0,,,456.0,"0","","","Aug-28-26 06:02:24 PDT","Sep-28-26 06:02:24 PDT","PC Notebooks & Netbooks","177","","","Gebraucht","","","","","","DE","","",""
"307151036483","Dell Precision 7530 i5-8300H 32 GB 960 GB SSD 15,6 Zoll Win11 Pro",,18749560388,"0","FIXED_PRICE","EUR",536.0,,,536.0,"0","","","Aug-28-26 06:02:25 PDT","Sep-28-26 06:02:25 PDT","PC Notebooks & Netbooks","177","","","Gebraucht","","","","","","DE","","",""
"307151036485","Dell Precision 7530 i5-8300H 32 GB 480 GB SSD 15,6 Zoll Win11 Pro",,18749584615,"0","FIXED_PRICE","EUR",456.0,,,456.0,"0","","","Aug-28-26 06:02:25 PDT","Sep-28-26 06:02:25 PDT","PC Notebooks & Netbooks","177","","","Gebraucht","","","","","","DE","","",""
"307151036486",Fujitsu Lifebook U749 i7-8665U 16 GB 256 GB SSD 14 Zoll Win11 Pro,,18806242888,"0","FIXED_PRICE","EUR",222.0,,,222.0,"0","","","Aug-28-26 06:02:25 PDT","Sep-28-26 06:02:25 PDT","PC Notebooks & Netbooks","177","","","Gebraucht","","","","","","DE","","",""
"307151036487",Fujitsu Lifebook U749 i7-8665U 16 GB 480 GB SSD 14 Zoll Win11 Pro,,18806248848,"0","FIXED_PRICE","EUR",257.0,,,257.0,"0","","","Aug-28-26 06:02:25 PDT","Sep-28-26 06:02:25 PDT","PC Notebooks & Netbooks","177","","","Gebraucht","","","","","","DE","","",""
"307151036492",Fujitsu Lifebook U749 i7-8665U 32 GB 480 GB SSD 14 Zoll Win11 Pro,,18806268055,"0","FIXED_PRICE","EUR",338.0,,,338.0,"0","","","Aug-28-26 06:02:25 PDT","Sep-28-26 06:02:25 PDT","PC Notebooks & Netbooks","177","","","Gebraucht","","","","","","DE","","",""
"307151036493",Fujitsu Lifebook U749 i7-8665U 32 GB 960 GB SSD 14 Zoll Win11 Pro,,18806281817,"0","FIXED_PRICE","EUR",416.0,,,416.0,"0","","","Aug-28-26 06:02:25 PDT","Sep-28-26 06:02:25 PDT","PC Notebooks & Netbooks","177","","","Gebraucht","","","","","","DE","","",""
"307151036494","HP 250 G6 i3-6006U 8/128 i3-6006U 8 GB 128 GB SSD 15,6 Zoll Win11 Pro",,18851662532,"0","FIXED_PRICE","EUR",136.0,,,136.0,"0","","","Aug-28-26 06:02:25 PDT","Sep-28-26 06:02:25 PDT","PC Notebooks & Netbooks","177","","","Gebraucht","","","","","","DE","","",""
"307151036498","HP 250 G5 i3-5005U 8 GB 128 GB SSD 15,6 Zoll Win11 Pro",,18851673747,"0","FIXED_PRICE","EUR",130.0,,,130.0,"0","","","Aug-28-26 06:02:25 PDT","Sep-28-26 06:02:25 PDT","PC Notebooks & Netbooks","177","","","Gebraucht","","","","","","DE","","",""
"307151036499","HP 250 G5 i3-5005U 8 GB 256 GB SSD 15,6 Zoll Win11 Pro",,18851705231,"0","FIXED_PRICE","EUR",149.0,,,149.0,"0","","","Aug-28-26 06:02:25 PDT","Sep-28-26 06:02:25 PDT","PC Notebooks & Netbooks","177","","","Gebraucht","","","","","","DE","","",""
"307151036502","Fujitsu Lifebook E756 i7-6500U 8 GB 240 GB SSD 15,6 Zoll Win11 Pro",,18858186864,"0","FIXED_PRICE","EUR",182.0,,,182.0,"0","","","Aug-28-26 06:02:25 PDT","Sep-28-26 06:02:25 PDT","PC Notebooks & Netbooks","177","","","Gebraucht","","","","","","DE","","",""
"307151036503","Fujitsu Lifebook E756 i7-6500U 16 GB 240 GB SSD 15,6 Zoll Win11 Pro",,18858198018,"0","FIXED_PRICE","EUR",228.0,,,228.0,"0","1","0","Aug-28-26 06:02:25 PDT","Sep-28-26 06:02:25 PDT","PC Notebooks & Netbooks","177","","","Gebraucht","","","","","","DE","","",""
"307151036504","Fujitsu Lifebook E756 i7-6500U 16 GB 480 GB SSD 15,6 Zoll Win11 Pro",,18858206297,"0","FIXED_PRICE","EUR",263.0,,,263.0,"0","","","Aug-28-26 06:02:25 PDT","Sep-28-26 06:02:25 PDT","PC Notebooks & Netbooks","177","","","Gebraucht","","","","","","DE","","",""
"307151036505",HP EliteBook 745 G6 Ryzen 7 PRO 3700U 16 GB 256 GB SSD 14 Zoll Win11 Pro,,18873675648,"0","FIXED_PRICE","EUR",274.0,,,274.0,"0","","","Aug-28-26 06:02:25 PDT","Sep-28-26 06:02:25 PDT","PC Notebooks & Netbooks","177","","","Gebraucht","","","","","","DE","","",""
"307151036507",Fujitsu Lifebook U749 i7-8665U 16 GB 960 GB SSD 14 Zoll Win11 Pro,,18806260913,"0","FIXED_PRICE","EUR",338.0,,,338.0,"0","","","Aug-28-26 06:02:25 PDT","Sep-28-26 06:02:25 PDT","PC Notebooks & Netbooks","177","","","Gebraucht","","","","","","DE","","",""
"307151036509",HP EliteBook 745 G6 Ryzen 7 PRO 3700U 16 GB 480 GB SSD 14 Zoll Win11 Pro,,18873683147,"0","FIXED_PRICE","EUR",309.0,,,309.0,"0","","","Aug-28-26 06:02:25 PDT","Sep-28-26 06:02:25 PDT","PC Notebooks & Netbooks","177","","","Gebraucht","","","","","","DE","","",""
"307151036510",HP EliteBook 745 G6 Ryzen 7 PRO 3700U 16 GB 960 GB SSD 14 Zoll Win11 Pro,,18873684542,"0","FIXED_PRICE","EUR",387.0,,,387.0,"0","","","Aug-28-26 06:02:25 PDT","Sep-28-26 06:02:25 PDT","PC Notebooks & Netbooks","177","","","Gebraucht","","","","","","DE","","",""
"307151036513",HP EliteBook 745 G6 Ryzen 7 PRO 3700U 32 GB 960 GB SSD 14 Zoll Win11 Pro,,18873685826,"0","FIXED_PRICE","EUR",467.0,,,467.0,"0","","","Aug-28-26 06:02:25 PDT","Sep-28-26 06:02:25 PDT","PC Notebooks & Netbooks","177","","","Gebraucht","","","","","","DE","","",""
"307151036516",HP EliteBook 745 G6 Ryzen 7 PRO 3700U 16 GB 480 GB SSD 14 Zoll Win11 Pro,,18873707852,"0","FIXED_PRICE","EUR",280.0,,,280.0,"0","","","Aug-28-26 06:02:25 PDT","Sep-28-26 06:02:25 PDT","PC Notebooks & Netbooks","177","","","Gebraucht","","","","","","DE","","",""
"307151036517",HP EliteBook 745 G6 Ryzen 7 PRO 3700U 16 GB 256 GB SSD 14 Zoll Win11 Pro,,18873700579,"0","FIXED_PRICE","EUR",246.0,,,246.0,"0","","","Aug-28-26 06:02:25 PDT","Sep-28-26 06:02:25 PDT","PC Notebooks & Netbooks","177","","","Gebraucht","","","","","","DE","","",""
"307151036520",HP EliteBook 745 G6 Ryzen 7 PRO 3700U 16 GB 960 GB SSD 14 Zoll Win11 Pro,,18873709312,"0","FIXED_PRICE","EUR",361.0,,,361.0,"0","","","Aug-28-26 06:02:25 PDT","Sep-28-26 06:02:25 PDT","PC Notebooks & Netbooks","177","","","Gebraucht","","","","","","DE","","",""
"307151036522",HP EliteBook 745 G6 Ryzen 7 PRO 3700U 32 GB 960 GB SSD 14 Zoll Win11 Pro,,18873710562,"0","FIXED_PRICE","EUR",439.0,,,439.0,"0","","","Aug-28-26 06:02:25 PDT","Sep-28-26 06:02:25 PDT","PC Notebooks & Netbooks","177","","","Gebraucht","","","","","","DE","","",""
"307151036523","HP 430 G5 i5-8250U 8 GB 740 GB SSD+HDD 13,3 Zoll Win10 Pro",,12305976081,"8","FIXED_PRICE","EUR",193.0,,,193.0,"0","","","Aug-28-26 06:02:25 PDT","Sep-28-26 06:02:25 PDT","PC Notebooks & Netbooks","177","","","Gebraucht","","","","","","DE","","",""
"307151036525","Dell Precision 7730 i7-8750H 32 GB 1000 GB SSD 17,3 Zoll Win10 Pro",,18465864151,"0","FIXED_PRICE","EUR",783.0,,,783.0,"0","","","Aug-28-26 06:02:25 PDT","Sep-28-26 06:02:25 PDT","PC Notebooks & Netbooks","177","","","Gebraucht","","","","","","DE","","",""
"307157057587",Dell Latitude E7470 i5-6300U 8 GB 120 GB SSD 14 Zoll Win11 Pro,,18880669190,"0","FIXED_PRICE","EUR",130.0,,,130.0,"0","","","Sep-01-26 06:45:29 PDT","Oct-01-26 06:45:29 PDT","PC Notebooks & Netbooks","177","","","Gebraucht","","","","","","DE","","",""
"307157057588",Dell Latitude E7470 i5-6300U 16 GB 256 GB SSD 14 Zoll Win11 Pro,,18880690920,"0","FIXED_PRICE","EUR",182.0,,,182.0,"0","","","Sep-01-26 06:45:29 PDT","Oct-01-26 06:45:29 PDT","PC Notebooks & Netbooks","177","","","Gebraucht","","","","","","DE","","",""
"307157057589",Dell Latitude E7470 i5-6300U 16 GB 480 GB SSD 14 Zoll Win11 Pro,,18880695042,"0","FIXED_PRICE","EUR",216.0,,,216.0,"0","","","Sep-01-26 06:45:29 PDT","Oct-01-26 06:45:29 PDT","PC Notebooks & Netbooks","177","","","Gebraucht","","","","","","DE","","",""
"307157057591",Dell Latitude E7470 i5-6300U 16 GB 960 GB SSD 14 Zoll Win11 Pro,,18880697487,"0","FIXED_PRICE","EUR",297.0,,,297.0,"0","","","Sep-01-26 06:45:29 PDT","Oct-01-26 06:45:29 PDT","PC Notebooks & Netbooks","177","","","Gebraucht","","","","","","DE","","",""
"307157057593",Dell Latitude E7470 i5-6300U 32 GB 960 GB SSD 14 Zoll Win11 Pro,,18880698857,"0","FIXED_PRICE","EUR",378.0,,,378.0,"0","","","Sep-01-26 06:45:30 PDT","Oct-01-26 06:45:30 PDT","PC Notebooks & Netbooks","177","","","Gebraucht","","","","","","DE","","",""
"307157057594",Dell Latitude E7470 i5-6300U 8 GB 256 GB SSD 14 Zoll Win11 Pro,,18880705570,"0","FIXED_PRICE","EUR",159.0,,,159.0,"0","","","Sep-01-26 06:45:30 PDT","Oct-01-26 06:45:30 PDT","PC Notebooks & Netbooks","177","","","Gebraucht","","","","","","DE","","",""
"307157057595",Dell Latitude E7470 i5-6300U 16 GB 256 GB SSD 14 Zoll Win11 Pro,,18880716276,"0","FIXED_PRICE","EUR",205.0,,,205.0,"0","","","Sep-01-26 06:45:30 PDT","Oct-01-26 06:45:30 PDT","PC Notebooks & Netbooks","177","","","Gebraucht","","","","","","DE","","",""
"307157057597",Dell Latitude E7470 i5-6300U 16 GB 480 GB SSD 14 Zoll Win11 Pro,,18880718241,"0","FIXED_PRICE","EUR",240.0,,,240.0,"0","","","Sep-01-26 06:45:30 PDT","Oct-01-26 06:45:30 PDT","PC Notebooks & Netbooks","177","","","Gebraucht","","","","","","DE","","",""
"307157057598",Dell Latitude E7470 i5-6300U 16 GB 960 GB SSD 14 Zoll Win11 Pro,,18880722837,"0","FIXED_PRICE","EUR",320.0,,,320.0,"0","","","Sep-01-26 06:45:30 PDT","Oct-01-26 06:45:30 PDT","PC Notebooks & Netbooks","177","","","Gebraucht","","","","","","DE","","",""
"307157057600",Dell Latitude E7470 i5-6300U 32 GB 960 GB SSD 14 Zoll Win11 Pro,,18880725455,"0","FIXED_PRICE","EUR",401.0,,,401.0,"0","","","Sep-01-26 06:45:30 PDT","Oct-01-26 06:45:30 PDT","PC Notebooks & Netbooks","177","","","Gebraucht","","","","","","DE","","",""
"307157057604",Dell OptiPlex 7050 i3-6100T 8 GB 256 GB SSD Win11 Pro,,5460_20260403122309,"8","FIXED_PRICE","EUR",108.0,,,108.0,"0","1","0","Sep-01-26 06:45:30 PDT","Oct-01-26 06:45:30 PDT","PC Desktops & All-in-Ones","179","","","Gebraucht","","","","","","DE","","",""
"307157057606",HP 400 G5 mini i5-9500T 8 GB 240 GB SSD Win11 Pro,,4850_20260123100930,"8","FIXED_PRICE","EUR",215.0,,,215.0,"0","1","0","Sep-01-26 06:45:30 PDT","Oct-01-26 06:45:30 PDT","PC Desktops & All-in-Ones","179","","","Gebraucht","","","","","","DE","","",""
"307157057607",Lenovo M920T i5-8500 32 GB 512 GB SSD Win10/11 Pro,,10354_20260512140706,"8","FIXED_PRICE","EUR",524.0,,,524.0,"0","","","Sep-01-26 06:45:30 PDT","Oct-01-26 06:45:30 PDT","PC Desktops & All-in-Ones","179","","","Gebraucht","","","","","","DE","","",""
"307157057608",Lenovo M920T i7-8700 16 GB 256 GB SSD Win10/11 Pro,,10354,"8","FIXED_PRICE","EUR",355.0,,,355.0,"0","","","Sep-01-26 06:45:30 PDT","Oct-01-26 06:45:30 PDT","PC Desktops & All-in-Ones","179","","","Gebraucht","","","","","","DE","","",""
"307157057609",HP EliteDesk 400 G4 i5-8500T 8 GB 256 GB SSD Win11 Pro,,5653,"8","FIXED_PRICE","EUR",176.0,,,176.0,"0","0","0","Sep-01-26 06:45:30 PDT","Oct-01-26 06:45:30 PDT","PC Desktops & All-in-Ones","179","","","Gebraucht","","","","","","DE","","",""
"307157057611",HP Workstation Z440 TW Intel Xeon 16 GB 240 GB SSD+HDD Win11 Home,,5475,"8","FIXED_PRICE","EUR",251.0,,,251.0,"0","","","Sep-01-26 06:45:30 PDT","Oct-01-26 06:45:30 PDT","PC Desktops & All-in-Ones","179","","","Gebraucht","","","","","","DE","","",""
"307157057612",Lenovo ThinkCentre M920Q TINY i5-8500T 16 GB 256 GB SSD Win11 Pro,,5009,"0","FIXED_PRICE","EUR",240.0,,,240.0,"0","7","0","Sep-01-26 06:45:30 PDT","Oct-01-26 06:45:30 PDT","PC Desktops & All-in-Ones","179","","","Gebraucht","","","","","","DE","","",""
"307157057613",Lenovo ThinkCentre M920Q TINY i5-8500T 8 GB 256 GB SSD Win11 Pro,,5381,"0","FIXED_PRICE","EUR",193.0,,,193.0,"6","22","0","Sep-01-26 06:45:30 PDT","Oct-01-26 06:45:30 PDT","PC Desktops & All-in-Ones","179","","","Gebraucht","","","","","","DE","","",""
"307157057615",Dell Optiplex 5050 i5-6600 8 GB 256 GB SSD Win11 Pro,,9926,"8","FIXED_PRICE","EUR",133.0,,,133.0,"0","0","0","Sep-01-26 06:45:30 PDT","Oct-01-26 06:45:30 PDT","PC Desktops & All-in-Ones","179","","","Gebraucht","","","","","","DE","","",""
"307157057618",Dell Optiplex 5050 i5-6600 16 GB 480 GB SSD Win11 Pro,,9926_20260610141159,"8","FIXED_PRICE","EUR",214.0,,,214.0,"0","","","Sep-01-26 06:45:30 PDT","Oct-01-26 06:45:30 PDT","PC Desktops & All-in-Ones","179","","","Gebraucht","","","","","","DE","","",""
"307178229417","Panasonic ToughPad FZ-G1 mk4 i5-6300U 4 GB 120 GB SSD 10,1 Zoll Win10 Pro",,10356_20260812093350,"0","FIXED_PRICE","EUR",232.0,,,232.0,"0","3","0","Sep-13-26 22:31:59 PDT","Oct-13-26 22:31:59 PDT","PC Notebooks & Netbooks","177","","","Gebraucht","","","","","","DE","","",""
"307178229479","Panasonic ToughPad FZ-G1 mk4 i5-6300U 4 GB 120 GB SSD 10,1 Zoll Win10 Pro",,10356_20260812093001,"7","FIXED_PRICE","EUR",154.0,,,154.0,"2","1","0","Sep-13-26 22:32:04 PDT","Oct-13-26 22:32:04 PDT","PC Notebooks & Netbooks","177","","","Gebraucht","","","","","","DE","","",""
"307178229517","Panasonic ToughPad FZ-G1 mk3 i5-5300U 4 GB 120 GB SSD 10,1 Zoll Win10 Pro",,10356_20260812092214,"8","FIXED_PRICE","EUR",215.0,,,215.0,"3","7","0","Sep-13-26 22:32:10 PDT","Oct-13-26 22:32:10 PDT","PC Notebooks & Netbooks","177","","","Gebraucht","","","","","","DE","","",""
"307178229540","Panasonic ToughPad FZ-G1 mk3 i5-5300U 8 GB 120 GB SSD 10,1 Zoll Win10 Pro",,10356_20260812091709,"0","FIXED_PRICE","EUR",206.0,,,206.0,"0","","","Sep-13-26 22:32:15 PDT","Oct-13-26 22:32:15 PDT","PC Notebooks & Netbooks","177","","","Gebraucht","","","","","","DE","","",""
"307179971748","Panasonic ToughPad FZ-G1 mk3 i5-5300U 8 GB 120 GB SSD 10,1 Zoll Win10 Pro",,10356_20260812092619,"0","FIXED_PRICE","EUR",287.0,,,287.0,"1","1","0","Sep-14-26 23:10:16 PDT","Oct-14-26 23:10:16 PDT","PC Notebooks & Netbooks","177","","","Gebraucht","","","","","","DE","","",""
"307182185648",HP EliteBook 845 G8 Ryzen 5 PRO 5650U 8 GB 256 GB Win11 Pro 24 Monate Garantie,,17618895854GW24,"15","FIXED_PRICE","EUR",287.0,,,287.0,"0","1","0","Sep-16-26 04:24:31 PDT","Oct-16-26 04:24:31 PDT","PC Notebooks & Netbooks","177","","","Gebraucht","","","","","","DE","","",""
"307182185650",Lenovo ThinkPad T14 Gen 1 Ryzen 5 PRO 4650U 16 GB Win11 Pro 24 Monate Garantie,,3888_20250724124155GW24,"8","FIXED_PRICE","EUR",322.0,,,322.0,"0","1","0","Sep-16-26 04:24:32 PDT","Oct-16-26 04:24:32 PDT","PC Notebooks & Netbooks","177","","","Gebraucht","","","","","","DE","","",""
"307182185652",HP EliteBook 845 G8 Ryzen 5 PRO 5650U 32 GB 256 GB Win11 Pro 24 Monate Garantie,,17618895854_20260303112909GW24,"15","FIXED_PRICE","EUR",437.0,,,437.0,"0","","","Sep-16-26 04:24:32 PDT","Oct-16-26 04:24:32 PDT","PC Notebooks & Netbooks","177","","","Gebraucht","","","","","","DE","","",""
"307182185654",Lenovo ThinkPad T14 Gen 1 Ryzen 5 PRO 4650U 16 GB Win11 Pro 24 Monate Garantie,,3888_20250724125241GW24,"15","FIXED_PRICE","EUR",294.0,,,294.0,"0","4","0","Sep-16-26 04:24:32 PDT","Oct-16-26 04:24:32 PDT","PC Notebooks & Netbooks","177","","","Gebraucht","","","","","","DE","","",""
"307182185657",Lenovo ThinkPad T590 i5-8365U 8 GB 256 GB SSD Win11 Pro 24 Monate Garantie,,18547290077GW24,"8","FIXED_PRICE","EUR",287.0,,,287.0,"0","","","Sep-16-26 04:24:32 PDT","Oct-16-26 04:24:32 PDT","PC Notebooks & Netbooks","177","","","Gebraucht","","","","","","DE","","",""
"307182185658",Lenovo ThinkPad T590 i5-8365U 8 GB 256 GB SSD Win11 Pro 24 Monate Garantie,,18547336230GW24,"8","FIXED_PRICE","EUR",329.0,,,329.0,"0","","","Sep-16-26 04:24:32 PDT","Oct-16-26 04:24:32 PDT","PC Notebooks & Netbooks","177","","","Gebraucht","","","","","","DE","","",""
"307182185659",Panasonic ToughPad FZ-G1 mk3 i5-5300U 4 GB 120 GB Win10 Pro 24 Monate Garantie,,10356_20260812090814GW24,"8","FIXED_PRICE","EUR",164.0,,,164.0,"0","2","0","Sep-16-26 04:24:32 PDT","Oct-16-26 04:24:32 PDT","PC Notebooks & Netbooks","177","","","Gebraucht","","","","","","DE","","",""
"307182185661",HP EliteBook 845 G8 Ryzen 5 PRO 5650U 16 GB 480 GB Win11 Pro 24 Monate Garantie,,17618895854_20260430121942GW24,"15","FIXED_PRICE","EUR",384.0,,,384.0,"0","1","0","Sep-16-26 04:24:32 PDT","Oct-16-26 04:24:32 PDT","PC Notebooks & Netbooks","177","","","Gebraucht","","","","","","DE","","",""
"307182185664",Lenovo ThinkPad T14 Gen1 Ryzen 5 PRO 4650U 16 GB Win11 Pro 24 Monate Garantie,,18407489881GW24,"8","FIXED_PRICE","EUR",294.0,,,294.0,"0","1","0","Sep-16-26 04:24:32 PDT","Oct-16-26 04:24:32 PDT","PC Notebooks & Netbooks","177","","","Gebraucht","","","","","","DE","","",""
"307184045170","Lenovo ThinkPad T14 Gen 1 Ryzen 5 PRO 4650U 16 GB 256 GB SSD 14"" Win11 Pro",,3888_20250724124155ITT,"10","FIXED_PRICE","EUR",267.0,,,267.0,"0","","","Sep-17-26 06:52:10 PDT","Oct-17-26 06:52:10 PDT","Notebook e portatili","177","","","Usato","","","","","","IT","","",""
"307184045182","Lenovo ThinkPad T14 Gen 1 Ryzen 5 PRO 4650U 16 GB 256 GB SSD 14"" Win11 Pro",,3888_20250724125241ITT,"35","FIXED_PRICE","EUR",244.0,,,244.0,"4","19","0","Sep-17-26 06:52:11 PDT","Oct-17-26 06:52:11 PDT","Notebook e portatili","177","","","Usato","","","","","","IT","","",""
"307190581237","Fujitsu Lifebook E5510 i7-10510U 8 GB 256 GB SSD 15,6"" Win11 Pro",,5563_20260819094242ITT,"35","FIXED_PRICE","EUR",297.0,,,297.0,"0","","","Sep-21-26 02:59:27 PDT","Oct-21-26 02:59:27 PDT","Notebook e portatili","177","","","Usato","","","","","","IT","","",""
"307190581241","Fujitsu Lifebook E5510 i7-10510U 16 GB 256 GB SSD 15,6"" Win11 Pro",,5563_20260819142954ITT,"35","FIXED_PRICE","EUR",320.0,,,320.0,"0","","","Sep-21-26 02:59:27 PDT","Oct-21-26 02:59:27 PDT","Notebook e portatili","177","","","Usato","","","","","","IT","","",""
"307190747852","HP EliteBook 840 G8 i5-1145G7 16 GB 256 GB SSD 14"" Win11 Pro",,17629721417ITT,"35","FIXED_PRICE","EUR",324.0,,,324.0,"0","","","Sep-21-26 04:45:35 PDT","Oct-21-26 04:45:35 PDT","Notebook e portatili","177","","","Usato","","","","","","IT","","",""
"307190747853","HP ZBook 14u G5 i5-7200U 32 GB 256 GB SSD 14"" Win10 Pro",,15615686905ITT,"35","FIXED_PRICE","EUR",414.0,,,414.0,"0","","","Sep-21-26 04:45:35 PDT","Oct-21-26 04:45:35 PDT","Notebook e portatili","177","","","Usato","","","","","","IT","","",""
"307190747854","HP EliteBook 840 G3 i5-6300U 8 GB 256 GB SSD 14"" Win11 Pro",,5669_20260413101921ITT,"10","FIXED_PRICE","EUR",194.0,,,194.0,"0","","","Sep-21-26 04:45:35 PDT","Oct-21-26 04:45:35 PDT","Notebook e portatili","177","","","Usato","","","","","","IT","","",""
"307190747855","HP ZBook 14u G5 i5-7200U 16 GB 256 GB SSD 14"" Win10 Pro",,15615738508ITT,"35","FIXED_PRICE","EUR",336.0,,,336.0,"0","","","Sep-21-26 04:45:35 PDT","Oct-21-26 04:45:35 PDT","Notebook e portatili","177","","","Usato","","","","","","IT","","",""
"307190747856","HP ProBook 440 G6 i5-8265U 32 GB 480 GB SSD 14"" Win11 Pro",,3939_20260415081208ITT,"35","FIXED_PRICE","EUR",343.0,,,343.0,"0","","","Sep-21-26 04:45:35 PDT","Oct-21-26 04:45:35 PDT","Notebook e portatili","177","","","Usato","","","","","","IT","","",""
"307190747858","Lenovo ThinkPad T490 i5-8265U 32 GB 960 GB SSD 14"" Win10 Pro",,16115738995ITT,"35","FIXED_PRICE","EUR",515.0,,,515.0,"0","","","Sep-21-26 04:45:35 PDT","Oct-21-26 04:45:35 PDT","Notebook e portatili","177","","","Usato","","","","","","IT","","",""
"307190747859","HP ZBook 14u G5 i5-7200U 16 GB 960 GB SSD 14"" Win10 Pro",,15615818025ITT,"35","FIXED_PRICE","EUR",428.0,,,428.0,"0","","","Sep-21-26 04:45:35 PDT","Oct-21-26 04:45:35 PDT","Notebook e portatili","177","","","Usato","","","","","","IT","","",""
"307190747862","Lenovo ThinkPad T14 Gen1 Ryzen 5 PRO 4650U 16 GB 256 GB SSD 14"" Win11 Pro",,17739396731ITT,"35","FIXED_PRICE","EUR",268.0,,,268.0,"0","","","Sep-21-26 04:45:35 PDT","Oct-21-26 04:45:35 PDT","Notebook e portatili","177","","","Usato","","","","","","IT","","",""
"307190747863","HP ZBook 14u G5 i5-7200U 32 GB 480 GB SSD 14"" Win10 Pro",,15615831762ITT,"35","FIXED_PRICE","EUR",453.0,,,453.0,"0","","","Sep-21-26 04:45:35 PDT","Oct-21-26 04:45:35 PDT","Notebook e portatili","177","","","Usato","","","","","","IT","","",""
"307190747865","HP ProBook 440 G6 i5-8265U 16 GB 256 GB SSD 14"" Win11 Pro",,17757645965ITT,"35","FIXED_PRICE","EUR",244.0,,,244.0,"0","","","Sep-21-26 04:45:35 PDT","Oct-21-26 04:45:35 PDT","Notebook e portatili","177","","","Usato","","","","","","IT","","",""
"307190747866","HP ProBook 440 G6 i5-8265U 16 GB 480 GB SSD 14"" Win11 Pro",,17757753341ITT,"35","FIXED_PRICE","EUR",272.0,,,272.0,"0","","","Sep-21-26 04:45:35 PDT","Oct-21-26 04:45:35 PDT","Notebook e portatili","177","","","Usato","","","","","","IT","","",""
"307190747867","HP ProBook 440 G6 i5-8265U 16 GB 960 GB SSD 14"" Win11 Pro",,17757766185ITT,"35","FIXED_PRICE","EUR",301.0,,,301.0,"0","","","Sep-21-26 04:45:35 PDT","Oct-21-26 04:45:35 PDT","Notebook e portatili","177","","","Usato","","","","","","IT","","",""
"307190747869","HP ProBook 440 G6 i5-8265U 32 GB 960 GB SSD+HDD 14"" Win11 Pro",,17757777002ITT,"35","FIXED_PRICE","EUR",352.0,,,352.0,"0","","","Sep-21-26 04:45:35 PDT","Oct-21-26 04:45:35 PDT","Notebook e portatili","177","","","Usato","","","","","","IT","","",""
"307190747870","Dell Latitude 5580 i5-7300U 16 GB 960 GB SSD 15,6"" Win11 Pro",,18444694210ITT,"35","FIXED_PRICE","EUR",361.0,,,361.0,"0","","","Sep-21-26 04:45:35 PDT","Oct-21-26 04:45:35 PDT","Notebook e portatili","177","","","Usato","","","","","","IT","","",""
"307190747872","HP ProBook 440 G6 i5-8265U 16 GB 960 GB SSD 14"" Win11 Pro",,17757818480ITT,"35","FIXED_PRICE","EUR",267.0,,,267.0,"0","","","Sep-21-26 04:45:35 PDT","Oct-21-26 04:45:35 PDT","Notebook e portatili","177","","","Usato","","","","","","IT","","",""
"307190747873","Dell Latitude 7490 i7-8650U 16 GB 960 GB SSD 14"" Win10 Pro",,18043936483ITT,"35","FIXED_PRICE","EUR",279.0,,,279.0,"0","","","Sep-21-26 04:45:35 PDT","Oct-21-26 04:45:35 PDT","Notebook e portatili","177","","","Usato","","","","","","IT","","",""
"307190747874","Dell Latitude 5580 i5-7300U 32 GB 480 GB SSD 15,6"" Win11 Pro",,18444717652ITT,"35","FIXED_PRICE","EUR",361.0,,,361.0,"0","","","Sep-21-26 04:45:35 PDT","Oct-21-26 04:45:35 PDT","Notebook e portatili","177","","","Usato","","","","","","IT","","",""
"307190747876","Dell Latitude 5580 i5-7300U 16 GB 480 GB SSD 15,6"" Win11 Pro",,18444691869ITT,"35","FIXED_PRICE","EUR",280.0,,,280.0,"0","","","Sep-21-26 04:45:35 PDT","Oct-21-26 04:45:35 PDT","Notebook e portatili","177","","","Usato","","","","","","IT","","",""
"307190747877","Dell Latitude 5580 i5-7300U 32 GB 960 GB SSD 15,6"" Win11 Pro",,18444719991ITT,"35","FIXED_PRICE","EUR",441.0,,,441.0,"0","","","Sep-21-26 04:45:35 PDT","Oct-21-26 04:45:35 PDT","Notebook e portatili","177","","","Usato","","","","","","IT","","",""
"307190747879","Dell Latitude 5580 i5-7300U 32 GB 256 GB SSD 15,6"" Win11 Pro",,18444703850ITT,"35","FIXED_PRICE","EUR",326.0,,,326.0,"0","","","Sep-21-26 04:45:35 PDT","Oct-21-26 04:45:35 PDT","Notebook e portatili","177","","","Usato","","","","","","IT","","",""
"307190747881","Dell Latitude 5580 i5-7300U 8 GB 256 GB SSD 15,6"" Win10 Pro",,18444724239ITT,"35","FIXED_PRICE","EUR",225.0,,,225.0,"0","","","Sep-21-26 04:45:35 PDT","Oct-21-26 04:45:35 PDT","Notebook e portatili","177","","","Usato","","","","","","IT","","",""
"307190747884","Dell Latitude 5580 i5-7300U 16 GB 256 GB SSD 15,6"" Win10 Pro",,18444817182ITT,"35","FIXED_PRICE","EUR",271.0,,,271.0,"0","","","Sep-21-26 04:45:35 PDT","Oct-21-26 04:45:35 PDT","Notebook e portatili","177","","","Usato","","","","","","IT","","",""
"307190747886","Dell Latitude 5580 i5-7300U 32 GB 256 GB SSD 15,6"" Win11 Pro",,18444825737ITT,"35","FIXED_PRICE","EUR",352.0,,,352.0,"0","","","Sep-21-26 04:45:35 PDT","Oct-21-26 04:45:35 PDT","Notebook e portatili","177","","","Usato","","","","","","IT","","",""
"307190747888","Dell Latitude 5580 i5-7300U 16 GB 480 GB SSD 15,6"" Win10 Pro",,18444821562ITT,"35","FIXED_PRICE","EUR",306.0,,,306.0,"0","","","Sep-21-26 04:45:35 PDT","Oct-21-26 04:45:35 PDT","Notebook e portatili","177","","","Usato","","","","","","IT","","",""
"307190747889","Dell Latitude 5580 i5-7300U 16 GB 960 GB SSD 15,6"" Win10 Pro",,18444822872ITT,"35","FIXED_PRICE","EUR",386.0,,,386.0,"0","","","Sep-21-26 04:45:35 PDT","Oct-21-26 04:45:35 PDT","Notebook e portatili","177","","","Usato","","","","","","IT","","",""
"307190747890","Dell Latitude 5580 i5-7300U 32 GB 960 GB SSD 15,6"" Win11 Pro",,18444839065ITT,"35","FIXED_PRICE","EUR",467.0,,,467.0,"0","","","Sep-21-26 04:45:35 PDT","Oct-21-26 04:45:35 PDT","Notebook e portatili","177","","","Usato","","","","","","IT","","",""
"307190747891","Dell Latitude 5580 i5-7300U 32 GB 480 GB SSD 15,6"" Win11 Pro",,18444836298ITT,"35","FIXED_PRICE","EUR",386.0,,,386.0,"0","","","Sep-21-26 04:45:35 PDT","Oct-21-26 04:45:35 PDT","Notebook e portatili","177","","","Usato","","","","","","IT","","",""
"307190747894","HP EliteBook 840 G3 i5-6300U 16 GB 480 GB SSD 14"" Win11 Pro",,18496686238ITT,"35","FIXED_PRICE","EUR",234.0,,,234.0,"0","","","Sep-21-26 04:45:35 PDT","Oct-21-26 04:45:35 PDT","Notebook e portatili","177","","","Usato","","","","","","IT","","",""
"307190747895","HP EliteBook 840 G3 i5-6300U 8 GB 240 GB SSD 14"" Win11 Pro",,18496641500ITT,"35","FIXED_PRICE","EUR",154.0,,,154.0,"0","","","Sep-21-26 04:45:35 PDT","Oct-21-26 04:45:35 PDT","Notebook e portatili","177","","","Usato","","","","","","IT","","",""
"307190747896","HP EliteBook 840 G3 i5-6300U 16 GB 960 GB SSD 14"" Win11 Pro",,18496695385ITT,"35","FIXED_PRICE","EUR",314.0,,,314.0,"0","","","Sep-21-26 04:45:35 PDT","Oct-21-26 04:45:35 PDT","Notebook e portatili","177","","","Usato","","","","","","IT","","",""
"307190747897","HP EliteBook 840 G3 i5-6300U 8 GB 240 GB SSD 14"" Win11 Pro",,18496721858ITT,"35","FIXED_PRICE","EUR",171.0,,,171.0,"0","","","Sep-21-26 04:45:35 PDT","Oct-21-26 04:45:35 PDT","Notebook e portatili","177","","","Usato","","","","","","IT","","",""
"307190747899","HP EliteBook 840 G3 i5-6300U 16 GB 240 GB SSD 14"" Win11 Pro",,18496723396ITT,"35","FIXED_PRICE","EUR",216.0,,,216.0,"0","","","Sep-21-26 04:45:35 PDT","Oct-21-26 04:45:35 PDT","Notebook e portatili","177","","","Usato","","","","","","IT","","",""
"307190747900","HP EliteBook 840 G3 i5-6300U 8 GB 240 GB SSD 14"" Win11 Pro",,18496746167ITT,"35","FIXED_PRICE","EUR",194.0,,,194.0,"0","","","Sep-21-26 04:45:35 PDT","Oct-21-26 04:45:35 PDT","Notebook e portatili","177","","","Usato","","","","","","IT","","",""
"307190747901","HP EliteBook 840 G3 i5-6300U 16 GB 480 GB SSD 14"" Win11 Pro",,18496725785ITT,"35","FIXED_PRICE","EUR",251.0,,,251.0,"0","","","Sep-21-26 04:45:35 PDT","Oct-21-26 04:45:35 PDT","Notebook e portatili","177","","","Usato","","","","","","IT","","",""
"307190747902","HP EliteBook 840 G3 i5-6300U 16 GB 960 GB SSD 14"" Win11 Pro",,18496742868ITT,"35","FIXED_PRICE","EUR",331.0,,,331.0,"0","","","Sep-21-26 04:45:35 PDT","Oct-21-26 04:45:35 PDT","Notebook e portatili","177","","","Usato","","","","","","IT","","",""
"307190747903","HP EliteBook 840 G3 i5-6300U 16 GB 960 GB SSD 14"" Win11 Pro",,18496760342ITT,"35","FIXED_PRICE","EUR",354.0,,,354.0,"0","","","Sep-21-26 04:45:35 PDT","Oct-21-26 04:45:35 PDT","Notebook e portatili","177","","","Usato","","","","","","IT","","",""
"307190747904","HP EliteBook 840 G3 i5-6300U 16 GB 240 GB SSD 14"" Win11 Pro",,18496756356ITT,"35","FIXED_PRICE","EUR",239.0,,,239.0,"0","","","Sep-21-26 04:45:35 PDT","Oct-21-26 04:45:35 PDT","Notebook e portatili","177","","","Usato","","","","","","IT","","",""
"307190747905","Dell Latitude 7490 i7-8650U 8 GB 128 GB SSD 14"" Win10 Pro",,18680797158ITT,"35","FIXED_PRICE","EUR",182.0,,,182.0,"0","","","Sep-21-26 04:45:36 PDT","Oct-21-26 04:45:36 PDT","Notebook e portatili","177","","","Usato","","","","","","IT","","",""
"307190747906","HP EliteBook 840 G3 i5-6300U 16 GB 480 GB SSD 14"" Win11 Pro",,18496758847ITT,"35","FIXED_PRICE","EUR",274.0,,,274.0,"0","","","Sep-21-26 04:45:36 PDT","Oct-21-26 04:45:36 PDT","Notebook e portatili","177","","","Usato","","","","","","IT","","",""
"307190747907","Lenovo ThinkPad T15 GEN1 i5-10210U 16 GB 960 GB SSD 15"" Win11 Pro",,18830678839ITT,"10","FIXED_PRICE","EUR",469.0,,,469.0,"0","","","Sep-21-26 04:45:36 PDT","Oct-21-26 04:45:36 PDT","Notebook e portatili","177","","","Usato","","","","","","IT","","",""
"307190747908","Lenovo ThinkPad T15 GEN1 i5-10210U 16 GB 256 GB SSD 15"" Win11 Pro",,18830618521ITT,"35","FIXED_PRICE","EUR",354.0,,,354.0,"0","","","Sep-21-26 04:45:36 PDT","Oct-21-26 04:45:36 PDT","Notebook e portatili","177","","","Usato","","","","","","IT","","",""
"307190747909","Lenovo ThinkPad T15 GEN1 i5-10210U 16 GB 480 GB SSD 15"" Win11 Pro",,18830671208ITT,"35","FIXED_PRICE","EUR",389.0,,,389.0,"0","","","Sep-21-26 04:45:36 PDT","Oct-21-26 04:45:36 PDT","Notebook e portatili","177","","","Usato","","","","","","IT","","",""
"307190747911","Lenovo ThinkPad T15 GEN1 i5-10210U 32 GB 480 GB SSD 15"" Win11 Pro",,18830691748ITT,"35","FIXED_PRICE","EUR",481.0,,,481.0,"0","","","Sep-21-26 04:45:36 PDT","Oct-21-26 04:45:36 PDT","Notebook e portatili","177","","","Usato","","","","","","IT","","",""
"307190747912","Lenovo ThinkPad T15 GEN1 i5-10210U 32 GB 256 GB SSD 15"" Win11 Pro",,18830681962ITT,"35","FIXED_PRICE","EUR",446.0,,,446.0,"0","","","Sep-21-26 04:45:36 PDT","Oct-21-26 04:45:36 PDT","Notebook e portatili","177","","","Usato","","","","","","IT","","",""
"307190747915","Lenovo ThinkPad T15 GEN1 i5-10210U 32 GB 960 GB SSD 15"" Win11 Pro",,18830709358ITT,"35","FIXED_PRICE","EUR",561.0,,,561.0,"0","","","Sep-21-26 04:45:36 PDT","Oct-21-26 04:45:36 PDT","Notebook e portatili","177","","","Usato","","","","","","IT","","",""
"307190747917","Lenovo ThinkPad T15 GEN1 i5-10210U 32 GB 480 GB SSD 15"" Win11 Pro",,18830795745ITT,"35","FIXED_PRICE","EUR",446.0,,,446.0,"0","","","Sep-21-26 04:45:36 PDT","Oct-21-26 04:45:36 PDT","Notebook e portatili","177","","","Usato","","","","","","IT","","",""
"307190747918","Lenovo ThinkPad T15 GEN1 i5-10210U 16 GB 960 GB SSD 15"" Win11 Pro",,18830761562ITT,"35","FIXED_PRICE","EUR",435.0,,,435.0,"0","","","Sep-21-26 04:45:36 PDT","Oct-21-26 04:45:36 PDT","Notebook e portatili","177","","","Usato","","","","","","IT","","",""
"307190747919","Lenovo ThinkPad T15 GEN1 i5-10210U 16 GB 480 GB SSD 15"" Win11 Pro",,18830744954ITT,"35","FIXED_PRICE","EUR",354.0,,,354.0,"0","","","Sep-21-26 04:45:36 PDT","Oct-21-26 04:45:36 PDT","Notebook e portatili","177","","","Usato","","","","","","IT","","",""
"307190747920","Lenovo ThinkPad T15 GEN1 i5-10210U 32 GB 960 GB SSD 15"" Win11 Pro",,18830797456ITT,"10","FIXED_PRICE","EUR",526.0,,,526.0,"0","","","Sep-21-26 04:45:36 PDT","Oct-21-26 04:45:36 PDT","Notebook e portatili","177","","","Usato","","","","","","IT","","",""
"307190747921","Fujitsu Lifebook E5510 i7-10510U 16 GB 960 GB SSD 15,6"" Win11 Pro",,18857478224ITT,"35","FIXED_PRICE","EUR",435.0,,,435.0,"0","","","Sep-21-26 04:45:36 PDT","Oct-21-26 04:45:36 PDT","Notebook e portatili","177","","","Usato","","","","","","IT","","",""
"307190747922","Fujitsu Lifebook E5510 i7-10510U 16 GB 480 GB SSD 15,6"" Win11 Pro",,18857473838ITT,"35","FIXED_PRICE","EUR",354.0,,,354.0,"0","","","Sep-21-26 04:45:36 PDT","Oct-21-26 04:45:36 PDT","Notebook e portatili","177","","","Usato","","","","","","IT","","",""
"307190747923","Fujitsu Lifebook E5510 i7-10510U 32 GB 960 GB SSD 15,6"" Win11 Pro",,18857484203ITT,"35","FIXED_PRICE","EUR",526.0,,,526.0,"0","","","Sep-21-26 04:45:36 PDT","Oct-21-26 04:45:36 PDT","Notebook e portatili","177","","","Usato","","","","","","IT","","",""
"307190747926","HP EliteBook 840 G8 i5-1145G7 16 GB 1 TB SSD 14"" Win11 Pro",,18468755925ITT,"35","FIXED_PRICE","EUR",611.0,,,611.0,"0","","","Sep-21-26 04:45:36 PDT","Oct-21-26 04:45:36 PDT","Notebook e portatili","177","","","Usato","","","","","","IT","","",""
"307190747928","Lenovo ThinkPad T480 fhd i5-8350U 16 GB 480 GB SSD 14"" Win11 Pro",,18660556147ITT,"35","FIXED_PRICE","EUR",309.0,,,309.0,"0","","","Sep-21-26 04:45:36 PDT","Oct-21-26 04:45:36 PDT","Notebook e portatili","177","","","Usato","","","","","","IT","","",""
"307190747929","Lenovo ThinkPad T480 fhd i5-8350U 32 GB 1 TB SSD 14"" Win11 Pro",,18660639414ITT,"35","FIXED_PRICE","EUR",469.0,,,469.0,"0","","","Sep-21-26 04:45:36 PDT","Oct-21-26 04:45:36 PDT","Notebook e portatili","177","","","Usato","","","","","","IT","","",""
"307190747930","Dell Latitude 5500 i5-8265U 8 GB 256 GB SSD 15,6"" Win11 Pro",,17571717043ITT,"35","FIXED_PRICE","EUR",228.0,,,228.0,"0","","","Sep-21-26 04:45:36 PDT","Oct-21-26 04:45:36 PDT","Notebook e portatili","177","","","Usato","","","","","","IT","","",""
"307190747931","Toshiba Dynabook Tecra A50-J i5-1135G7 8 GB 256 GB SSD 15,6"" Win11 Pro",,10403ITT,"126","FIXED_PRICE","EUR",366.0,,,366.0,"0","","","Sep-21-26 04:45:36 PDT","Oct-21-26 04:45:36 PDT","Notebook e portatili","177","","","Usato","","","","","","IT","","",""
"307190747932","Lenovo ThinkPad T14 Gen1 Ryzen 5 PRO 4650U 8 GB 256 GB SSD 14"" Win11 Pro",,18528012798ITT,"35","FIXED_PRICE","EUR",222.0,,,222.0,"0","","","Sep-21-26 04:45:36 PDT","Oct-21-26 04:45:36 PDT","Notebook e portatili","177","","","Usato","","","","","","IT","","",""
"307190747934","Lenovo ThinkPad T490 i5-8265U 16 GB 480 GB SSD 14"" Win10 Pro",,16115725406ITT,"35","FIXED_PRICE","EUR",354.0,,,354.0,"0","","","Sep-21-26 04:45:36 PDT","Oct-21-26 04:45:36 PDT","Notebook e portatili","177","","","Usato","","","","","","IT","","",""
"307190747935","Lenovo ThinkPad T14 Gen 1 Ryzen 5 PRO 4650U 24 GB 500 GB SSD 14"" Win11 Pro",,3888_20260526083738ITT,"35","FIXED_PRICE","EUR",349.0,,,349.0,"0","","","Sep-21-26 04:45:36 PDT","Oct-21-26 04:45:36 PDT","Notebook e portatili","177","","","Usato","","","","","","IT","","",""
"307190747937","Toshiba Toshiba Tecra A50-J i5-1135G7 32 GB 480 GB SSD 15,6"" Win10 Pro",,17388481471ITT,"35","FIXED_PRICE","EUR",380.0,,,380.0,"0","","","Sep-21-26 04:45:36 PDT","Oct-21-26 04:45:36 PDT","Notebook e portatili","177","","","Usato","","","","","","IT","","",""
"307190747939","Toshiba Toshiba Tecra A50-J i5-1135G7 16 GB 960 GB SSD 15,6"" Win10 Pro",,17388475314ITT,"35","FIXED_PRICE","EUR",359.0,,,359.0,"0","","","Sep-21-26 04:45:36 PDT","Oct-21-26 04:45:36 PDT","Notebook e portatili","177","","","Usato","","","","","","IT","","",""
"307190747940","Toshiba Toshiba Tecra A50-J i5-1135G7 8 GB 256 GB SSD 15,6"" Win10 Pro",,17388309317ITT,"35","FIXED_PRICE","EUR",274.0,,,274.0,"0","","","Sep-21-26 04:45:36 PDT","Oct-21-26 04:45:36 PDT","Notebook e portatili","177","","","Usato","","","","","","IT","","",""
"307190747941","Lenovo ThinkPad T14 Gen 1 Ryzen 5 PRO 4650U 24 GB 1 TB SSD 14"" Win11 Pro",,3888_20260526090158ITT,"35","FIXED_PRICE","EUR",406.0,,,406.0,"0","","","Sep-21-26 04:45:36 PDT","Oct-21-26 04:45:36 PDT","Notebook e portatili","177","","","Usato","","","","","","IT","","",""
"307190747943","Lenovo ThinkPad T480 i5-8350U 8 GB 256 GB SSD 14"" Win11 Pro",,4579ITT,"35","FIXED_PRICE","EUR",251.0,,,251.0,"0","1","0","Sep-21-26 04:45:36 PDT","Oct-21-26 04:45:36 PDT","Notebook e portatili","177","","","Usato","","","","","","IT","","",""
"307190747945","Toshiba Toshiba Tecra A50-J i5-1135G7 16 GB 480 GB SSD 15,6"" Win10 Pro",,17388472080ITT,"35","FIXED_PRICE","EUR",329.0,,,329.0,"0","","","Sep-21-26 04:45:36 PDT","Oct-21-26 04:45:36 PDT","Notebook e portatili","177","","","Usato","","","","","","IT","","",""
"307190747946","Toshiba Toshiba Tecra A50-J i5-1135G7 16 GB 960 GB SSD 15,6"" Win10 Pro",,17388500905ITT,"35","FIXED_PRICE","EUR",405.0,,,405.0,"0","","","Sep-21-26 04:45:36 PDT","Oct-21-26 04:45:36 PDT","Notebook e portatili","177","","","Usato","","","","","","IT","","",""
"307190747947","Toshiba Toshiba Tecra A50-J i5-1135G7 16 GB 256 GB SSD 15,6"" Win10 Pro",,17388461194ITT,"35","FIXED_PRICE","EUR",301.0,,,301.0,"0","","","Sep-21-26 04:45:36 PDT","Oct-21-26 04:45:36 PDT","Notebook e portatili","177","","","Usato","","","","","","IT","","",""
"307190747948","Toshiba Toshiba Tecra A50-J i5-1135G7 32 GB 256 GB SSD 15,6"" Win10 Pro",,17388478412ITT,"35","FIXED_PRICE","EUR",352.0,,,352.0,"0","","","Sep-21-26 04:45:36 PDT","Oct-21-26 04:45:36 PDT","Notebook e portatili","177","","","Usato","","","","","","IT","","",""
"307190747951","Toshiba Toshiba Tecra A50-J i5-1135G7 8 GB 256 GB SSD 15,6"" Win10 Pro",,17388429809ITT,"35","FIXED_PRICE","EUR",320.0,,,320.0,"0","","","Sep-21-26 04:45:36 PDT","Oct-21-26 04:45:36 PDT","Notebook e portatili","177","","","Usato","","","","","","IT","","",""
"307190747952","Toshiba Toshiba Tecra A50-J i5-1135G7 32 GB 960 GB SSD 15,6"" Win10 Pro",,17388483049ITT,"35","FIXED_PRICE","EUR",409.0,,,409.0,"0","","","Sep-21-26 04:45:36 PDT","Oct-21-26 04:45:36 PDT","Notebook e portatili","177","","","Usato","","","","","","IT","","",""
"307190747953","Toshiba Toshiba Tecra A50-J i5-1135G7 16 GB 256 GB SSD 15,6"" Win10 Pro",,17388484670ITT,"35","FIXED_PRICE","EUR",347.0,,,347.0,"0","","","Sep-21-26 04:45:36 PDT","Oct-21-26 04:45:36 PDT","Notebook e portatili","177","","","Usato","","","","","","IT","","",""
"307190747954","Toshiba Toshiba Tecra A50-J i5-1135G7 16 GB 480 GB SSD 15,6"" Win10 Pro",,17388491282ITT,"35","FIXED_PRICE","EUR",375.0,,,375.0,"0","","","Sep-21-26 04:45:36 PDT","Oct-21-26 04:45:36 PDT","Notebook e portatili","177","","","Usato","","","","","","IT","","",""
"307190747955","Toshiba Toshiba Tecra A50-J i5-1135G7 32 GB 256 GB SSD 15,6"" Win10 Pro",,17388502509ITT,"35","FIXED_PRICE","EUR",398.0,,,398.0,"0","","","Sep-21-26 04:45:36 PDT","Oct-21-26 04:45:36 PDT","Notebook e portatili","177","","","Usato","","","","","","IT","","",""
"307190747956","Lenovo Thinkpad E15 Gen 2 i5 11gen i5-1135G7 32 GB 1 TB SSD 15,6"" Win11 Pro",,18560332764ITT,"35","FIXED_PRICE","EUR",618.0,,,618.0,"0","","","Sep-21-26 04:45:36 PDT","Oct-21-26 04:45:36 PDT","Notebook e portatili","177","","","Usato","","","","","","IT","","",""
"307190747957","Toshiba Toshiba Tecra A50-J i5-1135G7 32 GB 960 GB SSD 15,6"" Win10 Pro",,17388511105ITT,"35","FIXED_PRICE","EUR",455.0,,,455.0,"0","","","Sep-21-26 04:45:36 PDT","Oct-21-26 04:45:36 PDT","Notebook e portatili","177","","","Usato","","","","","","IT","","",""
"307190747958","Toshiba Toshiba Tecra A50-J i5-1135G7 32 GB 480 GB SSD 15,6"" Win10 Pro",,17388504693ITT,"35","FIXED_PRICE","EUR",425.0,,,425.0,"0","","","Sep-21-26 04:45:36 PDT","Oct-21-26 04:45:36 PDT","Notebook e portatili","177","","","Usato","","","","","","IT","","",""
"307190747959","HP EliteBook 845 G8 Ryzen 5 PRO 5650U 8 GB 256 GB SSD 14"" Win11 Pro",,17618878712ITT,"35","FIXED_PRICE","EUR",285.0,,,285.0,"0","","","Sep-21-26 04:45:36 PDT","Oct-21-26 04:45:36 PDT","Notebook e portatili","177","","","Usato","","","","","","IT","","",""
"307190747960","Lenovo ThinkPad E15 Gen 2 i5-1135G7 8 GB 256 GB SSD 15,6"" Win11 Pro",,4553_20260216084009ITT,"35","FIXED_PRICE","EUR",297.0,,,297.0,"0","","","Sep-21-26 04:45:36 PDT","Oct-21-26 04:45:36 PDT","Notebook e portatili","177","","","Usato","","","","","","IT","","",""
"307190747961","Lenovo ThinkPad T14 Gen1 Ryzen 5 PRO 4650U 8 GB 256 GB SSD 14"" Win11 Pro",,18528020967ITT,"35","FIXED_PRICE","EUR",245.0,,,245.0,"0","","","Sep-21-26 04:45:36 PDT","Oct-21-26 04:45:36 PDT","Notebook e portatili","177","","","Usato","","","","","","IT","","",""
"307190747963",HP EliteBook 845 G8 Ryzen 5 PRO 5650U 8 GB 256 GB Win11 Pro 24 Monate Garantie,,17618895854GW24ITT,"35","FIXED_PRICE","EUR",287.0,,,287.0,"0","","","Sep-21-26 04:45:36 PDT","Oct-21-26 04:45:36 PDT","Notebook e portatili","177","","","Usato","","","","","","IT","","",""
"307190747964","HP EliteBook 845 G8 Ryzen 5 PRO 5650U 8 GB 256 GB SSD 14"" Win11 Pro",,17618895854ITT,"35","FIXED_PRICE","EUR",239.0,,,239.0,"0","1","0","Sep-21-26 04:45:36 PDT","Oct-21-26 04:45:36 PDT","Notebook e portatili","177","","","Usato","","","","","","IT","","",""
"307190747966","HP EliteBook 845 G8 Ryzen 5 PRO 5650U 16 GB 480 GB SSD 14"" Win11 Pro",,17618895854_20260430121942ITT,"35","FIXED_PRICE","EUR",320.0,,,320.0,"0","2","0","Sep-21-26 04:45:36 PDT","Oct-21-26 04:45:36 PDT","Notebook e portatili","177","","","Usato","","","","","","IT","","",""
"307190747969",HP EliteBook 845 G8 Ryzen 5 PRO 5650U 16 GB 480 GB Win11 Pro 24 Monate Garantie,,17618895854_20260430121942GW24ITT,"35","FIXED_PRICE","EUR",384.0,,,384.0,"0","","","Sep-21-26 04:45:36 PDT","Oct-21-26 04:45:36 PDT","Notebook e portatili","177","","","Usato","","","","","","IT","","",""
"307190747970","HP EliteBook 845 G8 Ryzen 5 PRO 5650U 32 GB 500 GB SSD 14"" Win11 Pro",,17618878712_20260430121402ITT,"35","FIXED_PRICE","EUR",446.0,,,446.0,"0","","","Sep-21-26 04:45:37 PDT","Oct-21-26 04:45:37 PDT","Notebook e portatili","177","","","Usato","","","","","","IT","","",""
"307190747971","HP EliteBook 845 G8 Ryzen 5 PRO 5650U 32 GB 256 GB SSD 14"" Win11 Pro",,17618895854_20260303112909ITT,"35","FIXED_PRICE","EUR",366.0,,,366.0,"0","1","0","Sep-21-26 04:45:37 PDT","Oct-21-26 04:45:37 PDT","Notebook e portatili","177","","","Usato","","","","","","IT","","",""
"307190747972","Lenovo ThinkPad E15 Gen 2 i5-1135G7 16 GB 480 GB SSD 15,6"" Win11 Pro",,4553_20260504140748ITT,"35","FIXED_PRICE","EUR",377.0,,,377.0,"0","","","Sep-21-26 04:45:37 PDT","Oct-21-26 04:45:37 PDT","Notebook e portatili","177","","","Usato","","","","","","IT","","",""
"307190747973","HP EliteBook 850 G6 i7-8650U 16 GB 500 GB SSD 15,6"" Win11 Pro",,17574484462_20260723071213ITT,"35","FIXED_PRICE","EUR",389.0,,,389.0,"0","","","Sep-21-26 04:45:37 PDT","Oct-21-26 04:45:37 PDT","Notebook e portatili","177","","","Usato","","","","","","IT","","",""
"307190747974",HP EliteBook 845 G8 Ryzen 5 PRO 5650U 32 GB 256 GB Win11 Pro 24 Monate Garantie,,17618895854_20260303112909GW24ITT,"35","FIXED_PRICE","EUR",440.0,,,440.0,"0","","","Sep-21-26 04:45:37 PDT","Oct-21-26 04:45:37 PDT","Notebook e portatili","177","","","Usato","","","","","","IT","","",""
"307190747975","HP EliteBook 845 G8 Ryzen 5 PRO 5650U 16 GB 256 GB SSD 14"" Win10 Pro",,17619059662ITT,"35","FIXED_PRICE","EUR",331.0,,,331.0,"0","","","Sep-21-26 04:45:37 PDT","Oct-21-26 04:45:37 PDT","Notebook e portatili","177","","","Usato","","","","","","IT","","",""
"307190747976","HP EliteBook 845 G8 Ryzen 5 PRO 5650U 16 GB 1024 GB SSD 14"" Win11 Pro",,18468721441ITT,"35","FIXED_PRICE","EUR",446.0,,,446.0,"0","","","Sep-21-26 04:45:37 PDT","Oct-21-26 04:45:37 PDT","Notebook e portatili","177","","","Usato","","","","","","IT","","",""
"307190747977","HP EliteBook 845 G8 Ryzen 5 PRO 5650U 32 GB 960 GB SSD 14"" Win10 Pro",,17619068356ITT,"35","FIXED_PRICE","EUR",526.0,,,526.0,"0","","","Sep-21-26 04:45:37 PDT","Oct-21-26 04:45:37 PDT","Notebook e portatili","177","","","Usato","","","","","","IT","","",""
"307190747978","HP EliteBook 850 G6 i5-8365U 8 GB 256 GB SSD 15,6"" Win11 Pro",,16232396031_20260326091827ITT,"35","FIXED_PRICE","EUR",274.0,,,274.0,"0","","","Sep-21-26 04:45:37 PDT","Oct-21-26 04:45:37 PDT","Notebook e portatili","177","","","Usato","","","","","","IT","","",""
"307190747980","HP EliteBook 850 G6 i5-8365U 16 GB 500 GB SSD 15,6"" Win11 Pro",,16232396031_20260723070515ITT,"35","FIXED_PRICE","EUR",331.0,,,331.0,"0","","","Sep-21-26 04:45:37 PDT","Oct-21-26 04:45:37 PDT","Notebook e portatili","177","","","Usato","","","","","","IT","","",""
"307190747981","HP EliteBook 845 G8 Ryzen 5 PRO 5650U 32 GB 256 GB SSD 14"" Win10 Pro",,17619062218ITT,"35","FIXED_PRICE","EUR",412.0,,,412.0,"0","","","Sep-21-26 04:45:37 PDT","Oct-21-26 04:45:37 PDT","Notebook e portatili","177","","","Usato","","","","","","IT","","",""
"307190747982","HP EliteBook 840 G6 i5-8365U 8 GB 256 GB SSD 14"" Win11 Pro",,4542ITT,"35","FIXED_PRICE","EUR",205.0,,,205.0,"0","","","Sep-21-26 04:45:37 PDT","Oct-21-26 04:45:37 PDT","Notebook e portatili","177","","","Usato","","","","","","IT","","",""
"307190747983","HP EliteBook 845 G8 Ryzen 5 PRO 5650U 16 GB 480 GB SSD 14"" Win10 Pro",,17619055916ITT,"35","FIXED_PRICE","EUR",366.0,,,366.0,"0","","","Sep-21-26 04:45:37 PDT","Oct-21-26 04:45:37 PDT","Notebook e portatili","177","","","Usato","","","","","","IT","","",""
"307190747985","HP EliteBook 845 G8 Ryzen 5 PRO 5650U 8 GB 480 GB SSD 14"" Win10 Pro",,17619042863ITT,"35","FIXED_PRICE","EUR",320.0,,,320.0,"0","","","Sep-21-26 04:45:37 PDT","Oct-21-26 04:45:37 PDT","Notebook e portatili","177","","","Usato","","","","","","IT","","",""
"307190747986","HP EliteBook 845 G8 Ryzen 5 PRO 5650U 16 GB 500 GB SSD 14"" Win10 Pro",,18418932124ITT,"35","FIXED_PRICE","EUR",400.0,,,400.0,"0","","","Sep-21-26 04:45:37 PDT","Oct-21-26 04:45:37 PDT","Notebook e portatili","177","","","Usato","","","","","","IT","","",""
"307190747987","HP EliteBook 845 G8 Ryzen 5 PRO 5650U 32 GB 500 GB SSD 14"" Win10 Pro",,18418940182ITT,"35","FIXED_PRICE","EUR",481.0,,,481.0,"0","","","Sep-21-26 04:45:37 PDT","Oct-21-26 04:45:37 PDT","Notebook e portatili","177","","","Usato","","","","","","IT","","",""
"307190747988","HP EliteBook 850 G6 i5-8365U 8 GB 256 GB SSD 15,6"" Win11 Pro",,16232396031_20260326092022ITT,"35","FIXED_PRICE","EUR",251.0,,,251.0,"0","","","Sep-21-26 04:45:37 PDT","Oct-21-26 04:45:37 PDT","Notebook e portatili","177","","","Usato","","","","","","IT","","",""
"307190747989","HP EliteBook 840 G6 i5-8365U 8 GB 256 GB SSD 14"" Win11 Pro",,3832ITT,"35","FIXED_PRICE","EUR",228.0,,,228.0,"0","","","Sep-21-26 04:45:37 PDT","Oct-21-26 04:45:37 PDT","Notebook e portatili","177","","","Usato","","","","","","IT","","",""
"307190747990","HP EliteBook 840 G6 i5-8365U 16 GB 500 GB SSD 14"" Win11 Pro",,3832_20260515085807ITT,"35","FIXED_PRICE","EUR",308.0,,,308.0,"0","","","Sep-21-26 04:45:37 PDT","Oct-21-26 04:45:37 PDT","Notebook e portatili","177","","","Usato","","","","","","IT","","",""
"307190747993","HP EliteBook 850 G6 i7-8650U 32 GB 500 GB SSD 15,6"" Win11 Pro",,10400_20260723071439ITT,"35","FIXED_PRICE","EUR",446.0,,,446.0,"0","","","Sep-21-26 04:45:37 PDT","Oct-21-26 04:45:37 PDT","Notebook e portatili","177","","","Usato","","","","","","IT","","",""
"307190747994","Lenovo ThinkPad E15 Gen 2 i5-1135G7 32 GB 1 TB SSD 15,6"" Win11 Pro",,4553_20260504135712ITT,"35","FIXED_PRICE","EUR",572.0,,,572.0,"0","","","Sep-21-26 04:45:37 PDT","Oct-21-26 04:45:37 PDT","Notebook e portatili","177","","","Usato","","","","","","IT","","",""
"307190747995","HP EliteBook 850 G6 i7-8650U 8 GB 256 GB SSD 15,6"" Win11 Pro",,17574484462ITT,"35","FIXED_PRICE","EUR",309.0,,,309.0,"0","","","Sep-21-26 04:45:37 PDT","Oct-21-26 04:45:37 PDT","Notebook e portatili","177","","","Usato","","","","","","IT","","",""
"307190747996","HP EliteBook 845 G8 Ryzen 5 PRO 5650U 32 GB 480 GB SSD 14"" Win10 Pro",,17619065501ITT,"35","FIXED_PRICE","EUR",446.0,,,446.0,"0","","","Sep-21-26 04:45:37 PDT","Oct-21-26 04:45:37 PDT","Notebook e portatili","177","","","Usato","","","","","","IT","","",""
"307190747997","HP EliteBook 850 G6 i7-8650U 8 GB 256 GB SSD 15,6"" Win11 Pro",,10400ITT,"35","FIXED_PRICE","EUR",286.0,,,286.0,"0","","","Sep-21-26 04:45:37 PDT","Oct-21-26 04:45:37 PDT","Notebook e portatili","177","","","Usato","","","","","","IT","","",""
"307190747998","HP EliteBook 840 G6 i5-8365U 32 GB 1 TB SSD 14"" Win11 Pro",,3832_20260515090057ITT,"35","FIXED_PRICE","EUR",469.0,,,469.0,"0","","","Sep-21-26 04:45:37 PDT","Oct-21-26 04:45:37 PDT","Notebook e portatili","177","","","Usato","","","","","","IT","","",""
"307190747999","Lenovo ThinkPad E15 Gen 2 i5-1135G7 16 GB 2 TB SSD 15,6"" Win11 Pro",,4553_20260504135333ITT,"35","FIXED_PRICE","EUR",584.0,,,584.0,"0","1","0","Sep-21-26 04:45:37 PDT","Oct-21-26 04:45:37 PDT","Notebook e portatili","177","","","Usato","","","","","","IT","","",""
"307190748000","HP EliteBook 840 G6 i5-8365U 32 GB 500 GB SSD 14"" Win11 Pro",,4542_20260515092743ITT,"35","FIXED_PRICE","EUR",366.0,,,366.0,"0","","","Sep-21-26 04:45:37 PDT","Oct-21-26 04:45:37 PDT","Notebook e portatili","177","","","Usato","","","","","","IT","","",""
"307190748001","HP EliteBook 845 G8 Ryzen 5 PRO 5650U 8 GB 256 GB SSD 14"" Win10 Pro",,18418837053ITT,"35","FIXED_PRICE","EUR",311.0,,,311.0,"0","","","Sep-21-26 04:45:37 PDT","Oct-21-26 04:45:37 PDT","Notebook e portatili","177","","","Usato","","","","","","IT","","",""
"307190748002","Lenovo Thinkpad E15 Gen 2 i5 11gen i5-1135G7 16 GB 1 TB SSD 15,6"" Win11 Pro",,18560328503ITT,"35","FIXED_PRICE","EUR",504.0,,,504.0,"0","","","Sep-21-26 04:45:37 PDT","Oct-21-26 04:45:37 PDT","Notebook e portatili","177","","","Usato","","","","","","IT","","",""
"307190748003","HP EliteBook 845 G8 Ryzen 5 PRO 5650U 16 GB 960 GB SSD 14"" Win10 Pro",,17619053272ITT,"35","FIXED_PRICE","EUR",446.0,,,446.0,"0","","","Sep-21-26 04:45:37 PDT","Oct-21-26 04:45:37 PDT","Notebook e portatili","177","","","Usato","","","","","","IT","","",""
"307190748005","HP EliteBook 845 G8 Ryzen 5 PRO 5650U 8 GB 960 GB SSD 14"" Win10 Pro",,17619048201ITT,"35","FIXED_PRICE","EUR",400.0,,,400.0,"0","","","Sep-21-26 04:45:37 PDT","Oct-21-26 04:45:37 PDT","Notebook e portatili","177","","","Usato","","","","","","IT","","",""
"307190748006","HP EliteBook 845 G8 Ryzen 5 PRO 5650U 16 GB 256 GB SSD 14"" Win10 Pro",,18418929132ITT,"35","FIXED_PRICE","EUR",363.0,,,363.0,"0","","","Sep-21-26 04:45:37 PDT","Oct-21-26 04:45:37 PDT","Notebook e portatili","177","","","Usato","","","","","","IT","","",""
"307190748007","Dell Latitude 5500 i5-8365U 16 GB 256 GB SSD 15,6"" Win11 Pro",,18560568436ITT,"35","FIXED_PRICE","EUR",297.0,,,297.0,"0","","","Sep-21-26 04:45:37 PDT","Oct-21-26 04:45:37 PDT","Notebook e portatili","177","","","Usato","","","","","","IT","","",""
"307190748009","Dell Latitude 5500 i5-8365U 16 GB 256 GB SSD 15,6"" Win11 Pro",,18561437107ITT,"35","FIXED_PRICE","EUR",320.0,,,320.0,"0","","","Sep-21-26 04:45:37 PDT","Oct-21-26 04:45:37 PDT","Notebook e portatili","177","","","Usato","","","","","","IT","","",""
"307190748010","Dell Latitude 5500 i5-8365U 32 GB 512 GB SSD 15,6"" Win11 Pro",,18560679089ITT,"35","FIXED_PRICE","EUR",412.0,,,412.0,"0","","","Sep-21-26 04:45:37 PDT","Oct-21-26 04:45:37 PDT","Notebook e portatili","177","","","Usato","","","","","","IT","","",""
"307190748011","Dell Latitude 5500 i5-8365U 16 GB 512 GB SSD 15,6"" Win11 Pro",,18560675168ITT,"35","FIXED_PRICE","EUR",331.0,,,331.0,"0","","","Sep-21-26 04:45:37 PDT","Oct-21-26 04:45:37 PDT","Notebook e portatili","177","","","Usato","","","","","","IT","","",""
"307190748012","HP EliteBook 850 G6 i7-8650U 32 GB 480 GB SSD 15,6"" Win10 Pro",,17376895871ITT,"35","FIXED_PRICE","EUR",446.0,,,446.0,"0","","","Sep-21-26 04:45:37 PDT","Oct-21-26 04:45:37 PDT","Notebook e portatili","177","","","Usato","","","","","","IT","","",""
"307190748014","HP EliteBook 850 G6 i7-8650U 32 GB 960 GB SSD 15,6"" Win10 Pro",,17376890404ITT,"35","FIXED_PRICE","EUR",526.0,,,526.0,"0","","","Sep-21-26 04:45:37 PDT","Oct-21-26 04:45:37 PDT","Notebook e portatili","177","","","Usato","","","","","","IT","","",""
"307190748015","HP EliteBook 850 G6 i7-8650U 32 GB 1 TB SSD 15,6"" Win11 Pro",,17376924431ITT,"35","FIXED_PRICE","EUR",549.0,,,549.0,"0","","","Sep-21-26 04:45:37 PDT","Oct-21-26 04:45:37 PDT","Notebook e portatili","177","","","Usato","","","","","","IT","","",""
"307190748016","HP EliteBook 850 G6 i7-8650U 16 GB 480 GB SSD 15,6"" Win10 Pro",,17376880123ITT,"35","FIXED_PRICE","EUR",366.0,,,366.0,"0","","","Sep-21-26 04:45:37 PDT","Oct-21-26 04:45:37 PDT","Notebook e portatili","177","","","Usato","","","","","","IT","","",""
"307190748017","HP EliteBook 850 G6 i7-8650U 8 GB 480 GB SSD 15,6"" Win10 Pro",,17376901449ITT,"35","FIXED_PRICE","EUR",320.0,,,320.0,"0","","","Sep-21-26 04:45:37 PDT","Oct-21-26 04:45:37 PDT","Notebook e portatili","177","","","Usato","","","","","","IT","","",""
"307190748018","HP EliteBook 840 G6 i5-8365U 16 GB 256 GB SSD 14"" Win11 Pro",,18589771410ITT,"35","FIXED_PRICE","EUR",251.0,,,251.0,"0","","","Sep-21-26 04:45:37 PDT","Oct-21-26 04:45:37 PDT","Notebook e portatili","177","","","Usato","","","","","","IT","","",""
"307190748019","HP EliteBook 850 G6 i7-8650U 16 GB 960 GB SSD 15,6"" Win10 Pro",,17376887104ITT,"35","FIXED_PRICE","EUR",446.0,,,446.0,"0","","","Sep-21-26 04:45:37 PDT","Oct-21-26 04:45:37 PDT","Notebook e portatili","177","","","Usato","","","","","","IT","","",""
"307190748020","HP EliteBook 850 G6 i7-8650U 8 GB 960 GB SSD 15,6"" Win10 Pro",,17376915232ITT,"35","FIXED_PRICE","EUR",400.0,,,400.0,"0","","","Sep-21-26 04:45:37 PDT","Oct-21-26 04:45:37 PDT","Notebook e portatili","177","","","Usato","","","","","","IT","","",""
"307190748021","HP EliteBook 840 G6 i5-8365U 16 GB 256 GB SSD 14"" Win11 Pro",,18726194238ITT,"35","FIXED_PRICE","EUR",274.0,,,274.0,"0","","","Sep-21-26 04:45:37 PDT","Oct-21-26 04:45:37 PDT","Notebook e portatili","177","","","Usato","","","","","","IT","","",""
"307190748023","HP EliteBook 840 G6 i5-8365U 32 GB 2 TB SSD 14"" Win11 Pro",,18589774290ITT,"35","FIXED_PRICE","EUR",526.0,,,526.0,"0","","","Sep-21-26 04:45:37 PDT","Oct-21-26 04:45:37 PDT","Notebook e portatili","177","","","Usato","","","","","","IT","","",""
"307190748024","HP EliteBook 840 G6 i5-8365U 32 GB 2 TB SSD 14"" Win11 Pro",,18726210487ITT,"35","FIXED_PRICE","EUR",549.0,,,549.0,"0","","","Sep-21-26 04:45:37 PDT","Oct-21-26 04:45:37 PDT","Notebook e portatili","177","","","Usato","","","","","","IT","","",""
"307190748025","HP EliteBook 840 G6 i5-8365U 16 GB 1 TB SSD 14"" Win11 Pro",,18726200007ITT,"35","FIXED_PRICE","EUR",389.0,,,389.0,"0","","","Sep-21-26 04:45:37 PDT","Oct-21-26 04:45:37 PDT","Notebook e portatili","177","","","Usato","","","","","","IT","","",""
"307190748027",Lenovo ThinkPad T14 Gen 1 Ryzen 5 PRO 4650U 16 GB Win11 Pro 24 Monate Garantie,,3888_20250724125241GW24ITT,"35","FIXED_PRICE","EUR",294.0,,,294.0,"1","3","0","Sep-21-26 04:45:37 PDT","Oct-21-26 04:45:37 PDT","Notebook e portatili","177","","","Usato","","","","","","IT","","",""
"307195974237","Lenovo ThinkPad T590 i5-8365U 12 GB 256 GB SSD 15,6"" Win11 Pro Garanzia",,18893418638ITT,"50","FIXED_PRICE","EUR",297.0,,,297.0,"0","","","Sep-23-26 23:21:55 PDT","Oct-23-26 23:21:55 PDT","Notebook e portatili","177","","","Usato","","","","","","IT","","",""
"307195974238","Lenovo ThinkPad T590 i5-8365U 16 GB 960 GB SSD 15,6"" Win11 Pro Garanzia",,18893447583ITT,"50","FIXED_PRICE","EUR",434.0,,,434.0,"0","","","Sep-23-26 23:21:55 PDT","Oct-23-26 23:21:55 PDT","Notebook e portatili","177","","","Usato","","","","","","IT","","",""
"307195974239","Lenovo ThinkPad T590 i5-8365U 24 GB 960 GB SSD 15,6"" Win11 Pro Garanzia",,18893401347ITT,"50","FIXED_PRICE","EUR",446.0,,,446.0,"0","","","Sep-23-26 23:21:55 PDT","Oct-23-26 23:21:55 PDT","Notebook e portatili","177","","","Usato","","","","","","IT","","",""
"307195974240","HP Zbook 15 G7 i7-10510U 32 GB 1 TB SSD 15,6"" Win11 Pro Garanzia",,18925517772ITT,"10","FIXED_PRICE","EUR",641.0,,,641.0,"0","","","Sep-23-26 23:21:56 PDT","Oct-23-26 23:21:56 PDT","Notebook e portatili","177","","","Usato","","","","","","IT","","",""
"307195974241","HP Zbook 15 G7 i7-10510U 32 GB 480 GB SSD 15,6"" Win11 Pro Garanzia",,18925646959ITT,"20","FIXED_PRICE","EUR",606.0,,,606.0,"0","","","Sep-23-26 23:21:56 PDT","Oct-23-26 23:21:56 PDT","Notebook e portatili","177","","","Usato","","","","","","IT","","",""
"307195974242","Lenovo ThinkPad T590 i5-8365U 16 GB 960 GB SSD 15,6"" Win11 Pro Garanzia",,18893398738ITT,"50","FIXED_PRICE","EUR",400.0,,,400.0,"0","","","Sep-23-26 23:21:56 PDT","Oct-23-26 23:21:56 PDT","Notebook e portatili","177","","","Usato","","","","","","IT","","",""
"307195974243",Lenovo Chromebook 300e 2nd gen Intel Celeron 4 GB 32 GB eMMC Win10 Home Garanzia,,18948562989ITT,"30","FIXED_PRICE","EUR",83.0,,,83.0,"0","","","Sep-23-26 23:21:56 PDT","Oct-23-26 23:21:56 PDT","Notebook e portatili","177","","","Usato","","","","","","IT","","",""
"307195974244","Lenovo ThinkPad T590 i5-8365U 16 GB 256 GB SSD 15,6"" Win11 Pro Garanzia",,18893426941ITT,"50","FIXED_PRICE","EUR",320.0,,,320.0,"0","","","Sep-23-26 23:21:56 PDT","Oct-23-26 23:21:56 PDT","Notebook e portatili","177","","","Usato","","","","","","IT","","",""
"307195974245","HP Zbook 15 G7 i7-10510U 16 GB 480 GB SSD 15,6"" Win11 Pro Garanzia",,18925485908ITT,"10","FIXED_PRICE","EUR",469.0,,,469.0,"0","","","Sep-23-26 23:21:56 PDT","Oct-23-26 23:21:56 PDT","Notebook e portatili","177","","","Usato","","","","","","IT","","",""
"307195974246",Acer TravelMate Spin B118 Intel Celeron N3450 4 GB 64 GB Win11 Home Garanzia,,18934072833ITT,"20","FIXED_PRICE","EUR",98.0,,,98.0,"0","","","Sep-23-26 23:21:56 PDT","Oct-23-26 23:21:56 PDT","Notebook e portatili","177","","","Usato","","","","","","IT","","",""
"307195974247","HP Zbook 15 G7 i7-10510U 32 GB 480 GB SSD 15,6"" Win11 Pro Garanzia",,18925547033ITT,"10","FIXED_PRICE","EUR",560.0,,,560.0,"0","","","Sep-23-26 23:21:56 PDT","Oct-23-26 23:21:56 PDT","Notebook e portatili","177","","","Usato","","","","","","IT","","",""
"307195974248","ASUS BR1100FKA Intel Celeron N5100 4 GB 128 GB eMMC 11,6"" Win11 Home Garanzia",,18938382332ITT,"20","FIXED_PRICE","EUR",113.0,,,113.0,"0","1","0","Sep-23-26 23:21:56 PDT","Oct-23-26 23:21:56 PDT","Notebook e portatili","177","","","Usato","","","","","","IT","","",""
"307195974249","HP Zbook 15 G7 i7-10510U 16 GB 1 TB SSD 15,6"" Win11 Pro Garanzia",,18925669621ITT,"20","FIXED_PRICE","EUR",595.0,,,595.0,"0","","","Sep-23-26 23:21:56 PDT","Oct-23-26 23:21:56 PDT","Notebook e portatili","177","","","Usato","","","","","","IT","","",""
"307195974250","HP 430 G5 i5-8250U 8 GB 740 GB SSD+HDD 13,3"" Win10 Pro Garanzia",,12305983676ITT,"17","FIXED_PRICE","EUR",193.0,,,193.0,"0","","","Sep-23-26 23:21:56 PDT","Oct-23-26 23:21:56 PDT","Notebook e portatili","177","","","Usato","","","","","","IT","","",""
"307195974251","HP Zbook 15 G7 i7-10510U 16 GB 1 TB SSD 15,6"" Win11 Pro Garanzia",,18925613548ITT,"10","FIXED_PRICE","EUR",549.0,,,549.0,"0","","","Sep-23-26 23:21:56 PDT","Oct-23-26 23:21:56 PDT","Notebook e portatili","177","","","Usato","","","","","","IT","","",""
"307195974252","Lenovo ThinkPad T590 i5-8365U 24 GB 960 GB SSD 15,6"" Win11 Pro Garanzia",,18893453356ITT,"50","FIXED_PRICE","EUR",480.0,,,480.0,"0","","","Sep-23-26 23:21:56 PDT","Oct-23-26 23:21:56 PDT","Notebook e portatili","177","","","Usato","","","","","","IT","","",""
"307195974253","HP Zbook 15 G7 i7-10510U 32 GB 256 GB SSD 15,6"" Win11 Pro Garanzia",,18925525097ITT,"20","FIXED_PRICE","EUR",572.0,,,572.0,"0","","","Sep-23-26 23:21:56 PDT","Oct-23-26 23:21:56 PDT","Notebook e portatili","177","","","Usato","","","","","","IT","","",""
"307195974254","HP Zbook 15 G7 i7-10510U 32 GB 256 GB SSD 15,6"" Win11 Pro Garanzia",,18925583118ITT,"10","FIXED_PRICE","EUR",526.0,,,526.0,"0","","","Sep-23-26 23:21:56 PDT","Oct-23-26 23:21:56 PDT","Notebook e portatili","177","","","Usato","","","","","","IT","","",""
"307195974255","Lenovo ThinkPad T590 i5-8365U 16 GB 256 GB SSD 15,6"" Win11 Pro Garanzia",,18893391043ITT,"50","FIXED_PRICE","EUR",285.0,,,285.0,"0","","","Sep-23-26 23:21:56 PDT","Oct-23-26 23:21:56 PDT","Notebook e portatili","177","","","Usato","","","","","","IT","","",""
"307195974256","HP Zbook 15 G7 i7-10510U 16 GB 256 GB SSD 15,6"" Win11 Pro Garanzia",,18925428173ITT,"20","FIXED_PRICE","EUR",480.0,,,480.0,"0","","","Sep-23-26 23:21:56 PDT","Oct-23-26 23:21:56 PDT","Notebook e portatili","177","","","Usato","","","","","","IT","","",""
"307195974257","Lenovo ThinkPad T590 i5-8365U 16 GB 480 GB SSD 15,6"" Win11 Pro Garanzia",,18893394722ITT,"50","FIXED_PRICE","EUR",320.0,,,320.0,"0","","","Sep-23-26 23:21:56 PDT","Oct-23-26 23:21:56 PDT","Notebook e portatili","177","","","Usato","","","","","","IT","","",""
"307195974258","Lenovo ThinkPad T590 i5-8365U 8 GB 256 GB SSD 15,6"" Win11 Pro Garanzia 24 mesi",,18547336230GW24ITT,"43","FIXED_PRICE","EUR",329.0,,,329.0,"0","","","Sep-23-26 23:21:56 PDT","Oct-23-26 23:21:56 PDT","Notebook e portatili","177","","","Usato","","","","","","IT","","",""
"307195974259","Lenovo ThinkPad T590 i5-8365U 16 GB 480 GB SSD 15,6"" Win11 Pro Garanzia",,18893428586ITT,"50","FIXED_PRICE","EUR",354.0,,,354.0,"0","","","Sep-23-26 23:21:56 PDT","Oct-23-26 23:21:56 PDT","Notebook e portatili","177","","","Usato","","","","","","IT","","",""
"307195974260","HP Zbook 15 G7 i7-10510U 16 GB 256 GB SSD 15,6"" Win11 Pro Garanzia",,18925604967ITT,"10","FIXED_PRICE","EUR",434.0,,,434.0,"0","","","Sep-23-26 23:21:56 PDT","Oct-23-26 23:21:56 PDT","Notebook e portatili","177","","","Usato","","","","","","IT","","",""
"307195974261","HP Zbook 15 G7 i7-10510U 16 GB 480 GB SSD 15,6"" Win11 Pro Garanzia",,18925657776ITT,"20","FIXED_PRICE","EUR",515.0,,,515.0,"0","","","Sep-23-26 23:21:56 PDT","Oct-23-26 23:21:56 PDT","Notebook e portatili","177","","","Usato","","","","","","IT","","",""
"307195974262","HP Zbook 15 G7 i7-10510U 32 GB 1 TB SSD 15,6"" Win11 Pro Garanzia",,18925650171ITT,"20","FIXED_PRICE","EUR",687.0,,,687.0,"0","","","Sep-23-26 23:21:56 PDT","Oct-23-26 23:21:56 PDT","Notebook e portatili","177","","","Usato","","","","","","IT","","",""
"307195974263",Lenovo Chromebook 300e 2nd gen Intel Celeron 4 GB 32 GB eMMC Win10 Home Garanzia,,18948519574ITT,"30","FIXED_PRICE","EUR",88.0,,,88.0,"0","","","Sep-23-26 23:21:56 PDT","Oct-23-26 23:21:56 PDT","Notebook e portatili","177","","","Usato","","","","","","IT","","",""
"307195974264","Dell Precision 7730 i7-8750H 64 GB 960 GB SSD 17,3"" Win10 Pro Garanzia",,18465830621ITT,"10","FIXED_PRICE","EUR",969.0,,,969.0,"0","","","Sep-23-26 23:21:56 PDT","Oct-23-26 23:21:56 PDT","Notebook e portatili","177","","","Usato","","","","","","IT","","",""
"307195974265",Lenovo ThinkPad T14 Gen 1 Ryzen 5 PRO 4650U 16 GB Win11 Pro Garanzia 24 mesi,,3888_20250724124155GW24ITT,"73","FIXED_PRICE","EUR",322.0,,,322.0,"0","","","Sep-23-26 23:21:56 PDT","Oct-23-26 23:21:56 PDT","Notebook e portatili","177","","","Usato","","","","","","IT","","",""
"307195974266",Panasonic ToughPad FZ-G1 mk3 i5-5300U 4 GB 120 GB SSD Win10 Pro Garanzia 24 mesi,,10356_20260812090814GW24ITT,"97","FIXED_PRICE","EUR",164.0,,,164.0,"0","","","Sep-23-26 23:21:56 PDT","Oct-23-26 23:21:56 PDT","Notebook e portatili","177","","","Usato","","","","","","IT","","",""
"307195974267","HP EliteBook 840 G6 i5-8350U 32 GB 960 GB SSD 14"" Win10 Pro Garanzia",,18468856898ITT,"49","FIXED_PRICE","EUR",480.0,,,480.0,"0","","","Sep-23-26 23:21:56 PDT","Oct-23-26 23:21:56 PDT","Notebook e portatili","177","","","Usato","","","","","","IT","","",""
"307195974268",Acer TravelMate Spin B311 Intel Celeron N4020 4 GB 128 GB Win11 Home Garanzia,,18938266623ITT,"19","FIXED_PRICE","EUR",113.0,,,113.0,"0","","","Sep-23-26 23:21:56 PDT","Oct-23-26 23:21:56 PDT","Notebook e portatili","177","","","Usato","","","","","","IT","","",""
"307195974269","Lenovo ThinkPad T590 i5-8365U 8 GB 256 GB SSD 15,6"" Win11 Pro Garanzia 24 mesi",,18547290077GW24ITT,"42","FIXED_PRICE","EUR",287.0,,,287.0,"0","","","Sep-23-26 23:21:56 PDT","Oct-23-26 23:21:56 PDT","Notebook e portatili","177","","","Usato","","","","","","IT","","",""
"307195974270","HP 430 G5 i5-8250U 8 GB 740 GB SSD+HDD 13,3"" Win10 Pro Garanzia",,12305976081ITT,"20","FIXED_PRICE","EUR",193.0,,,193.0,"0","","","Sep-23-26 23:21:56 PDT","Oct-23-26 23:21:56 PDT","Notebook e portatili","177","","","Usato","","","","","","IT","","",""
"307195974271",ASUS Chromebook Flip CR 1100 Intel Celeron 4 GB 32 GB eMMC ChromeOS Garanzia,,18948616154ITT,"20","FIXED_PRICE","EUR",90.0,,,90.0,"0","","","Sep-23-26 23:21:56 PDT","Oct-23-26 23:21:56 PDT","Notebook e portatili","177","","","Usato","","","","","","IT","","",""
"307195974272",Lenovo ThinkPad T14 Gen1 Ryzen 5 PRO 4650U 16 GB Win11 Pro Garanzia 24 mesi,,18407489881GW24ITT,"87","FIXED_PRICE","EUR",294.0,,,294.0,"0","","","Sep-23-26 23:21:56 PDT","Oct-23-26 23:21:56 PDT","Notebook e portatili","177","","","Usato","","","","","","IT","","",""
"307195974273","HP ZBook 15 G2 i7-4710MQ 32 GB 256 GB SSD 15,6"" Win10 Pro Garanzia",,7618740191ITT,"19","FIXED_PRICE","EUR",331.0,,,331.0,"0","","","Sep-23-26 23:21:56 PDT","Oct-23-26 23:21:56 PDT","Notebook e portatili","177","","","Usato","","","","","","IT","","",""
"307196075469",Dell Optiplex 5060 i5-9500 8 GB 240 GB SSD Win11 Pro Garanzia,,3940ITT,"27","FIXED_PRICE","EUR",216.0,,,216.0,"0","","","Sep-24-26 01:02:22 PDT","Oct-24-26 01:02:22 PDT","Desktop PC","179","","","Usato","","","","","","IT","","",""
"307196075470",HP EliteDesk 800 G4 i5-8500T 8 GB 240 GB SSD Win11 Pro Garanzia,,3959ITT,"43","FIXED_PRICE","EUR",182.0,,,182.0,"0","","","Sep-24-26 01:02:22 PDT","Oct-24-26 01:02:22 PDT","Desktop PC","179","","","Usato","","","","","","IT","","",""
"307196075472","Lenovo HP Z440 TW 32 GB 480 GB SSD 23"" Win11 Home Garanzia",,5108ITT,"22","FIXED_PRICE","EUR",446.0,,,446.0,"0","","","Sep-24-26 01:02:22 PDT","Oct-24-26 01:02:22 PDT","Desktop PC","179","","","Usato","","","","","","IT","","",""
"307196075473",HP T630 Thin Client 4 GB 32 GB SSD Win10 Garanzia,,3962ITT,"42","FIXED_PRICE","EUR",56.0,,,56.0,"0","","","Sep-24-26 01:02:22 PDT","Oct-24-26 01:02:22 PDT","Desktop PC","179","","","Usato","","","","","","IT","","",""
"307196075474",HP Workstation Z440 TW Intel Xeon 16 GB 240 GB SSD+HDD Win11 Home Garanzia,,5475ITT,"27","FIXED_PRICE","EUR",251.0,,,251.0,"0","","","Sep-24-26 01:02:22 PDT","Oct-24-26 01:02:22 PDT","Desktop PC","179","","","Usato","","","","","","IT","","",""
"307196075478",Lenovo ThinkCentre M715Q Ryzen 5 PRO 2400GE 8 GB 256 GB SSD Win11 Pro Garanzia,,5487ITT,"64","FIXED_PRICE","EUR",136.0,,,136.0,"0","","","Sep-24-26 01:02:23 PDT","Oct-24-26 01:02:23 PDT","Desktop PC","179","","","Usato","","","","","","IT","","",""
"307196075480",HP EliteDesk 400 G4 i5-8500T 8 GB 256 GB SSD Win11 Pro Garanzia,,5653ITT,"26","FIXED_PRICE","EUR",176.0,,,176.0,"0","","","Sep-24-26 01:02:23 PDT","Oct-24-26 01:02:23 PDT","Desktop PC","179","","","Usato","","","","","","IT","","",""
"307196075481",HP T630 Thin Client 8 GB 128 GB SSD Win10 Garanzia,,6060ITT,"77","FIXED_PRICE","EUR",74.0,,,74.0,"0","1","0","Sep-24-26 01:02:23 PDT","Oct-24-26 01:02:23 PDT","Desktop PC","179","","","Usato","","","","","","IT","","",""
"307196075482",HP Compaq 8200 SFF 8 GB 240 GB SSD Win10 Pro Garanzia,,6007ITT,"2","FIXED_PRICE","EUR",88.0,,,88.0,"0","","","Sep-24-26 01:02:23 PDT","Oct-24-26 01:02:23 PDT","Desktop PC","179","","","Usato","","","","","","IT","","",""
"307196075483",HP ProDesk 600 G5 i5-9500 8 GB 256 GB SSD Win11 Home Garanzia,,6076ITT,"31","FIXED_PRICE","EUR",222.0,,,222.0,"0","","","Sep-24-26 01:02:23 PDT","Oct-24-26 01:02:23 PDT","Desktop PC","179","","","Usato","","","","","","IT","","",""
"307196075486",Dell Optiplex 5070 8 GB 240 GB SSD Win11 Pro Garanzia,,6184ITT,"20","FIXED_PRICE","EUR",228.0,,,228.0,"0","","","Sep-24-26 01:02:23 PDT","Oct-24-26 01:02:23 PDT","Desktop PC","179","","","Usato","","","","","","IT","","",""