Item number,Title,Variation details,Custom label (SKU),Available quantity,Format,Currency,Start price,Auction Buy It Now price,Reserve price,Current price,Sold quantity,Watchers,Bids,Start date,End date,eBay category 1 name,eBay category 1 number,eBay category 2 name,eBay category 2 number,Condition,CD:Professional Grader - (ID: 27501),CD:Grade - (ID: 27502),CDA:Certification Number - (ID: 27503),CD:Card Condition - (ID: 40001),eBay Product ID(ePID),Listing site,P:UPC,P:EAN,P:ISBN
"307123911846",Lenovo ThinkPad T14 Gen 1 Ryzen 5 PRO 4650U 16 GB 256 GB SSD 14 Zoll Win11 Pro,,3888_20250724125241,"13","FIXED_PRICE","EUR",244.0,,,244.0,"6","26","0","Aug-13-26 00:00:15 PDT","Oct-13-26 00:00:15 PDT","PC Notebooks & Netbooks","177","","","Gebraucht","","","","","","DE","","",""
"307124457460","Dell Latitude 5540 i5-1345U 16 GB 256 GB SSD 15,6 Zoll Win11 Pro",,4870_20260403112433,"8","FIXED_PRICE","EUR",570.0,,,570.0,"0","","","Aug-13-26 05:36:51 PDT","Oct-13-26 05:36:51 PDT","PC Notebooks & Netbooks","177","","","Gebraucht","","","","","","DE","","",""
"307145261907",HP EliteBook 840 G6 i5-8365U 32 GB 1000 GB SSD 14 Zoll Win11 Pro,,18589765205,"15","FIXED_PRICE","EUR",467.0,,,467.0,"0","","","Aug-25-26 03:26:55 PDT","Oct-25-26 04:26:55 PDT","PC Notebooks & Netbooks","177","","","Gebraucht","","","","","","DE","","",""
"307145261909","Fujitsu Lifebook E5510 i7-10510U 16 GB 256 GB SSD 15,6 Zoll Win11 Pro",,5563_20260819142954,"15","FIXED_PRICE","EUR",317.0,,,317.0,"0","1","0","Aug-25-26 03:26:55 PDT","Oct-25-26 04:26:55 PDT","PC Notebooks & Netbooks","177","","","Gebraucht","","","","","","DE","","",""
"307145261910","Fujitsu Lifebook E5510 i7-10510U 8 GB 256 GB SSD 15,6 Zoll Win11 Pro",,5563_20260819094242,"15","FIXED_PRICE","EUR",295.0,,,295.0,"0","","","Aug-25-26 03:26:55 PDT","Oct-25-26 04:26:55 PDT","PC Notebooks & Netbooks","177","","","Gebraucht","","","","","","DE","","",""
"307145261929",HP EliteBook 840 G6 i5-8365U 8 GB 256 GB SSD 14 Zoll Win11 Pro,,18589767879,"15","FIXED_PRICE","EUR",203.0,,,203.0,"0","","","Aug-25-26 03:26:55 PDT","Oct-25-26 04:26:55 PDT","PC Notebooks & Netbooks","177","","","Gebraucht","","","","","","DE","","",""
"307145261935","HP EliteBook 850 G6 i7-8650U 8 GB 256 GB SSD 15,6 Zoll Win10 Pro",,16639542933,"15","FIXED_PRICE","EUR",285.0,,,285.0,"0","","","Aug-25-26 03:26:55 PDT","Oct-25-26 04:26:55 PDT","PC Notebooks & Netbooks","177","","","Gebraucht","","","","","","DE","","",""
"307145261940","HP EliteBook 850 G6 i7-8650U 8 GB 480 GB SSD 15,6 Zoll Win10 Pro",,17376901449,"15","FIXED_PRICE","EUR",318.0,,,318.0,"0","","","Aug-25-26 03:26:56 PDT","Oct-25-26 04:26:56 PDT","PC Notebooks & Netbooks","177","","","Gebraucht","","","","","","DE","","",""
"307145261945","HP EliteBook 850 G6 i7-8650U 32 GB 1000 GB SSD 15,6 Zoll Win11 Pro",,17376924431,"15","FIXED_PRICE","EUR",547.0,,,547.0,"0","","","Aug-25-26 03:26:56 PDT","Oct-25-26 04:26:56 PDT","PC Notebooks & Netbooks","177","","","Gebraucht","","","","","","DE","","",""
"307145261946","Dell Latitude 5500 i5-8365U 32 GB 512 GB SSD 15,6 Zoll Win11 Pro",,18560679089,"15","FIXED_PRICE","EUR",409.0,,,409.0,"0","","","Aug-25-26 03:26:56 PDT","Oct-25-26 04:26:56 PDT","PC Notebooks & Netbooks","177","","","Gebraucht","","","","","","DE","","",""
"307145261948","Dell Latitude 5500 i5-8365U 16 GB 256 GB SSD 15,6 Zoll Win11 Pro",,18561437107,"15","FIXED_PRICE","EUR",320.0,,,320.0,"0","","","Aug-25-26 03:26:56 PDT","Oct-25-26 04:26:56 PDT","PC Notebooks & Netbooks","177","","","Gebraucht","","","","","","DE","","",""
"307145261952",HP EliteBook 845 G8 Ryzen 5 PRO 5650U 16 GB 256 GB SSD 14 Zoll Win10 Pro,,18418929132,"15","FIXED_PRICE","EUR",363.0,,,363.0,"0","","","Aug-25-26 03:26:56 PDT","Oct-25-26 04:26:56 PDT","PC Notebooks & Netbooks","177","","","Gebraucht","","","","","","DE","","",""
"307145261960",HP EliteBook 840 G6 i5-8365U 32 GB 1 TB SSD 14 Zoll Win11 Pro,,3832_20260515090057,"15","FIXED_PRICE","EUR",467.0,,,467.0,"0","","","Aug-25-26 03:26:56 PDT","Oct-25-26 04:26:56 PDT","PC Notebooks & Netbooks","177","","","Gebraucht","","","","","","DE","","",""
"307145261966","HP EliteBook 850 G6 i7-8650U 32 GB 500 GB SSD 15,6 Zoll Win11 Pro",,10400_20260723071439,"15","FIXED_PRICE","EUR",444.0,,,444.0,"0","1","0","Aug-25-26 03:26:56 PDT","Oct-25-26 04:26:56 PDT","PC Notebooks & Netbooks","177","","","Gebraucht","","","","","","DE","","",""
"307145261967",HP EliteBook 845 G8 Ryzen 5 PRO 5650U 8 GB 960 GB SSD 14 Zoll Win10 Pro,,17619048201,"15","FIXED_PRICE","EUR",398.0,,,398.0,"0","","","Aug-25-26 03:26:56 PDT","Oct-25-26 04:26:56 PDT","PC Notebooks & Netbooks","177","","","Gebraucht","","","","","","DE","","",""
"307145261969",HP EliteBook 845 G8 Ryzen 5 PRO 5650U 32 GB 480 GB SSD 14 Zoll Win10 Pro,,17619065501,"15","FIXED_PRICE","EUR",444.0,,,444.0,"0","","","Aug-25-26 03:26:56 PDT","Oct-25-26 04:26:56 PDT","PC Notebooks & Netbooks","177","","","Gebraucht","","","","","","DE","","",""
"307145261970",HP EliteBook 845 G8 Ryzen 5 PRO 5650U 8 GB 256 GB SSD 14 Zoll Win10 Pro,,18418837053,"15","FIXED_PRICE","EUR",310.0,,,310.0,"0","","","Aug-25-26 03:26:56 PDT","Oct-25-26 04:26:56 PDT","PC Notebooks & Netbooks","177","","","Gebraucht","","","","","","DE","","",""
"307145261977","HP EliteBook 850 G6 i5-8365U 8 GB 256 GB SSD 15,6 Zoll Win11 Pro",,16232396031_20260326092022,"10","FIXED_PRICE","EUR",253.0,,,253.0,"0","","","Aug-25-26 03:26:56 PDT","Oct-25-26 04:26:56 PDT","PC Notebooks & Netbooks","177","","","Gebraucht","","","","","","DE","","",""
"307145261981","HP EliteBook 850 G6 i7-8650U 16 GB 500 GB SSD 15,6 Zoll Win11 Pro",,17574484462_20260723071213,"15","FIXED_PRICE","EUR",386.0,,,386.0,"0","","","Aug-25-26 03:26:56 PDT","Oct-25-26 04:26:56 PDT","PC Notebooks & Netbooks","177","","","Gebraucht","","","","","","DE","","",""
"307145261988","HP EliteBook 850 G6 i5-8365U 8 GB 256 GB SSD 15,6 Zoll Win11 Pro",,16232396031_20260326091827,"10","FIXED_PRICE","EUR",276.0,,,276.0,"0","","","Aug-25-26 03:26:56 PDT","Oct-25-26 04:26:56 PDT","PC Notebooks & Netbooks","177","","","Gebraucht","","","","","","DE","","",""
"307145261989",HP EliteBook 845 G8 Ryzen 5 PRO 5650U 8 GB 480 GB SSD 14 Zoll Win10 Pro,,17619042863,"15","FIXED_PRICE","EUR",318.0,,,318.0,"0","","","Aug-25-26 03:26:56 PDT","Oct-25-26 04:26:56 PDT","PC Notebooks & Netbooks","177","","","Gebraucht","","","","","","DE","","",""
"307145261994",HP EliteBook 845 G8 Ryzen 5 PRO 5650U 32 GB 500 GB SSD 14 Zoll Win10 Pro,,18418940182,"15","FIXED_PRICE","EUR",479.0,,,479.0,"0","","","Aug-25-26 03:26:56 PDT","Oct-25-26 04:26:56 PDT","PC Notebooks & Netbooks","177","","","Gebraucht","","","","","","DE","","",""
"307145262011",HP EliteBook 845 G8 Ryzen 5 PRO 5650U 16 GB 480 GB SSD 14 Zoll Win11 Pro,,17618895854_20260430121942,"15","FIXED_PRICE","EUR",318.0,,,318.0,"2","16","0","Aug-25-26 03:26:57 PDT","Oct-25-26 04:26:57 PDT","PC Notebooks & Netbooks","177","","","Gebraucht","","","","","","DE","","",""
"307145262036",Lenovo ThinkPad T14 Gen 1 Ryzen 5 PRO 4650U 24 GB 1 TB SSD 14 Zoll Win11 Pro,,3888_20260526090158,"15","FIXED_PRICE","EUR",404.0,,,404.0,"0","0","0","Aug-25-26 03:26:57 PDT","Oct-25-26 04:26:57 PDT","PC Notebooks & Netbooks","177","","","Gebraucht","","","","","","DE","","",""
"307145262040","Toshiba Toshiba Tecra A50-J i5-1135G7 16 GB 960 GB SSD 15,6 Zoll Win10 Pro",,17388475314,"15","FIXED_PRICE","EUR",356.0,,,356.0,"0","","","Aug-25-26 03:26:57 PDT","Oct-25-26 04:26:57 PDT","PC Notebooks & Netbooks","177","","","Gebraucht","","","","","","DE","","",""
"307145262052","Lenovo ThinkPad T15 Gen 1 i5-10210U 16 GB 256 GB SSD 15,6 Zoll Win11 Pro",,17496877602,"8","FIXED_PRICE","EUR",352.0,,,352.0,"0","","","Aug-25-26 03:26:57 PDT","Oct-25-26 04:26:57 PDT","PC Notebooks & Netbooks","177","","","Gebraucht","","","","","","DE","","",""
"307145262054","Lenovo ThinkPad T15 Gen1 i5-10210U 16 GB 256 GB SSD 15,6 Zoll Win11 Pro",,17622086782,"8","FIXED_PRICE","EUR",317.0,,,317.0,"2","0","0","Aug-25-26 03:26:58 PDT","Oct-25-26 04:26:58 PDT","PC Notebooks & Netbooks","177","","","Gebraucht","","","","","","DE","","",""
"307145262058",HP EliteBook 840 G3 i5-6300U 8 GB 240/256 GB SSD 14 Zoll Win11 Pro,,5669_20260413101921,"8","FIXED_PRICE","EUR",194.0,,,194.0,"0","","","Aug-25-26 03:26:58 PDT","Oct-25-26 04:26:58 PDT","PC Notebooks & Netbooks","177","","","Gebraucht","","","","","","DE","","",""
"307145262104","Dell Latitude 5580 i5-7300U 32 GB 480 GB SSD 15,6 Zoll Win11 Pro",,18444717652,"15","FIXED_PRICE","EUR",358.0,,,358.0,"0","","","Aug-25-26 03:26:58 PDT","Oct-25-26 04:26:58 PDT","PC Notebooks & Netbooks","177","","","Gebraucht","","","","","","DE","","",""
"307145262108","Dell Latitude 5580 i5-7300U 8 GB 256 GB SSD 15,6 Zoll Win10 Pro",,18444724239,"15","FIXED_PRICE","EUR",224.0,,,224.0,"0","","","Aug-25-26 03:26:58 PDT","Oct-25-26 04:26:58 PDT","PC Notebooks & Netbooks","177","","","Gebraucht","","","","","","DE","","",""
"307145262134",HP EliteBook 840 G3 i5-6300U 16 GB 480 GB SSD 14 Zoll Win11 Pro,,18496725785,"15","FIXED_PRICE","EUR",250.0,,,250.0,"0","","","Aug-25-26 03:26:59 PDT","Oct-25-26 04:26:59 PDT","PC Notebooks & Netbooks","177","","","Gebraucht","","","","","","DE","","",""
"307145262144",HP EliteBook 840 G3 i5-6300U 8 GB 240 GB SSD 14 Zoll Win11 Pro,,18496746167,"15","FIXED_PRICE","EUR",194.0,,,194.0,"0","","","Aug-25-26 03:26:59 PDT","Oct-25-26 04:26:59 PDT","PC Notebooks & Netbooks","177","","","Gebraucht","","","","","","DE","","",""
"307149380524",Lenovo ThinkPad L14 Gen1 Ryzen 5 PRO 4650U 16 GB 256 GB SSD 14 Zoll Win11 Pro,,18255903176,"8","FIXED_PRICE","EUR",243.0,,,243.0,"0","0","0","Aug-27-26 05:37:03 PDT","Oct-27-26 06:37:03 PDT","PC Notebooks & Netbooks","177","","","Gebraucht","","","","","","DE","","",""
"307149380525",Lenovo ThinkPad L14 Gen1 Ryzen 5 PRO 4650U 16 GB 480 GB SSD 14 Zoll Win11 Pro,,17739357695,"8","FIXED_PRICE","EUR",295.0,,,295.0,"0","","","Aug-27-26 05:37:03 PDT","Oct-27-26 06:37:03 PDT","PC Notebooks & Netbooks","177","","","Gebraucht","","","","","","DE","","",""
"307149380526",Dell Latitude 7480 i7-7600U 8 GB 120 GB SSD 14 Zoll Win11 Pro,,17993044161,"8","FIXED_PRICE","EUR",159.0,,,159.0,"0","","","Aug-27-26 05:37:03 PDT","Oct-27-26 06:37:03 PDT","PC Notebooks & Netbooks","177","","","Gebraucht","","","","","","DE","","",""
"307149380528",Dell Latitude 7480 i5-6300U 8 GB 256 GB SSD 14 Zoll Win11 Pro,,5847,"8","FIXED_PRICE","EUR",159.0,,,159.0,"0","","","Aug-27-26 05:37:03 PDT","Oct-27-26 06:37:03 PDT","PC Notebooks & Netbooks","177","","","Gebraucht","","","","","","DE","","",""
"307149380529",Dell Latitude 7480 i5-6300U 8 GB 256 GB SSD 14 Zoll Win11 Pro,,5847_20251031095319,"8","FIXED_PRICE","EUR",136.0,,,136.0,"0","","","Aug-27-26 05:37:03 PDT","Oct-27-26 06:37:03 PDT","PC Notebooks & Netbooks","177","","","Gebraucht","","","","","","DE","","",""
"307149380536",Dell Latitude 7490 i7-8650U 16 GB 960 GB SSD 14 Zoll Win11 Pro,,17897523407,"8","FIXED_PRICE","EUR",276.0,,,276.0,"0","","","Aug-27-26 05:37:04 PDT","Oct-27-26 06:37:04 PDT","PC Notebooks & Netbooks","177","","","Gebraucht","","","","","","DE","","",""
"307149380539",Dell Latitude 5410 i5-10310U 8 GB 256 GB SSD 14 Zoll Win11 Pro,,18060098957,"8","FIXED_PRICE","EUR",251.0,,,251.0,"0","","","Aug-27-26 05:37:04 PDT","Oct-27-26 06:37:04 PDT","PC Notebooks & Netbooks","177","","","Gebraucht","","","","","","DE","","",""
"307149380540",Dell Latitude 5410 i5-10310U 16 GB 256 GB SSD 14 Zoll Win11 Pro,,18060112469,"8","FIXED_PRICE","EUR",299.0,,,299.0,"0","","","Aug-27-26 05:37:04 PDT","Oct-27-26 06:37:04 PDT","PC Notebooks & Netbooks","177","","","Gebraucht","","","","","","DE","","",""
"307149380544",Dell Latitude 5410 i5-10310U 32 GB 480 GB SSD 14 Zoll Win11 Pro,,18062217517,"8","FIXED_PRICE","EUR",378.0,,,378.0,"0","","","Aug-27-26 05:37:04 PDT","Oct-27-26 06:37:04 PDT","PC Notebooks & Netbooks","177","","","Gebraucht","","","","","","DE","","",""
"307149380546",Dell Latitude 5410 i5-10310U 16 GB 256 GB SSD 14 Zoll Win11 Pro,,18062285076,"8","FIXED_PRICE","EUR",276.0,,,276.0,"0","","","Aug-27-26 05:37:04 PDT","Oct-27-26 06:37:04 PDT","PC Notebooks & Netbooks","177","","","Gebraucht","","","","","","DE","","",""
"307149380548",Dell Latitude 5410 i5-10310U 16 GB 480 GB SSD 14 Zoll Win11 Pro,,18062297262,"8","FIXED_PRICE","EUR",304.0,,,304.0,"0","","","Aug-27-26 05:37:04 PDT","Oct-27-26 06:37:04 PDT","PC Notebooks & Netbooks","177","","","Gebraucht","","","","","","DE","","",""
"307149380549",Dell Latitude 5410 i5-10310U 16 GB 960 GB SSD 14 Zoll Win11 Pro,,18062314836,"8","FIXED_PRICE","EUR",334.0,,,334.0,"0","","","Aug-27-26 05:37:04 PDT","Oct-27-26 06:37:04 PDT","PC Notebooks & Netbooks","177","","","Gebraucht","","","","","","DE","","",""
"307149380550",Dell Latitude 5410 i5-10310U 32 GB 960 GB SSD 14 Zoll Win11 Pro,,18062335579,"8","FIXED_PRICE","EUR",385.0,,,385.0,"0","","","Aug-27-26 05:37:04 PDT","Oct-27-26 06:37:04 PDT","PC Notebooks & Netbooks","177","","","Gebraucht","","","","","","DE","","",""
"307149380552",Dell Latitude 5420 i5-1135G7 16 GB 256 GB SSD 14 Zoll Win11 Pro,,18062476899,"8","FIXED_PRICE","EUR",345.0,,,345.0,"0","","","Aug-27-26 05:37:04 PDT","Oct-27-26 06:37:04 PDT","PC Notebooks & Netbooks","177","","","Gebraucht","","","","","","DE","","",""
"307149380553",Dell Latitude 5420 i5-1135G7 8 GB 256 GB SSD 14 Zoll Win11 Pro,,18062427659,"8","FIXED_PRICE","EUR",318.0,,,318.0,"0","","","Aug-27-26 05:37:04 PDT","Oct-27-26 06:37:04 PDT","PC Notebooks & Netbooks","177","","","Gebraucht","","","","","","DE","","",""
"307149380556",Dell Latitude 5420 i5-1135G7 32 GB 256 GB SSD 14 Zoll Win11 Pro,,18062640204,"8","FIXED_PRICE","EUR",396.0,,,396.0,"0","","","Aug-27-26 05:37:04 PDT","Oct-27-26 06:37:04 PDT","PC Notebooks & Netbooks","177","","","Gebraucht","","","","","","DE","","",""
"307149380558",Dell Latitude 5420 i5-1135G7 16 GB 256 GB SSD 14 Zoll Win11 Pro,,18062772935,"8","FIXED_PRICE","EUR",322.0,,,322.0,"0","","","Aug-27-26 05:37:04 PDT","Oct-27-26 06:37:04 PDT","PC Notebooks & Netbooks","177","","","Gebraucht","","","","","","DE","","",""
"307149380562",Dell Latitude 5420 i5-1135G7 16 GB 480 GB SSD 14 Zoll Win11 Pro,,18062782306,"8","FIXED_PRICE","EUR",350.0,,,350.0,"0","","","Aug-27-26 05:37:04 PDT","Oct-27-26 06:37:04 PDT","PC Notebooks & Netbooks","177","","","Gebraucht","","","","","","DE","","",""
"307149380567","Dell Latitude 5300 i5-8365U 16 GB 480 GB SSD 13,3 Zoll Win11 Pro",,18117919083,"0","FIXED_PRICE","EUR",261.0,,,261.0,"0","","","Aug-27-26 05:37:04 PDT","Oct-27-26 06:37:04 PDT","PC Notebooks & Netbooks","177","","","Gebraucht","","","","","","DE","","",""
"307149380568","Dell Latitude 5300 i5-8365U 16 GB 960 GB SSD 13,3 Zoll Win11 Pro",,18117921547,"0","FIXED_PRICE","EUR",302.0,,,302.0,"0","","","Aug-27-26 05:37:04 PDT","Oct-27-26 06:37:04 PDT","PC Notebooks & Netbooks","177","","","Gebraucht","","","","","","DE","","",""
"307149380571","Dell Latitude 5300 i5-8365U 32 GB 960 GB SSD 13,3 Zoll Win11 Pro",,18117927015,"0","FIXED_PRICE","EUR",353.0,,,353.0,"0","","","Aug-27-26 05:37:04 PDT","Oct-27-26 06:37:04 PDT","PC Notebooks & Netbooks","177","","","Gebraucht","","","","","","DE","","",""
"307149380573",HP ProBook 640 G8 i5-1145G7 8 GB 256 GB SSD 14 Zoll Win11 Home,,18291981656,"8","FIXED_PRICE","EUR",260.0,,,260.0,"0","","","Aug-27-26 05:37:04 PDT","Oct-27-26 06:37:04 PDT","PC Notebooks & Netbooks","177","","","Gebraucht","","","","","","DE","","",""
"307149380575",HP ProBook 640 G8 i5-1145G7 16 GB 480 GB SSD 14 Zoll Win11 Home,,18292005235,"8","FIXED_PRICE","EUR",341.0,,,341.0,"0","","","Aug-27-26 05:37:04 PDT","Oct-27-26 06:37:04 PDT","PC Notebooks & Netbooks","177","","","Gebraucht","","","","","","DE","","",""
"307149380577",HP ProBook 640 G8 i5-1145G7 32 GB 480 GB SSD 14 Zoll Win11 Home,,18292018212,"8","FIXED_PRICE","EUR",421.0,,,421.0,"0","","","Aug-27-26 05:37:04 PDT","Oct-27-26 06:37:04 PDT","PC Notebooks & Netbooks","177","","","Gebraucht","","","","","","DE","","",""
"307149380581",HP ProBook 640 G8 i5-1145G7 16 GB 256 GB SSD 14 Zoll Win11 Home,,18292021358,"8","FIXED_PRICE","EUR",364.0,,,364.0,"0","","","Aug-27-26 05:37:05 PDT","Oct-27-26 06:37:05 PDT","PC Notebooks & Netbooks","177","","","Gebraucht","","","","","","DE","","",""
"307149380584",HP ProBook 640 G8 i5-1145G7 32 GB 480 GB SSD 14 Zoll Win11 Home,,18292050649,"8","FIXED_PRICE","EUR",547.0,,,547.0,"0","","","Aug-27-26 05:37:05 PDT","Oct-27-26 06:37:05 PDT","PC Notebooks & Netbooks","177","","","Gebraucht","","","","","","DE","","",""
"307149380587",HP ProBook 640 G8 i5-1145G7 32 GB 256 GB SSD 14 Zoll Win11 Home,,18292052287,"8","FIXED_PRICE","EUR",444.0,,,444.0,"0","","","Aug-27-26 05:37:05 PDT","Oct-27-26 06:37:05 PDT","PC Notebooks & Netbooks","177","","","Gebraucht","","","","","","DE","","",""
"307149380593",Dell Latitude 7480 i7-6600U 32 GB 960 GB SSD 14 Zoll Win11 Pro,,18295070323,"8","FIXED_PRICE","EUR",404.0,,,404.0,"0","","","Aug-27-26 05:37:05 PDT","Oct-27-26 06:37:05 PDT","PC Notebooks & Netbooks","177","","","Gebraucht","","","","","","DE","","",""
"307149380594","HP Zbook 14U G5 i5-7300U 8 GB 120 GB SSD 14,1 Zoll Win11 Pro",,18372382028,"8","FIXED_PRICE","EUR",182.0,,,182.0,"0","","","Aug-27-26 05:37:05 PDT","Oct-27-26 06:37:05 PDT","PC Notebooks & Netbooks","177","","","Gebraucht","","","","","","DE","","",""
"307149380596",Lenovo ThinkPad L14 Gen 1 Ryzen 5 PRO 4650U 16 GB 256 GB SSD 14 Zoll Win11 Home,,18375908714,"8","FIXED_PRICE","EUR",260.0,,,260.0,"0","","","Aug-27-26 05:37:05 PDT","Oct-27-26 06:37:05 PDT","PC Notebooks & Netbooks","177","","","Gebraucht","","","","","","DE","","",""
"307149380600",Lenovo ThinkPad L14 Gen 1 Ryzen 5 PRO 4650U 32 GB 480 GB SSD 14 Zoll Win11 Home,,18375966844,"8","FIXED_PRICE","EUR",375.0,,,375.0,"1","2","0","Aug-27-26 05:37:05 PDT","Oct-27-26 06:37:05 PDT","PC Notebooks & Netbooks","177","","","Gebraucht","","","","","","DE","","",""
"307149380605",Lenovo ThinkPad L14 Gen 1 Ryzen 5 PRO 4650U 16 GB 480 GB SSD 14 Zoll Win11 Home,,18375975189,"8","FIXED_PRICE","EUR",318.0,,,318.0,"0","1","0","Aug-27-26 05:37:05 PDT","Oct-27-26 06:37:05 PDT","PC Notebooks & Netbooks","177","","","Gebraucht","","","","","","DE","","",""
"307149380607",Lenovo ThinkPad L14 Gen 1 Ryzen 5 PRO 4650U 16 GB 960 GB SSD 14 Zoll Win11 Home,,18375986631,"8","FIXED_PRICE","EUR",398.0,,,398.0,"0","","","Aug-27-26 05:37:05 PDT","Oct-27-26 06:37:05 PDT","PC Notebooks & Netbooks","177","","","Gebraucht","","","","","","DE","","",""
"307149380609",Lenovo ThinkPad L14 Gen 1 Ryzen 5 PRO 4650U 32 GB 256 GB SSD 14 Zoll Win11 Home,,18375996657,"8","FIXED_PRICE","EUR",364.0,,,364.0,"0","","","Aug-27-26 05:37:05 PDT","Oct-27-26 06:37:05 PDT","PC Notebooks & Netbooks","177","","","Gebraucht","","","","","","DE","","",""
"307149380613",Lenovo ThinkPad L14 Gen 1 Ryzen 5 PRO 4650U 32 GB 256 GB SSD 14 Zoll Win11 Home,,18418685638,"8","FIXED_PRICE","EUR",398.0,,,398.0,"0","","","Aug-27-26 05:37:05 PDT","Oct-27-26 06:37:05 PDT","PC Notebooks & Netbooks","177","","","Gebraucht","","","","","","DE","","",""
"307149380614",HP ProBook 640 G8 i5-1145G7 8 GB 256 GB SSD 14 Zoll Win11 Home,,18418965743,"8","FIXED_PRICE","EUR",348.0,,,348.0,"0","","","Aug-27-26 05:37:05 PDT","Oct-27-26 06:37:05 PDT","PC Notebooks & Netbooks","177","","","Gebraucht","","","","","","DE","","",""
"307149380617",HP ProBook 640 G8 i5-1145G7 32 GB 256 GB SSD 14 Zoll Win11 Home,,18419024691,"8","FIXED_PRICE","EUR",479.0,,,479.0,"0","","","Aug-27-26 05:37:05 PDT","Oct-27-26 06:37:05 PDT","PC Notebooks & Netbooks","177","","","Gebraucht","","","","","","DE","","",""
"307149380618",HP ProBook 640 G8 i5-1145G7 16 GB 256 GB SSD 14 Zoll Win11 Home,,18419017446,"8","FIXED_PRICE","EUR",398.0,,,398.0,"0","","","Aug-27-26 05:37:05 PDT","Oct-27-26 06:37:05 PDT","PC Notebooks & Netbooks","177","","","Gebraucht","","","","","","DE","","",""
"307149380622","HP ProBook 450 G8 i5-1135G7 16 GB 480 GB SSD 15,6 Zoll Win11 Pro",,18523626363,"8","FIXED_PRICE","EUR",444.0,,,444.0,"0","","","Aug-27-26 05:37:05 PDT","Oct-27-26 06:37:05 PDT","PC Notebooks & Netbooks","177","","","Gebraucht","","","","","","DE","","",""
"307149380623","HP ProBook 450 G8 i5-1135G7 32 GB 256 GB SSD 15,6 Zoll Win11 Pro",,18523641258,"8","FIXED_PRICE","EUR",502.0,,,502.0,"0","","","Aug-27-26 05:37:05 PDT","Oct-27-26 06:37:05 PDT","PC Notebooks & Netbooks","177","","","Gebraucht","","","","","","DE","","",""
"307149380624","HP ProBook 450 G8 i5-1135G7 16 GB 960 GB SSD 15,6 Zoll Win11 Pro",,18523629118,"8","FIXED_PRICE","EUR",524.0,,,524.0,"0","","","Aug-27-26 05:37:05 PDT","Oct-27-26 06:37:05 PDT","PC Notebooks & Netbooks","177","","","Gebraucht","","","","","","DE","","",""
"307149380625","HP ProBook 450 G8 i5-1135G7 32 GB 480 GB SSD 15,6 Zoll Win11 Pro",,18523652836,"8","FIXED_PRICE","EUR",536.0,,,536.0,"0","","","Aug-27-26 05:37:05 PDT","Oct-27-26 06:37:05 PDT","PC Notebooks & Netbooks","177","","","Gebraucht","","","","","","DE","","",""
"307149380627","HP ProBook 450 G8 i5-1135G7 32 GB 960 GB SSD 15,6 Zoll Win11 Pro",,18523660017,"8","FIXED_PRICE","EUR",616.0,,,616.0,"0","","","Aug-27-26 05:37:06 PDT","Oct-27-26 06:37:06 PDT","PC Notebooks & Netbooks","177","","","Gebraucht","","","","","","DE","","",""
"307149380628","HP ProBook 450 G8 i5-1135G7 16 GB 480 GB SSD 15,6 Zoll Win11 Pro",,18523686620,"8","FIXED_PRICE","EUR",398.0,,,398.0,"0","","","Aug-27-26 05:37:06 PDT","Oct-27-26 06:37:06 PDT","PC Notebooks & Netbooks","177","","","Gebraucht","","","","","","DE","","",""
"307149380629","HP ProBook 450 G8 i5-1135G7 32 GB 480 GB SSD 15,6 Zoll Win11 Pro",,18523741291,"8","FIXED_PRICE","EUR",490.0,,,490.0,"0","","","Aug-27-26 05:37:06 PDT","Oct-27-26 06:37:06 PDT","PC Notebooks & Netbooks","177","","","Gebraucht","","","","","","DE","","",""
"307149380631","HP ProBook 450 G8 i5-1135G7 32 GB 256 GB SSD 15,6 Zoll Win11 Pro",,18523711853,"8","FIXED_PRICE","EUR",456.0,,,456.0,"0","","","Aug-27-26 05:37:06 PDT","Oct-27-26 06:37:06 PDT","PC Notebooks & Netbooks","177","","","Gebraucht","","","","","","DE","","",""
"307149380632","Dell Latitude 5500 i5-8365U 8 GB 256 GB SSD 15,6 Zoll Win10 Pro",,18675986463,"8","FIXED_PRICE","EUR",251.0,,,251.0,"0","","","Aug-27-26 05:37:06 PDT","Oct-27-26 06:37:06 PDT","PC Notebooks & Netbooks","177","","","Gebraucht","","","","","","DE","","",""
"307149380636","Dell Latitude 5500 i5-8265U 32 GB 960 GB SSD 15,6 Zoll Win11 Pro",,18676063285,"8","FIXED_PRICE","EUR",490.0,,,490.0,"0","","","Aug-27-26 05:37:06 PDT","Oct-27-26 06:37:06 PDT","PC Notebooks & Netbooks","177","","","Gebraucht","","","","","","DE","","",""
"307149380639","Dell Latitude 5500 i5-8265U 32 GB 960 GB SSD 15,6 Zoll Win11 Pro",,18676092683,"8","FIXED_PRICE","EUR",444.0,,,444.0,"0","","","Aug-27-26 05:37:06 PDT","Oct-27-26 06:37:06 PDT","PC Notebooks & Netbooks","177","","","Gebraucht","","","","","","DE","","",""
"307149380640","Dell Latitude 5500 i5-8265U 16 GB 960 GB SSD 15,6 Zoll Win11 Pro",,18676087088,"8","FIXED_PRICE","EUR",364.0,,,364.0,"0","","","Aug-27-26 05:37:06 PDT","Oct-27-26 06:37:06 PDT","PC Notebooks & Netbooks","177","","","Gebraucht","","","","","","DE","","",""
"307149380642",HP Elitebook 840 G6 i7-8665U 8 GB 256 GB SSD 14 Zoll Win10 Pro,,18726244644,"8","FIXED_PRICE","EUR",251.0,,,251.0,"0","","","Aug-27-26 05:37:06 PDT","Oct-27-26 06:37:06 PDT","PC Notebooks & Netbooks","177","","","Gebraucht","","","","","","DE","","",""
"307149380644",HP Elitebook 840 G6 i7-8665U 16 GB 480 GB SSD 14 Zoll Win11 Pro,,18726291698,"8","FIXED_PRICE","EUR",352.0,,,352.0,"0","","","Aug-27-26 05:37:06 PDT","Oct-27-26 06:37:06 PDT","PC Notebooks & Netbooks","177","","","Gebraucht","","","","","","DE","","",""
"307149380645",HP Elitebook 840 G6 i7-8665U 16 GB 1000 GB SSD 14 Zoll Win11 Pro,,18726296943,"8","FIXED_PRICE","EUR",433.0,,,433.0,"0","","","Aug-27-26 05:37:06 PDT","Oct-27-26 06:37:06 PDT","PC Notebooks & Netbooks","177","","","Gebraucht","","","","","","DE","","",""
"307149380649",HP Elitebook 840 G6 i7-8665U 16 GB 256 GB SSD 14 Zoll Win11 Pro,,18726318979,"8","FIXED_PRICE","EUR",295.0,,,295.0,"0","","","Aug-27-26 05:37:06 PDT","Oct-27-26 06:37:06 PDT","PC Notebooks & Netbooks","177","","","Gebraucht","","","","","","DE","","",""
"307149380651",HP Elitebook 840 G6 i7-8665U 16 GB 500 GB SSD 14 Zoll Win11 Pro,,18726328063,"8","FIXED_PRICE","EUR",329.0,,,329.0,"0","","","Aug-27-26 05:37:06 PDT","Oct-27-26 06:37:06 PDT","PC Notebooks & Netbooks","177","","","Gebraucht","","","","","","DE","","",""
"307149380653",HP Elitebook 840 G6 i7-8665U 16 GB 1000 GB SSD 14 Zoll Win11 Pro,,18726337859,"8","FIXED_PRICE","EUR",410.0,,,410.0,"0","","","Aug-27-26 05:37:06 PDT","Oct-27-26 06:37:06 PDT","PC Notebooks & Netbooks","177","","","Gebraucht","","","","","","DE","","",""
"307149380654",HP EliteBook 840 G6 i5-8350U 32 GB 960 GB SSD 14 Zoll Win10 Pro,,18468856898,"8","FIXED_PRICE","EUR",479.0,,,479.0,"0","","","Aug-27-26 05:37:06 PDT","Oct-27-26 06:37:06 PDT","PC Notebooks & Netbooks","177","","","Gebraucht","","","","","","DE","","",""
"307149380655",HP Elitebook 840 G6 i7-8665U 32 GB 1000 GB SSD 14 Zoll Win11 Pro,,18726346096,"8","FIXED_PRICE","EUR",490.0,,,490.0,"0","","","Aug-27-26 05:37:06 PDT","Oct-27-26 06:37:06 PDT","PC Notebooks & Netbooks","177","","","Gebraucht","","","","","","DE","","",""
"307149380656",HP ZBook 14u G5 i5-7200U 16 GB 480 GB SSD 14 Zoll Win10 Pro,,12649754926,"8","FIXED_PRICE","EUR",329.0,,,329.0,"0","","","Aug-27-26 05:37:06 PDT","Oct-27-26 06:37:06 PDT","PC Notebooks & Netbooks","177","","","Gebraucht","","","","","","DE","","",""
"307149380659","HP EliteBook 850 G3 i5-6200U 8 GB 240 GB SSD 15,6 Zoll Win11 Pro",,3855,"0","FIXED_PRICE","EUR",182.0,,,182.0,"0","","","Aug-27-26 05:37:06 PDT","Oct-27-26 06:37:06 PDT","PC Notebooks & Netbooks","177","","","Gebraucht","","","","","","DE","","",""
"307149380661",Dell Latitude 5410 i5-10310U 32 GB 480 GB SSD 14 Zoll Win11 Pro,,15092071150,"8","FIXED_PRICE","EUR",435.0,,,435.0,"0","","","Aug-27-26 05:37:06 PDT","Oct-27-26 06:37:06 PDT","PC Notebooks & Netbooks","177","","","Gebraucht","","","","","","DE","","",""
"307149380662","Dell Dell Precision 7740 i7-9850H 16 GB 512 GB SSD 17,3 Zoll Win11 Pro",,17869434815,"8","FIXED_PRICE","EUR",751.0,,,751.0,"0","","","Aug-27-26 05:37:06 PDT","Oct-27-26 06:37:06 PDT","PC Notebooks & Netbooks","177","","","Gebraucht","","","","","","DE","","",""
"307149380665",HP ZBook 14u G5 i5-7200U 16 GB 256 GB SSD 14 Zoll Win10 Pro,,12564312769,"8","FIXED_PRICE","EUR",299.0,,,299.0,"0","","","Aug-27-26 05:37:06 PDT","Oct-27-26 06:37:06 PDT","PC Notebooks & Netbooks","177","","","Gebraucht","","","","","","DE","","",""
"307149380666",Dell Latitude 5410 i5-10310U 32 GB 960 GB SSD 14 Zoll Win11 Pro,,15092084477,"8","FIXED_PRICE","EUR",465.0,,,465.0,"0","","","Aug-27-26 05:37:06 PDT","Oct-27-26 06:37:06 PDT","PC Notebooks & Netbooks","177","","","Gebraucht","","","","","","DE","","",""
"307149380669","Dell Dell Precision 7740 i7-9850H 16 GB 512 GB SSD 17,3 Zoll Win11 Pro",,17869432585,"8","FIXED_PRICE","EUR",866.0,,,866.0,"0","","","Aug-27-26 05:37:06 PDT","Oct-27-26 06:37:06 PDT","PC Notebooks & Netbooks","177","","","Gebraucht","","","","","","DE","","",""
"307149380671","Dell Latitude 5500 i5-8365U 16 GB 480 GB SSD 15,6 Zoll Win11 Pro",,5494,"8","FIXED_PRICE","EUR",306.0,,,306.0,"0","","","Aug-27-26 05:37:06 PDT","Oct-27-26 06:37:06 PDT","PC Notebooks & Netbooks","177","","","Gebraucht","","","","","","DE","","",""
"307149380674","Dell Latitude 5500 i5-8265U 32 GB 2 TB SSD 15,6 Zoll Win11 Pro",,6222_20260505134958,"8","FIXED_PRICE","EUR",593.0,,,593.0,"0","","","Aug-27-26 05:37:07 PDT","Oct-27-26 06:37:07 PDT","PC Notebooks & Netbooks","177","","","Gebraucht","","","","","","DE","","",""
"307149380675",Lenovo ThinkPad T14 Gen1 Ryzen 5 PRO 4650U 16 GB 480 GB SSD 14 Zoll Win11 Pro,,18415895321,"8","FIXED_PRICE","EUR",280.0,,,280.0,"0","1","0","Aug-27-26 05:37:07 PDT","Oct-27-26 06:37:07 PDT","PC Notebooks & Netbooks","177","","","Gebraucht","","","","","","DE","","",""
"307149380676","Dell Latitude 5500 i5-8365U 32 GB 1 TB SSD 15,6 Zoll Win11 Pro",,5494_20260430095153,"8","FIXED_PRICE","EUR",472.0,,,472.0,"0","","","Aug-27-26 05:37:07 PDT","Oct-27-26 06:37:07 PDT","PC Notebooks & Netbooks","177","","","Gebraucht","","","","","","DE","","",""
"307149380677","Dell Latitude 5580 i5-7300U 8 GB 240 GB SSD 15,6 Zoll Win11 Pro",,18444670962,"8","FIXED_PRICE","EUR",200.0,,,200.0,"0","","","Aug-27-26 05:37:07 PDT","Oct-27-26 06:37:07 PDT","PC Notebooks & Netbooks","177","","","Gebraucht","","","","","","DE","","",""
"307149380679",Lenovo ThinkPad T490 i5-8265U 8 GB 256 GB SSD 14 Zoll Win10 Pro,,14747394380,"8","FIXED_PRICE","EUR",272.0,,,272.0,"0","","","Aug-27-26 05:37:07 PDT","Oct-27-26 06:37:07 PDT","PC Notebooks & Netbooks","177","","","Gebraucht","","","","","","DE","","",""
"307149380681","Dell Precision 7730 i7-8750H 32 GB 256 GB SSD 17,3 Zoll Win11 Pro",,18447805163,"8","FIXED_PRICE","EUR",664.0,,,664.0,"0","","","Aug-27-26 05:37:07 PDT","Oct-27-26 06:37:07 PDT","PC Notebooks & Netbooks","177","","","Gebraucht","","","","","","DE","","",""
"307149380682",HP ZBook 14u G5 i5-7200U 16 GB 960 GB SSD 14 Zoll Win10 Pro,,12649759565,"8","FIXED_PRICE","EUR",369.0,,,369.0,"0","","","Aug-27-26 05:37:07 PDT","Oct-27-26 06:37:07 PDT","PC Notebooks & Netbooks","177","","","Gebraucht","","","","","","DE","","",""
"307149380683",HP ZBook 14u G5 i5-7200U 32 GB 960 GB SSD 14 Zoll Win10 Pro,,12649782345,"8","FIXED_PRICE","EUR",447.0,,,447.0,"0","","","Aug-27-26 05:37:07 PDT","Oct-27-26 06:37:07 PDT","PC Notebooks & Netbooks","177","","","Gebraucht","","","","","","DE","","",""
"307149380684",HP ZBook 14u G5 i5-7200U 32 GB 480 GB SSD 14 Zoll Win10 Pro,,12649764214,"8","FIXED_PRICE","EUR",408.0,,,408.0,"0","","","Aug-27-26 05:37:07 PDT","Oct-27-26 06:37:07 PDT","PC Notebooks & Netbooks","177","","","Gebraucht","","","","","","DE","","",""
"307149380686","Dell Precision 7730 i7-8750H 64 GB 960 GB SSD 17,3 Zoll Win10 Pro",,14785783935,"8","FIXED_PRICE","EUR",964.0,,,964.0,"0","","","Aug-27-26 05:37:07 PDT","Oct-27-26 06:37:07 PDT","PC Notebooks & Netbooks","177","","","Gebraucht","","","","","","DE","","",""
"307149380687",Lenovo ThinkPad T480 i5-8350U 8 GB 256 GB SSD 14 Zoll Win11 Pro,,4773,"7","FIXED_PRICE","EUR",228.0,,,228.0,"1","4","0","Aug-27-26 05:37:07 PDT","Oct-27-26 06:37:07 PDT","PC Notebooks & Netbooks","177","","","Gebraucht","","","","","","DE","","",""
"307149380688","Dell Precision 7730 i7-8750H 32 GB 512 GB SSD 17,3 Zoll Win10 Pro",,14785773944,"8","FIXED_PRICE","EUR",715.0,,,715.0,"0","","","Aug-27-26 05:37:07 PDT","Oct-27-26 06:37:07 PDT","PC Notebooks & Netbooks","177","","","Gebraucht","","","","","","DE","","",""
"307149380689","Dell Precision 7730 i7-8750H 32 GB 512 GB SSD 17,3 Zoll Win10 Pro",,16388098675,"8","FIXED_PRICE","EUR",699.0,,,699.0,"0","","","Aug-27-26 05:37:07 PDT","Oct-27-26 06:37:07 PDT","PC Notebooks & Netbooks","177","","","Gebraucht","","","","","","DE","","",""
"307149380697","Dell Latitude 5500 i5-8365U 8 GB 480 GB SSD 15,6 Zoll Win11 Pro",,18561301886,"8","FIXED_PRICE","EUR",283.0,,,283.0,"0","","","Aug-27-26 05:37:07 PDT","Oct-27-26 06:37:07 PDT","PC Notebooks & Netbooks","177","","","Gebraucht","","","","","","DE","","",""
"307149380700","Dell Latitude 5580 i5-7300U 8 GB 240 GB SSD 15,6 Zoll Win11 Pro",,4748_20260326100900,"8","FIXED_PRICE","EUR",223.0,,,223.0,"0","","","Aug-27-26 05:37:07 PDT","Oct-27-26 06:37:07 PDT","PC Notebooks & Netbooks","177","","","Gebraucht","","","","","","DE","","",""
"307149380706",HP EliteBook 840 G8 i5-1145G7 16 GB 256 GB SSD 14 Zoll Win11 Pro,,17629697332,"8","FIXED_PRICE","EUR",369.0,,,369.0,"0","","","Aug-27-26 05:37:07 PDT","Oct-27-26 06:37:07 PDT","PC Notebooks & Netbooks","177","","","Gebraucht","","","","","","DE","","",""
"307149380708","Lenovo ThinkPad T15 Gen 2 i5-1135G7 i5-1135G7 32 GB 500 GB SSD 15,6 Zoll Win11",,18655211449,"8","FIXED_PRICE","EUR",513.0,,,513.0,"0","","","Aug-27-26 05:37:07 PDT","Oct-27-26 06:37:07 PDT","PC Notebooks & Netbooks","177","","","Gebraucht","","","","","","DE","","",""
"307149380709",Dell Latitude 7490 i7-8650U 8 GB 256 GB SSD 14 Zoll Win11 Pro,,4855_20251031124550,"7","FIXED_PRICE","EUR",194.0,,,194.0,"1","2","0","Aug-27-26 05:37:07 PDT","Oct-27-26 06:37:07 PDT","PC Notebooks & Netbooks","177","","","Gebraucht","","","","","","DE","","",""
"307149380711",Lenovo ThinkPad T14 Gen1 Ryzen 5 PRO 4650U 16 GB 256 GB SSD 14 Zoll Win11 Pro,,17739396731,"15","FIXED_PRICE","EUR",266.0,,,266.0,"0","4","0","Aug-27-26 05:37:07 PDT","Oct-27-26 06:37:07 PDT","PC Notebooks & Netbooks","177","","","Gebraucht","","","","","","DE","","",""
"307149380712","Lenovo ThinkPad T15 Gen 2 i5-11gen i5-1135G7 16 GB 500 GB SSD 15,6 Zoll Win11",,18765856057,"8","FIXED_PRICE","EUR",467.0,,,467.0,"0","","","Aug-27-26 05:37:07 PDT","Oct-27-26 06:37:07 PDT","PC Notebooks & Netbooks","177","","","Gebraucht","","","","","","DE","","",""
"307149380714",Lenovo ThinkPad T14 Gen1 Ryzen 5 PRO 4650U 24 GB 500 GB SSD 14 Zoll Win11 Pro,,18617375802,"8","FIXED_PRICE","EUR",347.0,,,347.0,"0","1","0","Aug-27-26 05:37:07 PDT","Oct-27-26 06:37:07 PDT","PC Notebooks & Netbooks","177","","","Gebraucht","","","","","","DE","","",""
"307149380716",HP EliteBook 745 G5 Ryzen 7 PRO 2700U 16 GB 256 GB SSD 14 Zoll Win11 Pro,,18059433337,"8","FIXED_PRICE","EUR",217.0,,,217.0,"0","1","0","Aug-27-26 05:37:07 PDT","Oct-27-26 06:37:07 PDT","PC Notebooks & Netbooks","177","","","Gebraucht","","","","","","DE","","",""
"307149380717","Lenovo ThinkPad T15 Gen2 i5-1135G7 16 GB 256 GB SSD 15,6 Zoll Win11 Pro",,17622086782_20260609121111,"8","FIXED_PRICE","EUR",433.0,,,433.0,"0","","","Aug-27-26 05:37:08 PDT","Oct-27-26 06:37:08 PDT","PC Notebooks & Netbooks","177","","","Gebraucht","","","","","","DE","","",""
"307149380718",Lenovo ThinkPad T480 i5-8350U 8 GB 256 GB SSD 14 Zoll Win10 Pro,,14685054992,"8","FIXED_PRICE","EUR",228.0,,,228.0,"1","2","0","Aug-27-26 05:37:08 PDT","Oct-27-26 06:37:08 PDT","PC Notebooks & Netbooks","177","","","Gebraucht","","","","","","DE","","",""
"307149380719","HP Zbook 14U G5 i5-7300U 16 GB 256 GB SSD 14,1 Zoll Win10 Pro",,15061692860,"8","FIXED_PRICE","EUR",253.0,,,253.0,"0","","","Aug-27-26 05:37:08 PDT","Oct-27-26 06:37:08 PDT","PC Notebooks & Netbooks","177","","","Gebraucht","","","","","","DE","","",""
"307149380721","Dell Latitude 5520 i5-1135G7 16 GB 480 GB SSD 15,6 Zoll Win11 Pro",,17358336879,"8","FIXED_PRICE","EUR",419.0,,,419.0,"0","","","Aug-27-26 05:37:08 PDT","Oct-27-26 06:37:08 PDT","PC Notebooks & Netbooks","177","","","Gebraucht","","","","","","DE","","",""
"307149380723","Lenovo ThinkPad T15 Gen 2 i5-1135G7 i5-1135G7 16 GB 256 GB SSD 15,6 Zoll Win11",,18655018372,"8","FIXED_PRICE","EUR",387.0,,,387.0,"0","","","Aug-27-26 05:37:08 PDT","Oct-27-26 06:37:08 PDT","PC Notebooks & Netbooks","177","","","Gebraucht","","","","","","DE","","",""
"307149380724",HP EliteBook 840 G3 i5-6300U 8 GB 128 GB SSD 14 Zoll Win11 Pro,,5669_20260413101359,"8","FIXED_PRICE","EUR",159.0,,,159.0,"0","","","Aug-27-26 05:37:08 PDT","Oct-27-26 06:37:08 PDT","PC Notebooks & Netbooks","177","","","Gebraucht","","","","","","DE","","",""
"307149380726",HP ProBook 440 G6 i5-8265U 16 GB 256 GB SSD 14 Zoll Win11 Pro,,17757808785,"8","FIXED_PRICE","EUR",210.0,,,210.0,"0","","","Aug-27-26 05:37:08 PDT","Oct-27-26 06:37:08 PDT","PC Notebooks & Netbooks","177","","","Gebraucht","","","","","","DE","","",""
"307149380727","HP EliteBook 850 G3 i5-6200U 8 GB 240 GB SSD 15,6 Zoll Win11 Pro",,18415610068,"0","FIXED_PRICE","EUR",182.0,,,182.0,"0","","","Aug-27-26 05:37:08 PDT","Oct-27-26 06:37:08 PDT","PC Notebooks & Netbooks","177","","","Gebraucht","","","","","","DE","","",""
"307149380728","Lenovo ThinkPad T15 Gen 2 i5-11gen i5-1135G7 16 GB 256 GB SSD 15,6 Zoll Win11",,18655202896,"8","FIXED_PRICE","EUR",433.0,,,433.0,"0","","","Aug-27-26 05:37:08 PDT","Oct-27-26 06:37:08 PDT","PC Notebooks & Netbooks","177","","","Gebraucht","","","","","","DE","","",""
"307149380729",HP ZBook 14u G5 i5-7200U 16 GB 480 GB SSD 14 Zoll Win10 Pro,,15615745802,"8","FIXED_PRICE","EUR",362.0,,,362.0,"0","","","Aug-27-26 05:37:08 PDT","Oct-27-26 06:37:08 PDT","PC Notebooks & Netbooks","177","","","Gebraucht","","","","","","DE","","",""
"307149380730",Lenovo ThinkPad T490 i5-8265U 16 GB 480 GB SSD 14 Zoll Win10 Pro,,16115675243,"8","FIXED_PRICE","EUR",330.0,,,330.0,"0","","","Aug-27-26 05:37:08 PDT","Oct-27-26 06:37:08 PDT","PC Notebooks & Netbooks","177","","","Gebraucht","","","","","","DE","","",""
"307149380731",Lenovo ThinkPad T490 i5-8265U 16 GB 960 GB SSD 14 Zoll Win10 Pro,,16115704250,"8","FIXED_PRICE","EUR",410.0,,,410.0,"0","","","Aug-27-26 05:37:08 PDT","Oct-27-26 06:37:08 PDT","PC Notebooks & Netbooks","177","","","Gebraucht","","","","","","DE","","",""
"307149380733",HP EliteBook 840 G3 i5-6300U 8 GB 128 GB SSD 14 Zoll Win11 Pro,,5669_20260413100631,"8","FIXED_PRICE","EUR",142.0,,,142.0,"0","","","Aug-27-26 05:37:08 PDT","Oct-27-26 06:37:08 PDT","PC Notebooks & Netbooks","177","","","Gebraucht","","","","","","DE","","",""
"307149380734","Lenovo ThinkPad E15 Gen 2 i5-1135G7 32 GB 500 GB SSD 15,6 Zoll Win11 Pro",,4553_20260504134623,"8","FIXED_PRICE","EUR",536.0,,,536.0,"0","","","Aug-27-26 05:37:08 PDT","Oct-27-26 06:37:08 PDT","PC Notebooks & Netbooks","177","","","Gebraucht","","","","","","DE","","",""
"307149380735",HP EliteBook 840 G8 i5-1145G7 32 GB 1 TB SSD 14 Zoll Win11 Pro,,17629697332_20260430083743,"8","FIXED_PRICE","EUR",575.0,,,575.0,"0","","","Aug-27-26 05:37:08 PDT","Oct-27-26 06:37:08 PDT","PC Notebooks & Netbooks","177","","","Gebraucht","","","","","","DE","","",""
"307149380739",Dell Latitude 7490 i7-8650U 16 GB 256 GB SSD 14 Zoll Win10 Pro,,18043910425,"8","FIXED_PRICE","EUR",219.0,,,219.0,"0","","","Aug-27-26 05:37:08 PDT","Oct-27-26 06:37:08 PDT","PC Notebooks & Netbooks","177","","","Gebraucht","","","","","","DE","","",""
"307149380741",HP ProBook 440 G6 i5-8265U 32 GB 1280 GB SSD+HDD 14 Zoll Win11 Pro,,17757834093,"8","FIXED_PRICE","EUR",315.0,,,315.0,"0","","","Aug-27-26 05:37:08 PDT","Oct-27-26 06:37:08 PDT","PC Notebooks & Netbooks","177","","","Gebraucht","","","","","","DE","","",""
"307149380742",Lenovo ThinkPad T490 i5-8265U 8 GB 256 GB SSD 14 Zoll Win10 Pro,,14747496524,"8","FIXED_PRICE","EUR",249.0,,,249.0,"0","","","Aug-27-26 05:37:08 PDT","Oct-27-26 06:37:08 PDT","PC Notebooks & Netbooks","177","","","Gebraucht","","","","","","DE","","",""
"307149380743","Lenovo ThinkPad T15 Gen 2 i5-1135G7 i5-1135G7 32 GB 1000 GB SSD 15,6 Zoll Win11",,18655215651,"8","FIXED_PRICE","EUR",593.0,,,593.0,"0","0","0","Aug-27-26 05:37:08 PDT","Oct-27-26 06:37:08 PDT","PC Notebooks & Netbooks","177","","","Gebraucht","","","","","","DE","","",""
"307149380744",HP EliteBook 840 G8 i5-1145G7 32 GB 512 GB SSD 14 Zoll Win11 Pro,,17629721417_20260420133216,"8","FIXED_PRICE","EUR",449.0,,,449.0,"0","","","Aug-27-26 05:37:08 PDT","Oct-27-26 06:37:08 PDT","PC Notebooks & Netbooks","177","","","Gebraucht","","","","","","DE","","",""
"307149380746","Panasonic ToughPad FZ-G1 mk3 i5-5300U 4 GB 120 GB SSD 10,1 Zoll Win10 Pro",,10356_20260812090814,"8","FIXED_PRICE","EUR",136.0,,,136.0,"12","38","0","Aug-27-26 05:37:08 PDT","Oct-27-26 06:37:08 PDT","PC Notebooks & Netbooks","177","","","Gebraucht","","","","","","DE","","",""
"307149380747",Lenovo ThinkPad T490 i5-8265U 16 GB 960 GB SSD 14 Zoll Win10 Pro,,16115732324,"8","FIXED_PRICE","EUR",432.0,,,432.0,"0","","","Aug-27-26 05:37:08 PDT","Oct-27-26 06:37:08 PDT","PC Notebooks & Netbooks","177","","","Gebraucht","","","","","","DE","","",""
"307149380748",Dell Latitude 7490 i7-8650U 16 GB 480 GB SSD 14 Zoll Win10 Pro,,18043919545,"8","FIXED_PRICE","EUR",249.0,,,249.0,"0","","","Aug-27-26 05:37:08 PDT","Oct-27-26 06:37:08 PDT","PC Notebooks & Netbooks","177","","","Gebraucht","","","","","","DE","","",""
"307149380749",HP ProBook 440 G6 i5-8265U 16 GB 480 GB SSD 14 Zoll Win11 Pro,,17757816631,"8","FIXED_PRICE","EUR",237.0,,,237.0,"0","","","Aug-27-26 05:37:08 PDT","Oct-27-26 06:37:08 PDT","PC Notebooks & Netbooks","177","","","Gebraucht","","","","","","DE","","",""
"307149380751",HP ProBook 440 G6 i5-8265U 8 GB 256 GB SSD+HDD 14 Zoll Win11 Pro,,17757696191,"8","FIXED_PRICE","EUR",194.0,,,194.0,"0","","","Aug-27-26 05:37:08 PDT","Oct-27-26 06:37:08 PDT","PC Notebooks & Netbooks","177","","","Gebraucht","","","","","","DE","","",""
"307149380752",Lenovo ThinkPad T14 Gen1 Ryzen 5 PRO 4650U 16 GB 960 GB SSD 14 Zoll Win11 Pro,,18415907958,"8","FIXED_PRICE","EUR",358.0,,,358.0,"0","1","0","Aug-27-26 05:37:08 PDT","Oct-27-26 06:37:08 PDT","PC Notebooks & Netbooks","177","","","Gebraucht","","","","","","DE","","",""
"307149380753",Lenovo ThinkPad T14 Gen1 Ryzen 5 PRO 4650U 16 GB 480 GB SSD 14 Zoll Win11 Pro,,18415912687,"8","FIXED_PRICE","EUR",301.0,,,301.0,"0","0","0","Aug-27-26 05:37:08 PDT","Oct-27-26 06:37:08 PDT","PC Notebooks & Netbooks","177","","","Gebraucht","","","","","","DE","","",""
"307149380755",HP EliteBook 840 G8 i5-1145G7 16 GB 256 GB SSD 14 Zoll Win10 Pro,,18418723367,"8","FIXED_PRICE","EUR",403.0,,,403.0,"0","","","Aug-27-26 05:37:08 PDT","Oct-27-26 06:37:08 PDT","PC Notebooks & Netbooks","177","","","Gebraucht","","","","","","DE","","",""
"307149380757",HP EliteBook 840 G8 i5-1145G7 16 GB 500 GB SSD 14 Zoll Win10 Pro,,18418824496,"8","FIXED_PRICE","EUR",440.0,,,440.0,"0","","","Aug-27-26 05:37:08 PDT","Oct-27-26 06:37:08 PDT","PC Notebooks & Netbooks","177","","","Gebraucht","","","","","","DE","","",""
"307149380758",HP EliteBook 840 G8 i5-1145G7 32 GB 256 GB SSD 14 Zoll Win10 Pro,,18418820473,"8","FIXED_PRICE","EUR",502.0,,,502.0,"0","","","Aug-27-26 05:37:08 PDT","Oct-27-26 06:37:08 PDT","PC Notebooks & Netbooks","177","","","Gebraucht","","","","","","DE","","",""
"307149380759",HP EliteBook 840 G8 i5-1145G7 16 GB 500 GB SSD 14 Zoll Win10 Pro,,18418827252,"8","FIXED_PRICE","EUR",541.0,,,541.0,"0","","","Aug-27-26 05:37:08 PDT","Oct-27-26 06:37:08 PDT","PC Notebooks & Netbooks","177","","","Gebraucht","","","","","","DE","","",""
"307149380760","Lenovo ThinkPad T15 Gen2 i5-1135G7 32 GB 1 TB SSD 15,6 Zoll Win11 Pro",,17622086782_20260609124017,"8","FIXED_PRICE","EUR",593.0,,,593.0,"0","2","0","Aug-27-26 05:37:09 PDT","Oct-27-26 06:37:09 PDT","PC Notebooks & Netbooks","177","","","Gebraucht","","","","","","DE","","",""
"307149380761",HP ZBook 14u G5 i5-7200U 32 GB 960 GB SSD 14 Zoll Win10 Pro,,15615870644,"8","FIXED_PRICE","EUR",504.0,,,504.0,"0","","","Aug-27-26 05:37:09 PDT","Oct-27-26 06:37:09 PDT","PC Notebooks & Netbooks","177","","","Gebraucht","","","","","","DE","","",""
"307149380762",HP ProBook 440 G6 i5-8265U 32 GB 480 GB SSD 14 Zoll Win11 Pro,,17757785153,"8","FIXED_PRICE","EUR",320.0,,,320.0,"0","","","Aug-27-26 05:37:09 PDT","Oct-27-26 06:37:09 PDT","PC Notebooks & Netbooks","177","","","Gebraucht","","","","","","DE","","",""
"307149380763",Dell Latitude 7490 i7-8650U 8 GB 256 GB SSD 14 Zoll Win10 Pro,,18043810208,"8","FIXED_PRICE","EUR",194.0,,,194.0,"0","","","Aug-27-26 05:37:09 PDT","Oct-27-26 06:37:09 PDT","PC Notebooks & Netbooks","177","","","Gebraucht","","","","","","DE","","",""
"307149380765",Lenovo ThinkPad T14 Gen1 Ryzen 5 PRO 4650U 16 GB 960 GB SSD 14 Zoll Win11 Pro,,18415918892,"8","FIXED_PRICE","EUR",381.0,,,381.0,"0","0","0","Aug-27-26 05:37:09 PDT","Oct-27-26 06:37:09 PDT","PC Notebooks & Netbooks","177","","","Gebraucht","","","","","","DE","","",""
"307149380766",Dell Latitude 7490 i7-8650U 32 GB 960 GB SSD 14 Zoll Win10 Pro,,18043940902,"8","FIXED_PRICE","EUR",327.0,,,327.0,"0","","","Aug-27-26 05:37:09 PDT","Oct-27-26 06:37:09 PDT","PC Notebooks & Netbooks","177","","","Gebraucht","","","","","","DE","","",""
"307149380767","Dell Latitude 5580 i5-7300U 16 GB 256 GB SSD 15,6 Zoll Win11 Pro",,18444689217,"8","FIXED_PRICE","EUR",246.0,,,246.0,"0","","","Aug-27-26 05:37:09 PDT","Oct-27-26 06:37:09 PDT","PC Notebooks & Netbooks","177","","","Gebraucht","","","","","","DE","","",""
"307149380769",HP EliteBook 840 G3 i5-6300U 8 GB 128 GB SSD 14 Zoll Win10 Pro,,18496607986,"8","FIXED_PRICE","EUR",142.0,,,142.0,"0","","","Aug-27-26 05:37:09 PDT","Oct-27-26 06:37:09 PDT","PC Notebooks & Netbooks","177","","","Gebraucht","","","","","","DE","","",""
"307149380770","Dell Latitude 5580 i5-7300U 8 GB 120 GB SSD 15,6 Zoll Win11 Pro",,18444699173,"8","FIXED_PRICE","EUR",188.0,,,188.0,"0","","","Aug-27-26 05:37:09 PDT","Oct-27-26 06:37:09 PDT","PC Notebooks & Netbooks","177","","","Gebraucht","","","","","","DE","","",""
"307149380771",HP EliteBook 840 G3 i5-6300U 16 GB 240 GB SSD 14 Zoll Win11 Pro,,18496653733,"8","FIXED_PRICE","EUR",200.0,,,200.0,"0","","","Aug-27-26 05:37:09 PDT","Oct-27-26 06:37:09 PDT","PC Notebooks & Netbooks","177","","","Gebraucht","","","","","","DE","","",""
"307149380773","Fujitsu Lifebook E5510 i7-10510U 8 GB 256 GB SSD 15,6 Zoll Win11 Pro",,18857442563,"8","FIXED_PRICE","EUR",297.0,,,297.0,"0","","","Aug-27-26 05:37:09 PDT","Oct-27-26 06:37:09 PDT","PC Notebooks & Netbooks","177","","","Gebraucht","","","","","","DE","","",""
"307149380774",HP EliteBook 840 G3 i5-6300U 16 GB 240 GB SSD 14 Zoll Win11 Pro,,18496756356,"15","FIXED_PRICE","EUR",237.0,,,237.0,"0","","","Aug-27-26 05:37:09 PDT","Oct-27-26 06:37:09 PDT","PC Notebooks & Netbooks","177","","","Gebraucht","","","","","","DE","","",""
"307149380777",Lenovo ThinkPad T15 GEN1 i5-10210U 16 GB 256 GB SSD 15 Zoll Win11 Pro,,18830654159,"8","FIXED_PRICE","EUR",318.0,,,318.0,"0","","","Aug-27-26 05:37:09 PDT","Oct-27-26 06:37:09 PDT","PC Notebooks & Netbooks","177","","","Gebraucht","","","","","","DE","","",""
"307149380779",HP EliteBook 840 G8 i5-1145G7 32 GB 1000 GB SSD 14 Zoll Win10 Pro,,18547227988,"8","FIXED_PRICE","EUR",575.0,,,575.0,"0","","","Aug-27-26 05:37:09 PDT","Oct-27-26 06:37:09 PDT","PC Notebooks & Netbooks","177","","","Gebraucht","","","","","","DE","","",""
"307149380781",Lenovo ThinkPad T15 GEN1 i5-10210U 16 GB 960 GB SSD 15 Zoll Win11 Pro,,18830678839,"8","FIXED_PRICE","EUR",467.0,,,467.0,"0","","","Aug-27-26 05:37:09 PDT","Oct-27-26 06:37:09 PDT","PC Notebooks & Netbooks","177","","","Gebraucht","","","","","","DE","","",""
"307149380782",Lenovo ThinkPad T15 GEN1 i5-10210U 16 GB 480 GB SSD 15 Zoll Win11 Pro,,18830671208,"15","FIXED_PRICE","EUR",387.0,,,387.0,"0","","","Aug-27-26 05:37:09 PDT","Oct-27-26 06:37:09 PDT","PC Notebooks & Netbooks","177","","","Gebraucht","","","","","","DE","","",""
"307149380783",Lenovo ThinkPad T15 GEN1 i5-10210U 32 GB 256 GB SSD 15 Zoll Win11 Pro,,18830681962,"15","FIXED_PRICE","EUR",444.0,,,444.0,"0","","","Aug-27-26 05:37:09 PDT","Oct-27-26 06:37:09 PDT","PC Notebooks & Netbooks","177","","","Gebraucht","","","","","","DE","","",""
"307149380787",Lenovo ThinkPad T15 GEN1 i5-10210U 32 GB 480 GB SSD 15 Zoll Win11 Pro,,18830691748,"15","FIXED_PRICE","EUR",479.0,,,479.0,"0","","","Aug-27-26 05:37:09 PDT","Oct-27-26 06:37:09 PDT","PC Notebooks & Netbooks","177","","","Gebraucht","","","","","","DE","","",""
"307149380788",Lenovo ThinkPad T15 GEN1 i5-10210U 32 GB 960 GB SSD 15 Zoll Win11 Pro,,18830709358,"15","FIXED_PRICE","EUR",559.0,,,559.0,"0","","","Aug-27-26 05:37:09 PDT","Oct-27-26 06:37:09 PDT","PC Notebooks & Netbooks","177","","","Gebraucht","","","","","","DE","","",""
"307149380790",Lenovo ThinkPad T15 GEN1 i5-10210U 16 GB 480 GB SSD 15 Zoll Win11 Pro,,18830744954,"15","FIXED_PRICE","EUR",352.0,,,352.0,"0","","","Aug-27-26 05:37:09 PDT","Oct-27-26 06:37:09 PDT","PC Notebooks & Netbooks","177","","","Gebraucht","","","","","","DE","","",""
"307149380791",Lenovo ThinkPad T15 GEN1 i5-10210U 32 GB 256 GB SSD 15 Zoll Win11 Pro,,18830770523,"8","FIXED_PRICE","EUR",410.0,,,410.0,"0","","","Aug-27-26 05:37:09 PDT","Oct-27-26 06:37:09 PDT","PC Notebooks & Netbooks","177","","","Gebraucht","","","","","","DE","","",""
"307149380792",Lenovo ThinkPad T15 GEN1 i5-10210U 16 GB 960 GB SSD 15 Zoll Win11 Pro,,18830761562,"15","FIXED_PRICE","EUR",433.0,,,433.0,"0","","","Aug-27-26 05:37:09 PDT","Oct-27-26 06:37:09 PDT","PC Notebooks & Netbooks","177","","","Gebraucht","","","","","","DE","","",""
"307149380793",Lenovo ThinkPad T15 GEN1 i5-10210U 32 GB 480 GB SSD 15 Zoll Win11 Pro,,18830795745,"15","FIXED_PRICE","EUR",444.0,,,444.0,"0","","","Aug-27-26 05:37:09 PDT","Oct-27-26 06:37:09 PDT","PC Notebooks & Netbooks","177","","","Gebraucht","","","","","","DE","","",""
"307149380794",Lenovo ThinkPad T15 GEN1 i5-10210U 32 GB 960 GB SSD 15 Zoll Win11 Pro,,18830797456,"8","FIXED_PRICE","EUR",524.0,,,524.0,"0","","","Aug-27-26 05:37:09 PDT","Oct-27-26 06:37:09 PDT","PC Notebooks & Netbooks","177","","","Gebraucht","","","","","","DE","","",""
"307149380795","Fujitsu Lifebook E5510 i7-10510U 16 GB 256 GB SSD 15,6 Zoll Win11 Pro",,18857466758,"15","FIXED_PRICE","EUR",317.0,,,317.0,"0","","","Aug-27-26 05:37:09 PDT","Oct-27-26 06:37:09 PDT","PC Notebooks & Netbooks","177","","","Gebraucht","","","","","","DE","","",""
"307149380796","Fujitsu Lifebook E5510 i7-10510U 16 GB 480 GB SSD 15,6 Zoll Win11 Pro",,18857473838,"15","FIXED_PRICE","EUR",354.0,,,354.0,"0","","","Aug-27-26 05:37:09 PDT","Oct-27-26 06:37:09 PDT","PC Notebooks & Netbooks","177","","","Gebraucht","","","","","","DE","","",""
"307149380799","Fujitsu Lifebook E5510 i7-10510U 16 GB 960 GB SSD 15,6 Zoll Win11 Pro",,18857478224,"15","FIXED_PRICE","EUR",432.0,,,432.0,"0","","","Aug-27-26 05:37:09 PDT","Oct-27-26 06:37:09 PDT","PC Notebooks & Netbooks","177","","","Gebraucht","","","","","","DE","","",""
"307149380800","Fujitsu Lifebook E5510 i7-10510U 32 GB 480 GB SSD 15,6 Zoll Win11 Pro",,18857482509,"8","FIXED_PRICE","EUR",443.0,,,443.0,"0","","","Aug-27-26 05:37:09 PDT","Oct-27-26 06:37:09 PDT","PC Notebooks & Netbooks","177","","","Gebraucht","","","","","","DE","","",""
"307149380801","Fujitsu Lifebook E5510 i7-10510U 32 GB 960 GB SSD 15,6 Zoll Win11 Pro",,18857484203,"15","FIXED_PRICE","EUR",524.0,,,524.0,"0","","","Aug-27-26 05:37:09 PDT","Oct-27-26 06:37:09 PDT","PC Notebooks & Netbooks","177","","","Gebraucht","","","","","","DE","","",""
"307149380802",HP EliteBook 840 G8 i5-1145G7 16 GB 1000 GB SSD 14 Zoll Win11 Pro,,18468755925,"15","FIXED_PRICE","EUR",609.0,,,609.0,"0","","","Aug-27-26 05:37:09 PDT","Oct-27-26 06:37:09 PDT","PC Notebooks & Netbooks","177","","","Gebraucht","","","","","","DE","","",""
"307150894363",HP EliteDesk 800 G4 i5-8500T 8 GB 240 GB SSD Win11 Pro,,3959,"8","FIXED_PRICE","EUR",182.0,,,182.0,"0","0","0","Aug-28-26 03:53:42 PDT","Oct-28-26 04:53:42 PDT","PC Desktops & All-in-Ones","179","","","Gebraucht","","","","","","DE","","",""
"307151036465","HP ProBook 450 G10 i5-1335U 16 GB 256 GB SSD 15,6 Zoll Win11 Home",,18699132458,"0","FIXED_PRICE","EUR",547.0,,,547.0,"0","","","Aug-28-26 06:02:24 PDT","Oct-28-26 07:02:24 PDT","PC Notebooks & Netbooks","177","","","Gebraucht","","","","","","DE","","",""
"307151036467","Dell Precision 7530 i5-8300H 8 GB 256 GB SSD 15,6 Zoll Win11 Pro",,18749440373,"0","FIXED_PRICE","EUR",237.0,,,237.0,"0","0","0","Aug-28-26 06:02:24 PDT","Oct-28-26 07:02:24 PDT","PC Notebooks & Netbooks","177","","","Gebraucht","","","","","","DE","","",""
"307151036468","Dell Precision 7530 i5-8300H 8 GB 256 GB SSD 15,6 Zoll Win11 Pro",,18749421120,"0","FIXED_PRICE","EUR",260.0,,,260.0,"0","","","Aug-28-26 06:02:24 PDT","Oct-28-26 07:02:24 PDT","PC Notebooks & Netbooks","177","","","Gebraucht","","","","","","DE","","",""
"307151036469","Dell Precision 7530 i5-8300H 16 GB 256 GB SSD 15,6 Zoll Win11 Pro",,18749446184,"0","FIXED_PRICE","EUR",317.0,,,317.0,"0","","","Aug-28-26 06:02:24 PDT","Oct-28-26 07:02:24 PDT","PC Notebooks & Netbooks","177","","","Gebraucht","","","","","","DE","","",""
"307151036471","Dell Precision 7530 i5-8300H 16 GB 480 GB SSD 15,6 Zoll Win11 Pro",,18749451783,"0","FIXED_PRICE","EUR",352.0,,,352.0,"0","","","Aug-28-26 06:02:24 PDT","Oct-28-26 07:02:24 PDT","PC Notebooks & Netbooks","177","","","Gebraucht","","","","","","DE","","",""
"307151036473","Dell Precision 7530 i5-8300H 16 GB 960 GB SSD 15,6 Zoll Win11 Pro",,18749460819,"0","FIXED_PRICE","EUR",433.0,,,433.0,"0","","","Aug-28-26 06:02:24 PDT","Oct-28-26 07:02:24 PDT","PC Notebooks & Netbooks","177","","","Gebraucht","","","","","","DE","","",""
"307151036475","Dell Precision 7530 i5-8300H 32 GB 480 GB SSD 15,6 Zoll Win11 Pro",,18749474753,"0","FIXED_PRICE","EUR",433.0,,,433.0,"0","","","Aug-28-26 06:02:24 PDT","Oct-28-26 07:02:24 PDT","PC Notebooks & Netbooks","177","","","Gebraucht","","","","","","DE","","",""
"307151036476","Dell Precision 7530 i5-8300H 32 GB 960 GB SSD 15,6 Zoll Win11 Pro",,18749470825,"0","FIXED_PRICE","EUR",513.0,,,513.0,"0","","","Aug-28-26 06:02:24 PDT","Oct-28-26 07:02:24 PDT","PC Notebooks & Netbooks","177","","","Gebraucht","","","","","","DE","","",""
"307151036478","Dell Precision 7530 i5-8300H 16 GB 256 GB SSD 15,6 Zoll Win11 Pro",,18749479408,"0","FIXED_PRICE","EUR",340.0,,,340.0,"0","","","Aug-28-26 06:02:24 PDT","Oct-28-26 07:02:24 PDT","PC Notebooks & Netbooks","177","","","Gebraucht","","","","","","DE","","",""
"307151036481","Dell Precision 7530 i5-8300H 16 GB 480 GB SSD 15,6 Zoll Win11 Pro",,18749543191,"0","FIXED_PRICE","EUR",375.0,,,375.0,"0","","","Aug-28-26 06:02:24 PDT","Oct-28-26 07:02:24 PDT","PC Notebooks & Netbooks","177","","","Gebraucht","","","","","","DE","","",""
"307151036482","Dell Precision 7530 i5-8300H 16 GB 960 GB SSD 15,6 Zoll Win11 Pro",,18749547249,"0","FIXED_PRICE","EUR",456.0,,,456.0,"0","","","Aug-28-26 06:02:24 PDT","Oct-28-26 07:02:24 PDT","PC Notebooks & Netbooks","177","","","Gebraucht","","","","","","DE","","",""
"307151036483","Dell Precision 7530 i5-8300H 32 GB 960 GB SSD 15,6 Zoll Win11 Pro",,18749560388,"0","FIXED_PRICE","EUR",536.0,,,536.0,"0","","","Aug-28-26 06:02:25 PDT","Oct-28-26 07:02:25 PDT","PC Notebooks & Netbooks","177","","","Gebraucht","","","","","","DE","","",""
"307151036485","Dell Precision 7530 i5-8300H 32 GB 480 GB SSD 15,6 Zoll Win11 Pro",,18749584615,"0","FIXED_PRICE","EUR",456.0,,,456.0,"0","","","Aug-28-26 06:02:25 PDT","Oct-28-26 07:02:25 PDT","PC Notebooks & Netbooks","177","","","Gebraucht","","","","","","DE","","",""
"307151036486",Fujitsu Lifebook U749 i7-8665U 16 GB 256 GB SSD 14 Zoll Win11 Pro,,18806242888,"0","FIXED_PRICE","EUR",222.0,,,222.0,"0","","","Aug-28-26 06:02:25 PDT","Oct-28-26 07:02:25 PDT","PC Notebooks & Netbooks","177","","","Gebraucht","","","","","","DE","","",""
"307151036487",Fujitsu Lifebook U749 i7-8665U 16 GB 480 GB SSD 14 Zoll Win11 Pro,,18806248848,"0","FIXED_PRICE","EUR",257.0,,,257.0,"0","","","Aug-28-26 06:02:25 PDT","Oct-28-26 07:02:25 PDT","PC Notebooks & Netbooks","177","","","Gebraucht","","","","","","DE","","",""
"307151036492",Fujitsu Lifebook U749 i7-8665U 32 GB 480 GB SSD 14 Zoll Win11 Pro,,18806268055,"0","FIXED_PRICE","EUR",335.0,,,335.0,"0","","","Aug-28-26 06:02:25 PDT","Oct-28-26 07:02:25 PDT","PC Notebooks & Netbooks","177","","","Gebraucht","","","","","","DE","","",""
"307151036493",Fujitsu Lifebook U749 i7-8665U 32 GB 960 GB SSD 14 Zoll Win11 Pro,,18806281817,"0","FIXED_PRICE","EUR",416.0,,,416.0,"0","","","Aug-28-26 06:02:25 PDT","Oct-28-26 07:02:25 PDT","PC Notebooks & Netbooks","177","","","Gebraucht","","","","","","DE","","",""
"307151036494","HP 250 G6 i3-6006U 8/128 i3-6006U 8 GB 128 GB SSD 15,6 Zoll Win11 Pro",,18851662532,"0","FIXED_PRICE","EUR",136.0,,,136.0,"0","","","Aug-28-26 06:02:25 PDT","Oct-28-26 07:02:25 PDT","PC Notebooks & Netbooks","177","","","Gebraucht","","","","","","DE","","",""
"307151036498","HP 250 G5 i3-5005U 8 GB 128 GB SSD 15,6 Zoll Win11 Pro",,18851673747,"0","FIXED_PRICE","EUR",130.0,,,130.0,"0","","","Aug-28-26 06:02:25 PDT","Oct-28-26 07:02:25 PDT","PC Notebooks & Netbooks","177","","","Gebraucht","","","","","","DE","","",""
"307151036499","HP 250 G5 i3-5005U 8 GB 256 GB SSD 15,6 Zoll Win11 Pro",,18851705231,"0","FIXED_PRICE","EUR",149.0,,,149.0,"0","","","Aug-28-26 06:02:25 PDT","Oct-28-26 07:02:25 PDT","PC Notebooks & Netbooks","177","","","Gebraucht","","","","","","DE","","",""
"307151036502","Fujitsu Lifebook E756 i7-6500U 8 GB 240 GB SSD 15,6 Zoll Win11 Pro",,18858186864,"0","FIXED_PRICE","EUR",182.0,,,182.0,"0","","","Aug-28-26 06:02:25 PDT","Oct-28-26 07:02:25 PDT","PC Notebooks & Netbooks","177","","","Gebraucht","","","","","","DE","","",""
"307151036503","Fujitsu Lifebook E756 i7-6500U 16 GB 240 GB SSD 15,6 Zoll Win11 Pro",,18858198018,"0","FIXED_PRICE","EUR",228.0,,,228.0,"0","1","0","Aug-28-26 06:02:25 PDT","Oct-28-26 07:02:25 PDT","PC Notebooks & Netbooks","177","","","Gebraucht","","","","","","DE","","",""
"307151036504","Fujitsu Lifebook E756 i7-6500U 16 GB 480 GB SSD 15,6 Zoll Win11 Pro",,18858206297,"0","FIXED_PRICE","EUR",260.0,,,260.0,"0","","","Aug-28-26 06:02:25 PDT","Oct-28-26 07:02:25 PDT","PC Notebooks & Netbooks","177","","","Gebraucht","","","","","","DE","","",""
"307151036505",HP EliteBook 745 G6 Ryzen 7 PRO 3700U 16 GB 256 GB SSD 14 Zoll Win11 Pro,,18873675648,"0","FIXED_PRICE","EUR",274.0,,,274.0,"0","","","Aug-28-26 06:02:25 PDT","Oct-28-26 07:02:25 PDT","PC Notebooks & Netbooks","177","","","Gebraucht","","","","","","DE","","",""
"307151036507",Fujitsu Lifebook U749 i7-8665U 16 GB 960 GB SSD 14 Zoll Win11 Pro,,18806260913,"0","FIXED_PRICE","EUR",335.0,,,335.0,"0","","","Aug-28-26 06:02:25 PDT","Oct-28-26 07:02:25 PDT","PC Notebooks & Netbooks","177","","","Gebraucht","","","","","","DE","","",""
"307151036509",HP EliteBook 745 G6 Ryzen 7 PRO 3700U 16 GB 480 GB SSD 14 Zoll Win11 Pro,,18873683147,"0","FIXED_PRICE","EUR",306.0,,,306.0,"0","","","Aug-28-26 06:02:25 PDT","Oct-28-26 07:02:25 PDT","PC Notebooks & Netbooks","177","","","Gebraucht","","","","","","DE","","",""
"307151036510",HP EliteBook 745 G6 Ryzen 7 PRO 3700U 16 GB 960 GB SSD 14 Zoll Win11 Pro,,18873684542,"0","FIXED_PRICE","EUR",387.0,,,387.0,"0","","","Aug-28-26 06:02:25 PDT","Oct-28-26 07:02:25 PDT","PC Notebooks & Netbooks","177","","","Gebraucht","","","","","","DE","","",""
"307151036513",HP EliteBook 745 G6 Ryzen 7 PRO 3700U 32 GB 960 GB SSD 14 Zoll Win11 Pro,,18873685826,"0","FIXED_PRICE","EUR",467.0,,,467.0,"0","","","Aug-28-26 06:02:25 PDT","Oct-28-26 07:02:25 PDT","PC Notebooks & Netbooks","177","","","Gebraucht","","","","","","DE","","",""
"307151036516",HP EliteBook 745 G6 Ryzen 7 PRO 3700U 16 GB 480 GB SSD 14 Zoll Win11 Pro,,18873707852,"0","FIXED_PRICE","EUR",280.0,,,280.0,"0","","","Aug-28-26 06:02:25 PDT","Oct-28-26 07:02:25 PDT","PC Notebooks & Netbooks","177","","","Gebraucht","","","","","","DE","","",""
"307151036517",HP EliteBook 745 G6 Ryzen 7 PRO 3700U 16 GB 256 GB SSD 14 Zoll Win11 Pro,,18873700579,"0","FIXED_PRICE","EUR",243.0,,,243.0,"0","","","Aug-28-26 06:02:25 PDT","Oct-28-26 07:02:25 PDT","PC Notebooks & Netbooks","177","","","Gebraucht","","","","","","DE","","",""
"307151036520",HP EliteBook 745 G6 Ryzen 7 PRO 3700U 16 GB 960 GB SSD 14 Zoll Win11 Pro,,18873709312,"0","FIXED_PRICE","EUR",358.0,,,358.0,"0","","","Aug-28-26 06:02:25 PDT","Oct-28-26 07:02:25 PDT","PC Notebooks & Netbooks","177","","","Gebraucht","","","","","","DE","","",""
"307151036522",HP EliteBook 745 G6 Ryzen 7 PRO 3700U 32 GB 960 GB SSD 14 Zoll Win11 Pro,,18873710562,"0","FIXED_PRICE","EUR",439.0,,,439.0,"0","","","Aug-28-26 06:02:25 PDT","Oct-28-26 07:02:25 PDT","PC Notebooks & Netbooks","177","","","Gebraucht","","","","","","DE","","",""
"307151036523","HP 430 G5 i5-8250U 8 GB 740 GB SSD+HDD 13,3 Zoll Win10 Pro",,12305976081,"8","FIXED_PRICE","EUR",193.0,,,193.0,"0","","","Aug-28-26 06:02:25 PDT","Oct-28-26 07:02:25 PDT","PC Notebooks & Netbooks","177","","","Gebraucht","","","","","","DE","","",""
"307151036525","Dell Precision 7730 i7-8750H 32 GB 1000 GB SSD 17,3 Zoll Win10 Pro",,18465864151,"0","FIXED_PRICE","EUR",783.0,,,783.0,"0","","","Aug-28-26 06:02:25 PDT","Oct-28-26 07:02:25 PDT","PC Notebooks & Netbooks","177","","","Gebraucht","","","","","","DE","","",""
"307157057587",Dell Latitude E7470 i5-6300U 8 GB 120 GB SSD 14 Zoll Win11 Pro,,18880669190,"0","FIXED_PRICE","EUR",130.0,,,130.0,"0","","","Sep-01-26 06:45:29 PDT","Oct-01-26 06:45:29 PDT","PC Notebooks & Netbooks","177","","","Gebraucht","","","","","","DE","","",""
"307157057588",Dell Latitude E7470 i5-6300U 16 GB 256 GB SSD 14 Zoll Win11 Pro,,18880690920,"0","FIXED_PRICE","EUR",182.0,,,182.0,"0","","","Sep-01-26 06:45:29 PDT","Oct-01-26 06:45:29 PDT","PC Notebooks & Netbooks","177","","","Gebraucht","","","","","","DE","","",""
"307157057589",Dell Latitude E7470 i5-6300U 16 GB 480 GB SSD 14 Zoll Win11 Pro,,18880695042,"0","FIXED_PRICE","EUR",216.0,,,216.0,"0","","","Sep-01-26 06:45:29 PDT","Oct-01-26 06:45:29 PDT","PC Notebooks & Netbooks","177","","","Gebraucht","","","","","","DE","","",""
"307157057591",Dell Latitude E7470 i5-6300U 16 GB 960 GB SSD 14 Zoll Win11 Pro,,18880697487,"0","FIXED_PRICE","EUR",297.0,,,297.0,"0","","","Sep-01-26 06:45:29 PDT","Oct-01-26 06:45:29 PDT","PC Notebooks & Netbooks","177","","","Gebraucht","","","","","","DE","","",""
"307157057593",Dell Latitude E7470 i5-6300U 32 GB 960 GB SSD 14 Zoll Win11 Pro,,18880698857,"0","FIXED_PRICE","EUR",378.0,,,378.0,"0","","","Sep-01-26 06:45:30 PDT","Oct-01-26 06:45:30 PDT","PC Notebooks & Netbooks","177","","","Gebraucht","","","","","","DE","","",""
"307157057594",Dell Latitude E7470 i5-6300U 8 GB 256 GB SSD 14 Zoll Win11 Pro,,18880705570,"0","FIXED_PRICE","EUR",159.0,,,159.0,"0","","","Sep-01-26 06:45:30 PDT","Oct-01-26 06:45:30 PDT","PC Notebooks & Netbooks","177","","","Gebraucht","","","","","","DE","","",""
"307157057595",Dell Latitude E7470 i5-6300U 16 GB 256 GB SSD 14 Zoll Win11 Pro,,18880716276,"0","FIXED_PRICE","EUR",205.0,,,205.0,"0","","","Sep-01-26 06:45:30 PDT","Oct-01-26 06:45:30 PDT","PC Notebooks & Netbooks","177","","","Gebraucht","","","","","","DE","","",""
"307157057597",Dell Latitude E7470 i5-6300U 16 GB 480 GB SSD 14 Zoll Win11 Pro,,18880718241,"0","FIXED_PRICE","EUR",240.0,,,240.0,"0","","","Sep-01-26 06:45:30 PDT","Oct-01-26 06:45:30 PDT","PC Notebooks & Netbooks","177","","","Gebraucht","","","","","","DE","","",""
"307157057598",Dell Latitude E7470 i5-6300U 16 GB 960 GB SSD 14 Zoll Win11 Pro,,18880722837,"0","FIXED_PRICE","EUR",320.0,,,320.0,"0","","","Sep-01-26 06:45:30 PDT","Oct-01-26 06:45:30 PDT","PC Notebooks & Netbooks","177","","","Gebraucht","","","","","","DE","","",""
"307157057600",Dell Latitude E7470 i5-6300U 32 GB 960 GB SSD 14 Zoll Win11 Pro,,18880725455,"0","FIXED_PRICE","EUR",401.0,,,401.0,"0","","","Sep-01-26 06:45:30 PDT","Oct-01-26 06:45:30 PDT","PC Notebooks & Netbooks","177","","","Gebraucht","","","","","","DE","","",""
"307157057604",Dell OptiPlex 7050 i3-6100T 8 GB 256 GB SSD Win11 Pro,,5460_20260403122309,"8","FIXED_PRICE","EUR",108.0,,,108.0,"0","1","0","Sep-01-26 06:45:30 PDT","Oct-01-26 06:45:30 PDT","PC Desktops & All-in-Ones","179","","","Gebraucht","","","","","","DE","","",""
"307157057606",HP 400 G5 mini i5-9500T 8 GB 240 GB SSD Win11 Pro,,4850_20260123100930,"8","FIXED_PRICE","EUR",215.0,,,215.0,"0","1","0","Sep-01-26 06:45:30 PDT","Oct-01-26 06:45:30 PDT","PC Desktops & All-in-Ones","179","","","Gebraucht","","","","","","DE","","",""
"307157057607",Lenovo M920T i5-8500 32 GB 512 GB SSD Win10/11 Pro,,10354_20260512140706,"8","FIXED_PRICE","EUR",524.0,,,524.0,"0","","","Sep-01-26 06:45:30 PDT","Oct-01-26 06:45:30 PDT","PC Desktops & All-in-Ones","179","","","Gebraucht","","","","","","DE","","",""
"307157057608",Lenovo M920T i7-8700 16 GB 256 GB SSD Win10/11 Pro,,10354,"8","FIXED_PRICE","EUR",352.0,,,352.0,"0","","","Sep-01-26 06:45:30 PDT","Oct-01-26 06:45:30 PDT","PC Desktops & All-in-Ones","179","","","Gebraucht","","","","","","DE","","",""
"307157057609",HP EliteDesk 400 G4 i5-8500T 8 GB 256 GB SSD Win11 Pro,,5653,"8","FIXED_PRICE","EUR",176.0,,,176.0,"0","0","0","Sep-01-26 06:45:30 PDT","Oct-01-26 06:45:30 PDT","PC Desktops & All-in-Ones","179","","","Gebraucht","","","","","","DE","","",""
"307157057611",HP Workstation Z440 TW Intel Xeon 16 GB 240 GB SSD+HDD Win11 Home,,5475,"8","FIXED_PRICE","EUR",251.0,,,251.0,"0","","","Sep-01-26 06:45:30 PDT","Oct-01-26 06:45:30 PDT","PC Desktops & All-in-Ones","179","","","Gebraucht","","","","","","DE","","",""
"307157057612",Lenovo ThinkCentre M920Q TINY i5-8500T 16 GB 256 GB SSD Win11 Pro,,5009,"0","FIXED_PRICE","EUR",240.0,,,240.0,"0","7","0","Sep-01-26 06:45:30 PDT","Oct-01-26 06:45:30 PDT","PC Desktops & All-in-Ones","179","","","Gebraucht","","","","","","DE","","",""
"307157057613",Lenovo ThinkCentre M920Q TINY i5-8500T 8 GB 256 GB SSD Win11 Pro,,5381,"0","FIXED_PRICE","EUR",193.0,,,193.0,"6","19","0","Sep-01-26 06:45:30 PDT","Oct-01-26 06:45:30 PDT","PC Desktops & All-in-Ones","179","","","Gebraucht","","","","","","DE","","",""
"307157057615",Dell Optiplex 5050 i5-6600 8 GB 256 GB SSD Win11 Pro,,9926,"8","FIXED_PRICE","EUR",133.0,,,133.0,"0","0","0","Sep-01-26 06:45:30 PDT","Oct-01-26 06:45:30 PDT","PC Desktops & All-in-Ones","179","","","Gebraucht","","","","","","DE","","",""
"307157057618",Dell Optiplex 5050 i5-6600 16 GB 480 GB SSD Win11 Pro,,9926_20260610141159,"8","FIXED_PRICE","EUR",214.0,,,214.0,"0","","","Sep-01-26 06:45:30 PDT","Oct-01-26 06:45:30 PDT","PC Desktops & All-in-Ones","179","","","Gebraucht","","","","","","DE","","",""
"307178229417","Panasonic ToughPad FZ-G1 mk4 i5-6300U 4 GB 120 GB SSD 10,1 Zoll Win10 Pro",,10356_20260812093350,"0","FIXED_PRICE","EUR",232.0,,,232.0,"0","3","0","Sep-13-26 22:31:59 PDT","Oct-13-26 22:31:59 PDT","PC Notebooks & Netbooks","177","","","Gebraucht","","","","","","DE","","",""
"307178229479","Panasonic ToughPad FZ-G1 mk4 i5-6300U 4 GB 120 GB SSD 10,1 Zoll Win10 Pro",,10356_20260812093001,"8","FIXED_PRICE","EUR",154.0,,,154.0,"2","3","0","Sep-13-26 22:32:04 PDT","Oct-13-26 22:32:04 PDT","PC Notebooks & Netbooks","177","","","Gebraucht","","","","","","DE","","",""
"307178229517","Panasonic ToughPad FZ-G1 mk3 i5-5300U 4 GB 120 GB SSD 10,1 Zoll Win10 Pro",,10356_20260812092214,"8","FIXED_PRICE","EUR",215.0,,,215.0,"3","7","0","Sep-13-26 22:32:10 PDT","Oct-13-26 22:32:10 PDT","PC Notebooks & Netbooks","177","","","Gebraucht","","","","","","DE","","",""
"307178229540","Panasonic ToughPad FZ-G1 mk3 i5-5300U 8 GB 120 GB SSD 10,1 Zoll Win10 Pro",,10356_20260812091709,"0","FIXED_PRICE","EUR",206.0,,,206.0,"0","","","Sep-13-26 22:32:15 PDT","Oct-13-26 22:32:15 PDT","PC Notebooks & Netbooks","177","","","Gebraucht","","","","","","DE","","",""
"307179971748","Panasonic ToughPad FZ-G1 mk3 i5-5300U 8 GB 120 GB SSD 10,1 Zoll Win10 Pro",,10356_20260812092619,"0","FIXED_PRICE","EUR",287.0,,,287.0,"1","1","0","Sep-14-26 23:10:16 PDT","Oct-14-26 23:10:16 PDT","PC Notebooks & Netbooks","177","","","Gebraucht","","","","","","DE","","",""
"307182185648",HP EliteBook 845 G8 Ryzen 5 PRO 5650U 8 GB 256 GB Win11 Pro 24 Monate Garantie,,17618895854GW24,"15","FIXED_PRICE","EUR",287.0,,,287.0,"0","3","0","Sep-16-26 04:24:31 PDT","Oct-16-26 04:24:31 PDT","PC Notebooks & Netbooks","177","","","Gebraucht","","","","","","DE","","",""
"307182185650",Lenovo ThinkPad T14 Gen 1 Ryzen 5 PRO 4650U 16 GB Win11 Pro 24 Monate Garantie,,3888_20250724124155GW24,"8","FIXED_PRICE","EUR",322.0,,,322.0,"0","1","0","Sep-16-26 04:24:32 PDT","Oct-16-26 04:24:32 PDT","PC Notebooks & Netbooks","177","","","Gebraucht","","","","","","DE","","",""
"307182185652",HP EliteBook 845 G8 Ryzen 5 PRO 5650U 32 GB 256 GB Win11 Pro 24 Monate Garantie,,17618895854_20260303112909GW24,"15","FIXED_PRICE","EUR",437.0,,,437.0,"0","1","0","Sep-16-26 04:24:32 PDT","Oct-16-26 04:24:32 PDT","PC Notebooks & Netbooks","177","","","Gebraucht","","","","","","DE","","",""
"307182185654",Lenovo ThinkPad T14 Gen 1 Ryzen 5 PRO 4650U 16 GB Win11 Pro 24 Monate Garantie,,3888_20250724125241GW24,"15","FIXED_PRICE","EUR",294.0,,,294.0,"0","10","0","Sep-16-26 04:24:32 PDT","Oct-16-26 04:24:32 PDT","PC Notebooks & Netbooks","177","","","Gebraucht","","","","","","DE","","",""
"307182185657",Lenovo ThinkPad T590 i5-8365U 8 GB 256 GB SSD Win11 Pro 24 Monate Garantie,,18547290077GW24,"8","FIXED_PRICE","EUR",287.0,,,287.0,"0","","","Sep-16-26 04:24:32 PDT","Oct-16-26 04:24:32 PDT","PC Notebooks & Netbooks","177","","","Gebraucht","","","","","","DE","","",""
"307182185658",Lenovo ThinkPad T590 i5-8365U 8 GB 256 GB SSD Win11 Pro 24 Monate Garantie,,18547336230GW24,"8","FIXED_PRICE","EUR",329.0,,,329.0,"0","","","Sep-16-26 04:24:32 PDT","Oct-16-26 04:24:32 PDT","PC Notebooks & Netbooks","177","","","Gebraucht","","","","","","DE","","",""
"307182185659",Panasonic ToughPad FZ-G1 mk3 i5-5300U 4 GB 120 GB Win10 Pro 24 Monate Garantie,,10356_20260812090814GW24,"8","FIXED_PRICE","EUR",164.0,,,164.0,"0","4","0","Sep-16-26 04:24:32 PDT","Oct-16-26 04:24:32 PDT","PC Notebooks & Netbooks","177","","","Gebraucht","","","","","","DE","","",""
"307182185661",HP EliteBook 845 G8 Ryzen 5 PRO 5650U 16 GB 480 GB Win11 Pro 24 Monate Garantie,,17618895854_20260430121942GW24,"15","FIXED_PRICE","EUR",381.0,,,381.0,"0","1","0","Sep-16-26 04:24:32 PDT","Oct-16-26 04:24:32 PDT","PC Notebooks & Netbooks","177","","","Gebraucht","","","","","","DE","","",""
"307182185664",Lenovo ThinkPad T14 Gen1 Ryzen 5 PRO 4650U 16 GB Win11 Pro 24 Monate Garantie,,18407489881GW24,"8","FIXED_PRICE","EUR",294.0,,,294.0,"0","1","0","Sep-16-26 04:24:32 PDT","Oct-16-26 04:24:32 PDT","PC Notebooks & Netbooks","177","","","Gebraucht","","","","","","DE","","",""
"307184045170","Lenovo ThinkPad T14 Gen 1 Ryzen 5 PRO 4650U 16 GB 256 GB SSD 14"" Win11 Pro",,3888_20250724124155ITT,"8","FIXED_PRICE","EUR",267.0,,,267.0,"0","2","0","Sep-17-26 06:52:10 PDT","Oct-17-26 06:52:10 PDT","Notebook e portatili","177","","","Usato","","","","","","IT","","",""
"307184045182","Lenovo ThinkPad T14 Gen 1 Ryzen 5 PRO 4650U 16 GB 256 GB SSD 14"" Win11 Pro",,3888_20250724125241ITT,"15","FIXED_PRICE","EUR",244.0,,,244.0,"6","39","0","Sep-17-26 06:52:11 PDT","Oct-17-26 06:52:11 PDT","Notebook e portatili","177","","","Usato","","","","","","IT","","",""
"307190581237","Fujitsu Lifebook E5510 i7-10510U 8 GB 256 GB SSD 15,6"" Win11 Pro",,5563_20260819094242ITT,"15","FIXED_PRICE","EUR",297.0,,,297.0,"0","","","Sep-21-26 02:59:27 PDT","Oct-21-26 02:59:27 PDT","Notebook e portatili","177","","","Usato","","","","","","IT","","",""
"307190581241","Fujitsu Lifebook E5510 i7-10510U 16 GB 256 GB SSD 15,6"" Win11 Pro",,5563_20260819142954ITT,"15","FIXED_PRICE","EUR",320.0,,,320.0,"0","","","Sep-21-26 02:59:27 PDT","Oct-21-26 02:59:27 PDT","Notebook e portatili","177","","","Usato","","","","","","IT","","",""
"307190747852","HP EliteBook 840 G8 i5-1145G7 16 GB 256 GB SSD 14"" Win11 Pro",,17629721417ITT,"15","FIXED_PRICE","EUR",324.0,,,324.0,"0","","","Sep-21-26 04:45:35 PDT","Oct-21-26 04:45:35 PDT","Notebook e portatili","177","","","Usato","","","","","","IT","","",""
"307190747853","HP ZBook 14u G5 i5-7200U 32 GB 256 GB SSD 14"" Win10 Pro",,15615686905ITT,"15","FIXED_PRICE","EUR",414.0,,,414.0,"0","","","Sep-21-26 04:45:35 PDT","Oct-21-26 04:45:35 PDT","Notebook e portatili","177","","","Usato","","","","","","IT","","",""
"307190747854","HP EliteBook 840 G3 i5-6300U 8 GB 256 GB SSD 14"" Win11 Pro",,5669_20260413101921ITT,"8","FIXED_PRICE","EUR",194.0,,,194.0,"0","","","Sep-21-26 04:45:35 PDT","Oct-21-26 04:45:35 PDT","Notebook e portatili","177","","","Usato","","","","","","IT","","",""
"307190747855","HP ZBook 14u G5 i5-7200U 16 GB 256 GB SSD 14"" Win10 Pro",,15615738508ITT,"15","FIXED_PRICE","EUR",336.0,,,336.0,"0","","","Sep-21-26 04:45:35 PDT","Oct-21-26 04:45:35 PDT","Notebook e portatili","177","","","Usato","","","","","","IT","","",""
"307190747856","HP ProBook 440 G6 i5-8265U 32 GB 480 GB SSD 14"" Win11 Pro",,3939_20260415081208ITT,"15","FIXED_PRICE","EUR",343.0,,,343.0,"0","","","Sep-21-26 04:45:35 PDT","Oct-21-26 04:45:35 PDT","Notebook e portatili","177","","","Usato","","","","","","IT","","",""
"307190747858","Lenovo ThinkPad T490 i5-8265U 32 GB 960 GB SSD 14"" Win10 Pro",,16115738995ITT,"15","FIXED_PRICE","EUR",515.0,,,515.0,"0","","","Sep-21-26 04:45:35 PDT","Oct-21-26 04:45:35 PDT","Notebook e portatili","177","","","Usato","","","","","","IT","","",""
"307190747859","HP ZBook 14u G5 i5-7200U 16 GB 960 GB SSD 14"" Win10 Pro",,15615818025ITT,"15","FIXED_PRICE","EUR",428.0,,,428.0,"0","","","Sep-21-26 04:45:35 PDT","Oct-21-26 04:45:35 PDT","Notebook e portatili","177","","","Usato","","","","","","IT","","",""
"307190747862","Lenovo ThinkPad T14 Gen1 Ryzen 5 PRO 4650U 16 GB 256 GB SSD 14"" Win11 Pro",,17739396731ITT,"15","FIXED_PRICE","EUR",268.0,,,268.0,"0","","","Sep-21-26 04:45:35 PDT","Oct-21-26 04:45:35 PDT","Notebook e portatili","177","","","Usato","","","","","","IT","","",""
"307190747863","HP ZBook 14u G5 i5-7200U 32 GB 480 GB SSD 14"" Win10 Pro",,15615831762ITT,"15","FIXED_PRICE","EUR",453.0,,,453.0,"0","","","Sep-21-26 04:45:35 PDT","Oct-21-26 04:45:35 PDT","Notebook e portatili","177","","","Usato","","","","","","IT","","",""
"307190747865","HP ProBook 440 G6 i5-8265U 16 GB 256 GB SSD 14"" Win11 Pro",,17757645965ITT,"15","FIXED_PRICE","EUR",244.0,,,244.0,"0","","","Sep-21-26 04:45:35 PDT","Oct-21-26 04:45:35 PDT","Notebook e portatili","177","","","Usato","","","","","","IT","","",""
"307190747866","HP ProBook 440 G6 i5-8265U 16 GB 480 GB SSD 14"" Win11 Pro",,17757753341ITT,"15","FIXED_PRICE","EUR",272.0,,,272.0,"0","","","Sep-21-26 04:45:35 PDT","Oct-21-26 04:45:35 PDT","Notebook e portatili","177","","","Usato","","","","","","IT","","",""
"307190747867","HP ProBook 440 G6 i5-8265U 16 GB 960 GB SSD 14"" Win11 Pro",,17757766185ITT,"15","FIXED_PRICE","EUR",301.0,,,301.0,"0","","","Sep-21-26 04:45:35 PDT","Oct-21-26 04:45:35 PDT","Notebook e portatili","177","","","Usato","","","","","","IT","","",""
"307190747869","HP ProBook 440 G6 i5-8265U 32 GB 960 GB SSD+HDD 14"" Win11 Pro",,17757777002ITT,"15","FIXED_PRICE","EUR",352.0,,,352.0,"0","","","Sep-21-26 04:45:35 PDT","Oct-21-26 04:45:35 PDT","Notebook e portatili","177","","","Usato","","","","","","IT","","",""
"307190747870","Dell Latitude 5580 i5-7300U 16 GB 960 GB SSD 15,6"" Win11 Pro",,18444694210ITT,"15","FIXED_PRICE","EUR",361.0,,,361.0,"0","","","Sep-21-26 04:45:35 PDT","Oct-21-26 04:45:35 PDT","Notebook e portatili","177","","","Usato","","","","","","IT","","",""
"307190747872","HP ProBook 440 G6 i5-8265U 16 GB 960 GB SSD 14"" Win11 Pro",,17757818480ITT,"15","FIXED_PRICE","EUR",267.0,,,267.0,"0","","","Sep-21-26 04:45:35 PDT","Oct-21-26 04:45:35 PDT","Notebook e portatili","177","","","Usato","","","","","","IT","","",""
"307190747873","Dell Latitude 7490 i7-8650U 16 GB 960 GB SSD 14"" Win10 Pro",,18043936483ITT,"15","FIXED_PRICE","EUR",279.0,,,279.0,"0","","","Sep-21-26 04:45:35 PDT","Oct-21-26 04:45:35 PDT","Notebook e portatili","177","","","Usato","","","","","","IT","","",""
"307190747874","Dell Latitude 5580 i5-7300U 32 GB 480 GB SSD 15,6"" Win11 Pro",,18444717652ITT,"15","FIXED_PRICE","EUR",361.0,,,361.0,"0","","","Sep-21-26 04:45:35 PDT","Oct-21-26 04:45:35 PDT","Notebook e portatili","177","","","Usato","","","","","","IT","","",""
"307190747876","Dell Latitude 5580 i5-7300U 16 GB 480 GB SSD 15,6"" Win11 Pro",,18444691869ITT,"15","FIXED_PRICE","EUR",280.0,,,280.0,"0","","","Sep-21-26 04:45:35 PDT","Oct-21-26 04:45:35 PDT","Notebook e portatili","177","","","Usato","","","","","","IT","","",""
"307190747877","Dell Latitude 5580 i5-7300U 32 GB 960 GB SSD 15,6"" Win11 Pro",,18444719991ITT,"15","FIXED_PRICE","EUR",441.0,,,441.0,"0","","","Sep-21-26 04:45:35 PDT","Oct-21-26 04:45:35 PDT","Notebook e portatili","177","","","Usato","","","","","","IT","","",""
"307190747879","Dell Latitude 5580 i5-7300U 32 GB 256 GB SSD 15,6"" Win11 Pro",,18444703850ITT,"15","FIXED_PRICE","EUR",326.0,,,326.0,"0","","","Sep-21-26 04:45:35 PDT","Oct-21-26 04:45:35 PDT","Notebook e portatili","177","","","Usato","","","","","","IT","","",""
"307190747881","Dell Latitude 5580 i5-7300U 8 GB 256 GB SSD 15,6"" Win10 Pro",,18444724239ITT,"15","FIXED_PRICE","EUR",225.0,,,225.0,"0","","","Sep-21-26 04:45:35 PDT","Oct-21-26 04:45:35 PDT","Notebook e portatili","177","","","Usato","","","","","","IT","","",""
"307190747884","Dell Latitude 5580 i5-7300U 16 GB 256 GB SSD 15,6"" Win10 Pro",,18444817182ITT,"15","FIXED_PRICE","EUR",271.0,,,271.0,"0","","","Sep-21-26 04:45:35 PDT","Oct-21-26 04:45:35 PDT","Notebook e portatili","177","","","Usato","","","","","","IT","","",""
"307190747886","Dell Latitude 5580 i5-7300U 32 GB 256 GB SSD 15,6"" Win11 Pro",,18444825737ITT,"15","FIXED_PRICE","EUR",352.0,,,352.0,"0","","","Sep-21-26 04:45:35 PDT","Oct-21-26 04:45:35 PDT","Notebook e portatili","177","","","Usato","","","","","","IT","","",""
"307190747888","Dell Latitude 5580 i5-7300U 16 GB 480 GB SSD 15,6"" Win10 Pro",,18444821562ITT,"15","FIXED_PRICE","EUR",306.0,,,306.0,"0","","","Sep-21-26 04:45:35 PDT","Oct-21-26 04:45:35 PDT","Notebook e portatili","177","","","Usato","","","","","","IT","","",""
"307190747889","Dell Latitude 5580 i5-7300U 16 GB 960 GB SSD 15,6"" Win10 Pro",,18444822872ITT,"15","FIXED_PRICE","EUR",386.0,,,386.0,"0","","","Sep-21-26 04:45:35 PDT","Oct-21-26 04:45:35 PDT","Notebook e portatili","177","","","Usato","","","","","","IT","","",""
"307190747890","Dell Latitude 5580 i5-7300U 32 GB 960 GB SSD 15,6"" Win11 Pro",,18444839065ITT,"15","FIXED_PRICE","EUR",464.0,,,464.0,"0","","","Sep-21-26 04:45:35 PDT","Oct-21-26 04:45:35 PDT","Notebook e portatili","177","","","Usato","","","","","","IT","","",""
"307190747891","Dell Latitude 5580 i5-7300U 32 GB 480 GB SSD 15,6"" Win11 Pro",,18444836298ITT,"15","FIXED_PRICE","EUR",386.0,,,386.0,"0","","","Sep-21-26 04:45:35 PDT","Oct-21-26 04:45:35 PDT","Notebook e portatili","177","","","Usato","","","","","","IT","","",""
"307190747894","HP EliteBook 840 G3 i5-6300U 16 GB 480 GB SSD 14"" Win11 Pro",,18496686238ITT,"15","FIXED_PRICE","EUR",234.0,,,234.0,"0","","","Sep-21-26 04:45:35 PDT","Oct-21-26 04:45:35 PDT","Notebook e portatili","177","","","Usato","","","","","","IT","","",""
"307190747895","HP EliteBook 840 G3 i5-6300U 8 GB 240 GB SSD 14"" Win11 Pro",,18496641500ITT,"15","FIXED_PRICE","EUR",154.0,,,154.0,"0","","","Sep-21-26 04:45:35 PDT","Oct-21-26 04:45:35 PDT","Notebook e portatili","177","","","Usato","","","","","","IT","","",""
"307190747896","HP EliteBook 840 G3 i5-6300U 16 GB 960 GB SSD 14"" Win11 Pro",,18496695385ITT,"15","FIXED_PRICE","EUR",314.0,,,314.0,"0","","","Sep-21-26 04:45:35 PDT","Oct-21-26 04:45:35 PDT","Notebook e portatili","177","","","Usato","","","","","","IT","","",""
"307190747897","HP EliteBook 840 G3 i5-6300U 8 GB 240 GB SSD 14"" Win11 Pro",,18496721858ITT,"15","FIXED_PRICE","EUR",171.0,,,171.0,"0","","","Sep-21-26 04:45:35 PDT","Oct-21-26 04:45:35 PDT","Notebook e portatili","177","","","Usato","","","","","","IT","","",""
"307190747899","HP EliteBook 840 G3 i5-6300U 16 GB 240 GB SSD 14"" Win11 Pro",,18496723396ITT,"15","FIXED_PRICE","EUR",216.0,,,216.0,"0","","","Sep-21-26 04:45:35 PDT","Oct-21-26 04:45:35 PDT","Notebook e portatili","177","","","Usato","","","","","","IT","","",""
"307190747900","HP EliteBook 840 G3 i5-6300U 8 GB 240 GB SSD 14"" Win11 Pro",,18496746167ITT,"15","FIXED_PRICE","EUR",194.0,,,194.0,"0","","","Sep-21-26 04:45:35 PDT","Oct-21-26 04:45:35 PDT","Notebook e portatili","177","","","Usato","","","","","","IT","","",""
"307190747901","HP EliteBook 840 G3 i5-6300U 16 GB 480 GB SSD 14"" Win11 Pro",,18496725785ITT,"15","FIXED_PRICE","EUR",251.0,,,251.0,"0","","","Sep-21-26 04:45:35 PDT","Oct-21-26 04:45:35 PDT","Notebook e portatili","177","","","Usato","","","","","","IT","","",""
"307190747902","HP EliteBook 840 G3 i5-6300U 16 GB 960 GB SSD 14"" Win11 Pro",,18496742868ITT,"15","FIXED_PRICE","EUR",331.0,,,331.0,"0","","","Sep-21-26 04:45:35 PDT","Oct-21-26 04:45:35 PDT","Notebook e portatili","177","","","Usato","","","","","","IT","","",""
"307190747903","HP EliteBook 840 G3 i5-6300U 16 GB 960 GB SSD 14"" Win11 Pro",,18496760342ITT,"15","FIXED_PRICE","EUR",354.0,,,354.0,"0","","","Sep-21-26 04:45:35 PDT","Oct-21-26 04:45:35 PDT","Notebook e portatili","177","","","Usato","","","","","","IT","","",""
"307190747904","HP EliteBook 840 G3 i5-6300U 16 GB 240 GB SSD 14"" Win11 Pro",,18496756356ITT,"15","FIXED_PRICE","EUR",239.0,,,239.0,"0","","","Sep-21-26 04:45:35 PDT","Oct-21-26 04:45:35 PDT","Notebook e portatili","177","","","Usato","","","","","","IT","","",""
"307190747905","Dell Latitude 7490 i7-8650U 8 GB 128 GB SSD 14"" Win10 Pro",,18680797158ITT,"15","FIXED_PRICE","EUR",182.0,,,182.0,"0","","","Sep-21-26 04:45:36 PDT","Oct-21-26 04:45:36 PDT","Notebook e portatili","177","","","Usato","","","","","","IT","","",""
"307190747906","HP EliteBook 840 G3 i5-6300U 16 GB 480 GB SSD 14"" Win11 Pro",,18496758847ITT,"15","FIXED_PRICE","EUR",274.0,,,274.0,"0","","","Sep-21-26 04:45:36 PDT","Oct-21-26 04:45:36 PDT","Notebook e portatili","177","","","Usato","","","","","","IT","","",""
"307190747907","Lenovo ThinkPad T15 GEN1 i5-10210U 16 GB 960 GB SSD 15"" Win11 Pro",,18830678839ITT,"8","FIXED_PRICE","EUR",469.0,,,469.0,"0","","","Sep-21-26 04:45:36 PDT","Oct-21-26 04:45:36 PDT","Notebook e portatili","177","","","Usato","","","","","","IT","","",""
"307190747908","Lenovo ThinkPad T15 GEN1 i5-10210U 16 GB 256 GB SSD 15"" Win11 Pro",,18830618521ITT,"15","FIXED_PRICE","EUR",354.0,,,354.0,"0","","","Sep-21-26 04:45:36 PDT","Oct-21-26 04:45:36 PDT","Notebook e portatili","177","","","Usato","","","","","","IT","","",""
"307190747909","Lenovo ThinkPad T15 GEN1 i5-10210U 16 GB 480 GB SSD 15"" Win11 Pro",,18830671208ITT,"15","FIXED_PRICE","EUR",389.0,,,389.0,"0","","","Sep-21-26 04:45:36 PDT","Oct-21-26 04:45:36 PDT","Notebook e portatili","177","","","Usato","","","","","","IT","","",""
"307190747911","Lenovo ThinkPad T15 GEN1 i5-10210U 32 GB 480 GB SSD 15"" Win11 Pro",,18830691748ITT,"15","FIXED_PRICE","EUR",478.0,,,478.0,"0","","","Sep-21-26 04:45:36 PDT","Oct-21-26 04:45:36 PDT","Notebook e portatili","177","","","Usato","","","","","","IT","","",""
"307190747912","Lenovo ThinkPad T15 GEN1 i5-10210U 32 GB 256 GB SSD 15"" Win11 Pro",,18830681962ITT,"15","FIXED_PRICE","EUR",446.0,,,446.0,"0","","","Sep-21-26 04:45:36 PDT","Oct-21-26 04:45:36 PDT","Notebook e portatili","177","","","Usato","","","","","","IT","","",""
"307190747915","Lenovo ThinkPad T15 GEN1 i5-10210U 32 GB 960 GB SSD 15"" Win11 Pro",,18830709358ITT,"15","FIXED_PRICE","EUR",558.0,,,558.0,"0","","","Sep-21-26 04:45:36 PDT","Oct-21-26 04:45:36 PDT","Notebook e portatili","177","","","Usato","","","","","","IT","","",""
"307190747917","Lenovo ThinkPad T15 GEN1 i5-10210U 32 GB 480 GB SSD 15"" Win11 Pro",,18830795745ITT,"15","FIXED_PRICE","EUR",446.0,,,446.0,"0","","","Sep-21-26 04:45:36 PDT","Oct-21-26 04:45:36 PDT","Notebook e portatili","177","","","Usato","","","","","","IT","","",""
"307190747918","Lenovo ThinkPad T15 GEN1 i5-10210U 16 GB 960 GB SSD 15"" Win11 Pro",,18830761562ITT,"15","FIXED_PRICE","EUR",435.0,,,435.0,"0","","","Sep-21-26 04:45:36 PDT","Oct-21-26 04:45:36 PDT","Notebook e portatili","177","","","Usato","","","","","","IT","","",""
"307190747919","Lenovo ThinkPad T15 GEN1 i5-10210U 16 GB 480 GB SSD 15"" Win11 Pro",,18830744954ITT,"15","FIXED_PRICE","EUR",354.0,,,354.0,"0","","","Sep-21-26 04:45:36 PDT","Oct-21-26 04:45:36 PDT","Notebook e portatili","177","","","Usato","","","","","","IT","","",""
"307190747920","Lenovo ThinkPad T15 GEN1 i5-10210U 32 GB 960 GB SSD 15"" Win11 Pro",,18830797456ITT,"8","FIXED_PRICE","EUR",526.0,,,526.0,"0","","","Sep-21-26 04:45:36 PDT","Oct-21-26 04:45:36 PDT","Notebook e portatili","177","","","Usato","","","","","","IT","","",""
"307190747921","Fujitsu Lifebook E5510 i7-10510U 16 GB 960 GB SSD 15,6"" Win11 Pro",,18857478224ITT,"15","FIXED_PRICE","EUR",435.0,,,435.0,"0","","","Sep-21-26 04:45:36 PDT","Oct-21-26 04:45:36 PDT","Notebook e portatili","177","","","Usato","","","","","","IT","","",""
"307190747922","Fujitsu Lifebook E5510 i7-10510U 16 GB 480 GB SSD 15,6"" Win11 Pro",,18857473838ITT,"15","FIXED_PRICE","EUR",354.0,,,354.0,"0","","","Sep-21-26 04:45:36 PDT","Oct-21-26 04:45:36 PDT","Notebook e portatili","177","","","Usato","","","","","","IT","","",""
"307190747923","Fujitsu Lifebook E5510 i7-10510U 32 GB 960 GB SSD 15,6"" Win11 Pro",,18857484203ITT,"15","FIXED_PRICE","EUR",526.0,,,526.0,"0","","","Sep-21-26 04:45:36 PDT","Oct-21-26 04:45:36 PDT","Notebook e portatili","177","","","Usato","","","","","","IT","","",""
"307190747926","HP EliteBook 840 G8 i5-1145G7 16 GB 1 TB SSD 14"" Win11 Pro",,18468755925ITT,"15","FIXED_PRICE","EUR",611.0,,,611.0,"0","","","Sep-21-26 04:45:36 PDT","Oct-21-26 04:45:36 PDT","Notebook e portatili","177","","","Usato","","","","","","IT","","",""
"307190747928","Lenovo ThinkPad T480 fhd i5-8350U 16 GB 480 GB SSD 14"" Win11 Pro",,18660556147ITT,"15","FIXED_PRICE","EUR",309.0,,,309.0,"0","","","Sep-21-26 04:45:36 PDT","Oct-21-26 04:45:36 PDT","Notebook e portatili","177","","","Usato","","","","","","IT","","",""
"307190747929","Lenovo ThinkPad T480 fhd i5-8350U 32 GB 1 TB SSD 14"" Win11 Pro",,18660639414ITT,"15","FIXED_PRICE","EUR",469.0,,,469.0,"0","","","Sep-21-26 04:45:36 PDT","Oct-21-26 04:45:36 PDT","Notebook e portatili","177","","","Usato","","","","","","IT","","",""
"307190747930","Dell Latitude 5500 i5-8265U 8 GB 256 GB SSD 15,6"" Win11 Pro",,17571717043ITT,"15","FIXED_PRICE","EUR",228.0,,,228.0,"0","1","0","Sep-21-26 04:45:36 PDT","Oct-21-26 04:45:36 PDT","Notebook e portatili","177","","","Usato","","","","","","IT","","",""
"307190747931","Toshiba Dynabook Tecra A50-J i5-1135G7 8 GB 256 GB SSD 15,6"" Win11 Pro",,10403ITT,"126","FIXED_PRICE","EUR",366.0,,,366.0,"0","","","Sep-21-26 04:45:36 PDT","Oct-21-26 04:45:36 PDT","Notebook e portatili","177","","","Usato","","","","","","IT","","",""
"307190747932","Lenovo ThinkPad T14 Gen1 Ryzen 5 PRO 4650U 8 GB 256 GB SSD 14"" Win11 Pro",,18528012798ITT,"15","FIXED_PRICE","EUR",222.0,,,222.0,"0","","","Sep-21-26 04:45:36 PDT","Oct-21-26 04:45:36 PDT","Notebook e portatili","177","","","Usato","","","","","","IT","","",""
"307190747934","Lenovo ThinkPad T490 i5-8265U 16 GB 480 GB SSD 14"" Win10 Pro",,16115725406ITT,"15","FIXED_PRICE","EUR",354.0,,,354.0,"0","","","Sep-21-26 04:45:36 PDT","Oct-21-26 04:45:36 PDT","Notebook e portatili","177","","","Usato","","","","","","IT","","",""
"307190747935","Lenovo ThinkPad T14 Gen 1 Ryzen 5 PRO 4650U 24 GB 500 GB SSD 14"" Win11 Pro",,3888_20260526083738ITT,"15","FIXED_PRICE","EUR",349.0,,,349.0,"0","1","0","Sep-21-26 04:45:36 PDT","Oct-21-26 04:45:36 PDT","Notebook e portatili","177","","","Usato","","","","","","IT","","",""
"307190747937","Toshiba Toshiba Tecra A50-J i5-1135G7 32 GB 480 GB SSD 15,6"" Win10 Pro",,17388481471ITT,"15","FIXED_PRICE","EUR",380.0,,,380.0,"0","","","Sep-21-26 04:45:36 PDT","Oct-21-26 04:45:36 PDT","Notebook e portatili","177","","","Usato","","","","","","IT","","",""
"307190747939","Toshiba Toshiba Tecra A50-J i5-1135G7 16 GB 960 GB SSD 15,6"" Win10 Pro",,17388475314ITT,"15","FIXED_PRICE","EUR",359.0,,,359.0,"0","","","Sep-21-26 04:45:36 PDT","Oct-21-26 04:45:36 PDT","Notebook e portatili","177","","","Usato","","","","","","IT","","",""
"307190747940","Toshiba Toshiba Tecra A50-J i5-1135G7 8 GB 256 GB SSD 15,6"" Win10 Pro",,17388309317ITT,"15","FIXED_PRICE","EUR",274.0,,,274.0,"0","","","Sep-21-26 04:45:36 PDT","Oct-21-26 04:45:36 PDT","Notebook e portatili","177","","","Usato","","","","","","IT","","",""
"307190747941","Lenovo ThinkPad T14 Gen 1 Ryzen 5 PRO 4650U 24 GB 1 TB SSD 14"" Win11 Pro",,3888_20260526090158ITT,"15","FIXED_PRICE","EUR",406.0,,,406.0,"0","1","0","Sep-21-26 04:45:36 PDT","Oct-21-26 04:45:36 PDT","Notebook e portatili","177","","","Usato","","","","","","IT","","",""
"307190747943","Lenovo ThinkPad T480 i5-8350U 8 GB 256 GB SSD 14"" Win11 Pro",,4579ITT,"15","FIXED_PRICE","EUR",251.0,,,251.0,"0","1","0","Sep-21-26 04:45:36 PDT","Oct-21-26 04:45:36 PDT","Notebook e portatili","177","","","Usato","","","","","","IT","","",""
"307190747945","Toshiba Toshiba Tecra A50-J i5-1135G7 16 GB 480 GB SSD 15,6"" Win10 Pro",,17388472080ITT,"15","FIXED_PRICE","EUR",329.0,,,329.0,"0","","","Sep-21-26 04:45:36 PDT","Oct-21-26 04:45:36 PDT","Notebook e portatili","177","","","Usato","","","","","","IT","","",""
"307190747946","Toshiba Toshiba Tecra A50-J i5-1135G7 16 GB 960 GB SSD 15,6"" Win10 Pro",,17388500905ITT,"15","FIXED_PRICE","EUR",405.0,,,405.0,"0","","","Sep-21-26 04:45:36 PDT","Oct-21-26 04:45:36 PDT","Notebook e portatili","177","","","Usato","","","","","","IT","","",""
"307190747947","Toshiba Toshiba Tecra A50-J i5-1135G7 16 GB 256 GB SSD 15,6"" Win10 Pro",,17388461194ITT,"15","FIXED_PRICE","EUR",301.0,,,301.0,"0","","","Sep-21-26 04:45:36 PDT","Oct-21-26 04:45:36 PDT","Notebook e portatili","177","","","Usato","","","","","","IT","","",""
"307190747948","Toshiba Toshiba Tecra A50-J i5-1135G7 32 GB 256 GB SSD 15,6"" Win10 Pro",,17388478412ITT,"15","FIXED_PRICE","EUR",352.0,,,352.0,"0","","","Sep-21-26 04:45:36 PDT","Oct-21-26 04:45:36 PDT","Notebook e portatili","177","","","Usato","","","","","","IT","","",""
"307190747951","Toshiba Toshiba Tecra A50-J i5-1135G7 8 GB 256 GB SSD 15,6"" Win10 Pro",,17388429809ITT,"15","FIXED_PRICE","EUR",320.0,,,320.0,"0","","","Sep-21-26 04:45:36 PDT","Oct-21-26 04:45:36 PDT","Notebook e portatili","177","","","Usato","","","","","","IT","","",""
"307190747952","Toshiba Toshiba Tecra A50-J i5-1135G7 32 GB 960 GB SSD 15,6"" Win10 Pro",,17388483049ITT,"15","FIXED_PRICE","EUR",409.0,,,409.0,"0","","","Sep-21-26 04:45:36 PDT","Oct-21-26 04:45:36 PDT","Notebook e portatili","177","","","Usato","","","","","","IT","","",""
"307190747953","Toshiba Toshiba Tecra A50-J i5-1135G7 16 GB 256 GB SSD 15,6"" Win10 Pro",,17388484670ITT,"15","FIXED_PRICE","EUR",347.0,,,347.0,"0","","","Sep-21-26 04:45:36 PDT","Oct-21-26 04:45:36 PDT","Notebook e portatili","177","","","Usato","","","","","","IT","","",""
"307190747954","Toshiba Toshiba Tecra A50-J i5-1135G7 16 GB 480 GB SSD 15,6"" Win10 Pro",,17388491282ITT,"15","FIXED_PRICE","EUR",375.0,,,375.0,"0","","","Sep-21-26 04:45:36 PDT","Oct-21-26 04:45:36 PDT","Notebook e portatili","177","","","Usato","","","","","","IT","","",""
"307190747955","Toshiba Toshiba Tecra A50-J i5-1135G7 32 GB 256 GB SSD 15,6"" Win10 Pro",,17388502509ITT,"15","FIXED_PRICE","EUR",398.0,,,398.0,"0","","","Sep-21-26 04:45:36 PDT","Oct-21-26 04:45:36 PDT","Notebook e portatili","177","","","Usato","","","","","","IT","","",""
"307190747956","Lenovo Thinkpad E15 Gen 2 i5 11gen i5-1135G7 32 GB 1 TB SSD 15,6"" Win11 Pro",,18560332764ITT,"15","FIXED_PRICE","EUR",618.0,,,618.0,"0","","","Sep-21-26 04:45:36 PDT","Oct-21-26 04:45:36 PDT","Notebook e portatili","177","","","Usato","","","","","","IT","","",""
"307190747957","Toshiba Toshiba Tecra A50-J i5-1135G7 32 GB 960 GB SSD 15,6"" Win10 Pro",,17388511105ITT,"15","FIXED_PRICE","EUR",455.0,,,455.0,"0","","","Sep-21-26 04:45:36 PDT","Oct-21-26 04:45:36 PDT","Notebook e portatili","177","","","Usato","","","","","","IT","","",""
"307190747958","Toshiba Toshiba Tecra A50-J i5-1135G7 32 GB 480 GB SSD 15,6"" Win10 Pro",,17388504693ITT,"15","FIXED_PRICE","EUR",425.0,,,425.0,"0","","","Sep-21-26 04:45:36 PDT","Oct-21-26 04:45:36 PDT","Notebook e portatili","177","","","Usato","","","","","","IT","","",""
"307190747959","HP EliteBook 845 G8 Ryzen 5 PRO 5650U 8 GB 256 GB SSD 14"" Win11 Pro",,17618878712ITT,"15","FIXED_PRICE","EUR",285.0,,,285.0,"1","1","0","Sep-21-26 04:45:36 PDT","Oct-21-26 04:45:36 PDT","Notebook e portatili","177","","","Usato","","","","","","IT","","",""
"307190747960","Lenovo ThinkPad E15 Gen 2 i5-1135G7 8 GB 256 GB SSD 15,6"" Win11 Pro",,4553_20260216084009ITT,"15","FIXED_PRICE","EUR",297.0,,,297.0,"0","","","Sep-21-26 04:45:36 PDT","Oct-21-26 04:45:36 PDT","Notebook e portatili","177","","","Usato","","","","","","IT","","",""
"307190747961","Lenovo ThinkPad T14 Gen1 Ryzen 5 PRO 4650U 8 GB 256 GB SSD 14"" Win11 Pro",,18528020967ITT,"15","FIXED_PRICE","EUR",245.0,,,245.0,"0","","","Sep-21-26 04:45:36 PDT","Oct-21-26 04:45:36 PDT","Notebook e portatili","177","","","Usato","","","","","","IT","","",""
"307190747963",HP EliteBook 845 G8 Ryzen 5 PRO 5650U 8 GB 256 GB Win11 Pro 24 Monate Garantie,,17618895854GW24ITT,"15","FIXED_PRICE","EUR",287.0,,,287.0,"0","","","Sep-21-26 04:45:36 PDT","Oct-21-26 04:45:36 PDT","Notebook e portatili","177","","","Usato","","","","","","IT","","",""
"307190747964","HP EliteBook 845 G8 Ryzen 5 PRO 5650U 8 GB 256 GB SSD 14"" Win11 Pro",,17618895854ITT,"15","FIXED_PRICE","EUR",239.0,,,239.0,"0","3","0","Sep-21-26 04:45:36 PDT","Oct-21-26 04:45:36 PDT","Notebook e portatili","177","","","Usato","","","","","","IT","","",""
"307190747966","HP EliteBook 845 G8 Ryzen 5 PRO 5650U 16 GB 480 GB SSD 14"" Win11 Pro",,17618895854_20260430121942ITT,"15","FIXED_PRICE","EUR",320.0,,,320.0,"0","2","0","Sep-21-26 04:45:36 PDT","Oct-21-26 04:45:36 PDT","Notebook e portatili","177","","","Usato","","","","","","IT","","",""
"307190747969",HP EliteBook 845 G8 Ryzen 5 PRO 5650U 16 GB 480 GB Win11 Pro 24 Monate Garantie,,17618895854_20260430121942GW24ITT,"15","FIXED_PRICE","EUR",384.0,,,384.0,"0","","","Sep-21-26 04:45:36 PDT","Oct-21-26 04:45:36 PDT","Notebook e portatili","177","","","Usato","","","","","","IT","","",""
"307190747970","HP EliteBook 845 G8 Ryzen 5 PRO 5650U 32 GB 500 GB SSD 14"" Win11 Pro",,17618878712_20260430121402ITT,"15","FIXED_PRICE","EUR",446.0,,,446.0,"0","","","Sep-21-26 04:45:37 PDT","Oct-21-26 04:45:37 PDT","Notebook e portatili","177","","","Usato","","","","","","IT","","",""
"307190747971","HP EliteBook 845 G8 Ryzen 5 PRO 5650U 32 GB 256 GB SSD 14"" Win11 Pro",,17618895854_20260303112909ITT,"15","FIXED_PRICE","EUR",366.0,,,366.0,"0","3","0","Sep-21-26 04:45:37 PDT","Oct-21-26 04:45:37 PDT","Notebook e portatili","177","","","Usato","","","","","","IT","","",""
"307190747972","Lenovo ThinkPad E15 Gen 2 i5-1135G7 16 GB 480 GB SSD 15,6"" Win11 Pro",,4553_20260504140748ITT,"15","FIXED_PRICE","EUR",377.0,,,377.0,"0","","","Sep-21-26 04:45:37 PDT","Oct-21-26 04:45:37 PDT","Notebook e portatili","177","","","Usato","","","","","","IT","","",""
"307190747973","HP EliteBook 850 G6 i7-8650U 16 GB 500 GB SSD 15,6"" Win11 Pro",,17574484462_20260723071213ITT,"15","FIXED_PRICE","EUR",389.0,,,389.0,"0","","","Sep-21-26 04:45:37 PDT","Oct-21-26 04:45:37 PDT","Notebook e portatili","177","","","Usato","","","","","","IT","","",""
"307190747974",HP EliteBook 845 G8 Ryzen 5 PRO 5650U 32 GB 256 GB Win11 Pro 24 Monate Garantie,,17618895854_20260303112909GW24ITT,"15","FIXED_PRICE","EUR",437.0,,,437.0,"0","","","Sep-21-26 04:45:37 PDT","Oct-21-26 04:45:37 PDT","Notebook e portatili","177","","","Usato","","","","","","IT","","",""
"307190747975","HP EliteBook 845 G8 Ryzen 5 PRO 5650U 16 GB 256 GB SSD 14"" Win10 Pro",,17619059662ITT,"15","FIXED_PRICE","EUR",331.0,,,331.0,"0","","","Sep-21-26 04:45:37 PDT","Oct-21-26 04:45:37 PDT","Notebook e portatili","177","","","Usato","","","","","","IT","","",""
"307190747976","HP EliteBook 845 G8 Ryzen 5 PRO 5650U 16 GB 1024 GB SSD 14"" Win11 Pro",,18468721441ITT,"15","FIXED_PRICE","EUR",446.0,,,446.0,"0","","","Sep-21-26 04:45:37 PDT","Oct-21-26 04:45:37 PDT","Notebook e portatili","177","","","Usato","","","","","","IT","","",""
"307190747977","HP EliteBook 845 G8 Ryzen 5 PRO 5650U 32 GB 960 GB SSD 14"" Win10 Pro",,17619068356ITT,"15","FIXED_PRICE","EUR",526.0,,,526.0,"0","","","Sep-21-26 04:45:37 PDT","Oct-21-26 04:45:37 PDT","Notebook e portatili","177","","","Usato","","","","","","IT","","",""
"307190747978","HP EliteBook 850 G6 i5-8365U 8 GB 256 GB SSD 15,6"" Win11 Pro",,16232396031_20260326091827ITT,"15","FIXED_PRICE","EUR",274.0,,,274.0,"0","","","Sep-21-26 04:45:37 PDT","Oct-21-26 04:45:37 PDT","Notebook e portatili","177","","","Usato","","","","","","IT","","",""
"307190747980","HP EliteBook 850 G6 i5-8365U 16 GB 500 GB SSD 15,6"" Win11 Pro",,16232396031_20260723070515ITT,"15","FIXED_PRICE","EUR",331.0,,,331.0,"0","","","Sep-21-26 04:45:37 PDT","Oct-21-26 04:45:37 PDT","Notebook e portatili","177","","","Usato","","","","","","IT","","",""
"307190747981","HP EliteBook 845 G8 Ryzen 5 PRO 5650U 32 GB 256 GB SSD 14"" Win10 Pro",,17619062218ITT,"15","FIXED_PRICE","EUR",412.0,,,412.0,"0","","","Sep-21-26 04:45:37 PDT","Oct-21-26 04:45:37 PDT","Notebook e portatili","177","","","Usato","","","","","","IT","","",""
"307190747982","HP EliteBook 840 G6 i5-8365U 8 GB 256 GB SSD 14"" Win11 Pro",,4542ITT,"15","FIXED_PRICE","EUR",205.0,,,205.0,"0","","","Sep-21-26 04:45:37 PDT","Oct-21-26 04:45:37 PDT","Notebook e portatili","177","","","Usato","","","","","","IT","","",""
"307190747983","HP EliteBook 845 G8 Ryzen 5 PRO 5650U 16 GB 480 GB SSD 14"" Win10 Pro",,17619055916ITT,"15","FIXED_PRICE","EUR",366.0,,,366.0,"0","","","Sep-21-26 04:45:37 PDT","Oct-21-26 04:45:37 PDT","Notebook e portatili","177","","","Usato","","","","","","IT","","",""
"307190747985","HP EliteBook 845 G8 Ryzen 5 PRO 5650U 8 GB 480 GB SSD 14"" Win10 Pro",,17619042863ITT,"15","FIXED_PRICE","EUR",320.0,,,320.0,"0","","","Sep-21-26 04:45:37 PDT","Oct-21-26 04:45:37 PDT","Notebook e portatili","177","","","Usato","","","","","","IT","","",""
"307190747986","HP EliteBook 845 G8 Ryzen 5 PRO 5650U 16 GB 500 GB SSD 14"" Win10 Pro",,18418932124ITT,"15","FIXED_PRICE","EUR",400.0,,,400.0,"0","","","Sep-21-26 04:45:37 PDT","Oct-21-26 04:45:37 PDT","Notebook e portatili","177","","","Usato","","","","","","IT","","",""
"307190747987","HP EliteBook 845 G8 Ryzen 5 PRO 5650U 32 GB 500 GB SSD 14"" Win10 Pro",,18418940182ITT,"15","FIXED_PRICE","EUR",478.0,,,478.0,"0","","","Sep-21-26 04:45:37 PDT","Oct-21-26 04:45:37 PDT","Notebook e portatili","177","","","Usato","","","","","","IT","","",""
"307190747988","HP EliteBook 850 G6 i5-8365U 8 GB 256 GB SSD 15,6"" Win11 Pro",,16232396031_20260326092022ITT,"15","FIXED_PRICE","EUR",251.0,,,251.0,"0","","","Sep-21-26 04:45:37 PDT","Oct-21-26 04:45:37 PDT","Notebook e portatili","177","","","Usato","","","","","","IT","","",""
"307190747989","HP EliteBook 840 G6 i5-8365U 8 GB 256 GB SSD 14"" Win11 Pro",,3832ITT,"15","FIXED_PRICE","EUR",228.0,,,228.0,"0","","","Sep-21-26 04:45:37 PDT","Oct-21-26 04:45:37 PDT","Notebook e portatili","177","","","Usato","","","","","","IT","","",""
"307190747990","HP EliteBook 840 G6 i5-8365U 16 GB 500 GB SSD 14"" Win11 Pro",,3832_20260515085807ITT,"15","FIXED_PRICE","EUR",308.0,,,308.0,"0","","","Sep-21-26 04:45:37 PDT","Oct-21-26 04:45:37 PDT","Notebook e portatili","177","","","Usato","","","","","","IT","","",""
"307190747993","HP EliteBook 850 G6 i7-8650U 32 GB 500 GB SSD 15,6"" Win11 Pro",,10400_20260723071439ITT,"15","FIXED_PRICE","EUR",446.0,,,446.0,"0","","","Sep-21-26 04:45:37 PDT","Oct-21-26 04:45:37 PDT","Notebook e portatili","177","","","Usato","","","","","","IT","","",""
"307190747994","Lenovo ThinkPad E15 Gen 2 i5-1135G7 32 GB 1 TB SSD 15,6"" Win11 Pro",,4553_20260504135712ITT,"15","FIXED_PRICE","EUR",572.0,,,572.0,"0","","","Sep-21-26 04:45:37 PDT","Oct-21-26 04:45:37 PDT","Notebook e portatili","177","","","Usato","","","","","","IT","","",""
"307190747995","HP EliteBook 850 G6 i7-8650U 8 GB 256 GB SSD 15,6"" Win11 Pro",,17574484462ITT,"15","FIXED_PRICE","EUR",309.0,,,309.0,"0","","","Sep-21-26 04:45:37 PDT","Oct-21-26 04:45:37 PDT","Notebook e portatili","177","","","Usato","","","","","","IT","","",""
"307190747996","HP EliteBook 845 G8 Ryzen 5 PRO 5650U 32 GB 480 GB SSD 14"" Win10 Pro",,17619065501ITT,"15","FIXED_PRICE","EUR",446.0,,,446.0,"0","","","Sep-21-26 04:45:37 PDT","Oct-21-26 04:45:37 PDT","Notebook e portatili","177","","","Usato","","","","","","IT","","",""
"307190747997","HP EliteBook 850 G6 i7-8650U 8 GB 256 GB SSD 15,6"" Win11 Pro",,10400ITT,"15","FIXED_PRICE","EUR",286.0,,,286.0,"0","","","Sep-21-26 04:45:37 PDT","Oct-21-26 04:45:37 PDT","Notebook e portatili","177","","","Usato","","","","","","IT","","",""
"307190747998","HP EliteBook 840 G6 i5-8365U 32 GB 1 TB SSD 14"" Win11 Pro",,3832_20260515090057ITT,"15","FIXED_PRICE","EUR",469.0,,,469.0,"0","","","Sep-21-26 04:45:37 PDT","Oct-21-26 04:45:37 PDT","Notebook e portatili","177","","","Usato","","","","","","IT","","",""
"307190747999","Lenovo ThinkPad E15 Gen 2 i5-1135G7 16 GB 2 TB SSD 15,6"" Win11 Pro",,4553_20260504135333ITT,"15","FIXED_PRICE","EUR",581.0,,,581.0,"0","1","0","Sep-21-26 04:45:37 PDT","Oct-21-26 04:45:37 PDT","Notebook e portatili","177","","","Usato","","","","","","IT","","",""
"307190748000","HP EliteBook 840 G6 i5-8365U 32 GB 500 GB SSD 14"" Win11 Pro",,4542_20260515092743ITT,"15","FIXED_PRICE","EUR",366.0,,,366.0,"0","","","Sep-21-26 04:45:37 PDT","Oct-21-26 04:45:37 PDT","Notebook e portatili","177","","","Usato","","","","","","IT","","",""
"307190748001","HP EliteBook 845 G8 Ryzen 5 PRO 5650U 8 GB 256 GB SSD 14"" Win10 Pro",,18418837053ITT,"15","FIXED_PRICE","EUR",311.0,,,311.0,"0","","","Sep-21-26 04:45:37 PDT","Oct-21-26 04:45:37 PDT","Notebook e portatili","177","","","Usato","","","","","","IT","","",""
"307190748002","Lenovo Thinkpad E15 Gen 2 i5 11gen i5-1135G7 16 GB 1 TB SSD 15,6"" Win11 Pro",,18560328503ITT,"15","FIXED_PRICE","EUR",501.0,,,501.0,"0","","","Sep-21-26 04:45:37 PDT","Oct-21-26 04:45:37 PDT","Notebook e portatili","177","","","Usato","","","","","","IT","","",""
"307190748003","HP EliteBook 845 G8 Ryzen 5 PRO 5650U 16 GB 960 GB SSD 14"" Win10 Pro",,17619053272ITT,"15","FIXED_PRICE","EUR",446.0,,,446.0,"0","","","Sep-21-26 04:45:37 PDT","Oct-21-26 04:45:37 PDT","Notebook e portatili","177","","","Usato","","","","","","IT","","",""
"307190748005","HP EliteBook 845 G8 Ryzen 5 PRO 5650U 8 GB 960 GB SSD 14"" Win10 Pro",,17619048201ITT,"15","FIXED_PRICE","EUR",400.0,,,400.0,"0","","","Sep-21-26 04:45:37 PDT","Oct-21-26 04:45:37 PDT","Notebook e portatili","177","","","Usato","","","","","","IT","","",""
"307190748006","HP EliteBook 845 G8 Ryzen 5 PRO 5650U 16 GB 256 GB SSD 14"" Win10 Pro",,18418929132ITT,"15","FIXED_PRICE","EUR",363.0,,,363.0,"0","","","Sep-21-26 04:45:37 PDT","Oct-21-26 04:45:37 PDT","Notebook e portatili","177","","","Usato","","","","","","IT","","",""
"307190748007","Dell Latitude 5500 i5-8365U 16 GB 256 GB SSD 15,6"" Win11 Pro",,18560568436ITT,"15","FIXED_PRICE","EUR",297.0,,,297.0,"0","","","Sep-21-26 04:45:37 PDT","Oct-21-26 04:45:37 PDT","Notebook e portatili","177","","","Usato","","","","","","IT","","",""
"307190748009","Dell Latitude 5500 i5-8365U 16 GB 256 GB SSD 15,6"" Win11 Pro",,18561437107ITT,"15","FIXED_PRICE","EUR",320.0,,,320.0,"0","","","Sep-21-26 04:45:37 PDT","Oct-21-26 04:45:37 PDT","Notebook e portatili","177","","","Usato","","","","","","IT","","",""
"307190748010","Dell Latitude 5500 i5-8365U 32 GB 512 GB SSD 15,6"" Win11 Pro",,18560679089ITT,"15","FIXED_PRICE","EUR",412.0,,,412.0,"0","","","Sep-21-26 04:45:37 PDT","Oct-21-26 04:45:37 PDT","Notebook e portatili","177","","","Usato","","","","","","IT","","",""
"307190748011","Dell Latitude 5500 i5-8365U 16 GB 512 GB SSD 15,6"" Win11 Pro",,18560675168ITT,"15","FIXED_PRICE","EUR",331.0,,,331.0,"0","","","Sep-21-26 04:45:37 PDT","Oct-21-26 04:45:37 PDT","Notebook e portatili","177","","","Usato","","","","","","IT","","",""
"307190748012","HP EliteBook 850 G6 i7-8650U 32 GB 480 GB SSD 15,6"" Win10 Pro",,17376895871ITT,"15","FIXED_PRICE","EUR",446.0,,,446.0,"0","","","Sep-21-26 04:45:37 PDT","Oct-21-26 04:45:37 PDT","Notebook e portatili","177","","","Usato","","","","","","IT","","",""
"307190748014","HP EliteBook 850 G6 i7-8650U 32 GB 960 GB SSD 15,6"" Win10 Pro",,17376890404ITT,"15","FIXED_PRICE","EUR",526.0,,,526.0,"0","","","Sep-21-26 04:45:37 PDT","Oct-21-26 04:45:37 PDT","Notebook e portatili","177","","","Usato","","","","","","IT","","",""
"307190748015","HP EliteBook 850 G6 i7-8650U 32 GB 1 TB SSD 15,6"" Win11 Pro",,17376924431ITT,"15","FIXED_PRICE","EUR",549.0,,,549.0,"0","","","Sep-21-26 04:45:37 PDT","Oct-21-26 04:45:37 PDT","Notebook e portatili","177","","","Usato","","","","","","IT","","",""
"307190748016","HP EliteBook 850 G6 i7-8650U 16 GB 480 GB SSD 15,6"" Win10 Pro",,17376880123ITT,"15","FIXED_PRICE","EUR",366.0,,,366.0,"0","","","Sep-21-26 04:45:37 PDT","Oct-21-26 04:45:37 PDT","Notebook e portatili","177","","","Usato","","","","","","IT","","",""
"307190748017","HP EliteBook 850 G6 i7-8650U 8 GB 480 GB SSD 15,6"" Win10 Pro",,17376901449ITT,"15","FIXED_PRICE","EUR",320.0,,,320.0,"0","","","Sep-21-26 04:45:37 PDT","Oct-21-26 04:45:37 PDT","Notebook e portatili","177","","","Usato","","","","","","IT","","",""
"307190748018","HP EliteBook 840 G6 i5-8365U 16 GB 256 GB SSD 14"" Win11 Pro",,18589771410ITT,"15","FIXED_PRICE","EUR",251.0,,,251.0,"0","","","Sep-21-26 04:45:37 PDT","Oct-21-26 04:45:37 PDT","Notebook e portatili","177","","","Usato","","","","","","IT","","",""
"307190748019","HP EliteBook 850 G6 i7-8650U 16 GB 960 GB SSD 15,6"" Win10 Pro",,17376887104ITT,"15","FIXED_PRICE","EUR",446.0,,,446.0,"0","","","Sep-21-26 04:45:37 PDT","Oct-21-26 04:45:37 PDT","Notebook e portatili","177","","","Usato","","","","","","IT","","",""
"307190748020","HP EliteBook 850 G6 i7-8650U 8 GB 960 GB SSD 15,6"" Win10 Pro",,17376915232ITT,"15","FIXED_PRICE","EUR",400.0,,,400.0,"0","","","Sep-21-26 04:45:37 PDT","Oct-21-26 04:45:37 PDT","Notebook e portatili","177","","","Usato","","","","","","IT","","",""
"307190748021","HP EliteBook 840 G6 i5-8365U 16 GB 256 GB SSD 14"" Win11 Pro",,18726194238ITT,"15","FIXED_PRICE","EUR",274.0,,,274.0,"0","","","Sep-21-26 04:45:37 PDT","Oct-21-26 04:45:37 PDT","Notebook e portatili","177","","","Usato","","","","","","IT","","",""
"307190748023","HP EliteBook 840 G6 i5-8365U 32 GB 2 TB SSD 14"" Win11 Pro",,18589774290ITT,"15","FIXED_PRICE","EUR",526.0,,,526.0,"0","","","Sep-21-26 04:45:37 PDT","Oct-21-26 04:45:37 PDT","Notebook e portatili","177","","","Usato","","","","","","IT","","",""
"307190748024","HP EliteBook 840 G6 i5-8365U 32 GB 2 TB SSD 14"" Win11 Pro",,18726210487ITT,"15","FIXED_PRICE","EUR",549.0,,,549.0,"0","","","Sep-21-26 04:45:37 PDT","Oct-21-26 04:45:37 PDT","Notebook e portatili","177","","","Usato","","","","","","IT","","",""
"307190748025","HP EliteBook 840 G6 i5-8365U 16 GB 1 TB SSD 14"" Win11 Pro",,18726200007ITT,"15","FIXED_PRICE","EUR",389.0,,,389.0,"0","","","Sep-21-26 04:45:37 PDT","Oct-21-26 04:45:37 PDT","Notebook e portatili","177","","","Usato","","","","","","IT","","",""
"307190748027",Lenovo ThinkPad T14 Gen 1 Ryzen 5 PRO 4650U 16 GB Win11 Pro 24 Monate Garantie,,3888_20250724125241GW24ITT,"15","FIXED_PRICE","EUR",294.0,,,294.0,"1","4","0","Sep-21-26 04:45:37 PDT","Oct-21-26 04:45:37 PDT","Notebook e portatili","177","","","Usato","","","","","","IT","","",""
"307195974237","Lenovo ThinkPad T590 i5-8365U 12 GB 256 GB SSD 15,6"" Win11 Pro Garanzia",,18893418638ITT,"8","FIXED_PRICE","EUR",297.0,,,297.0,"0","","","Sep-23-26 23:21:55 PDT","Oct-23-26 23:21:55 PDT","Notebook e portatili","177","","","Usato","","","","","","IT","","",""
"307195974238","Lenovo ThinkPad T590 i5-8365U 16 GB 960 GB SSD 15,6"" Win11 Pro Garanzia",,18893447583ITT,"8","FIXED_PRICE","EUR",434.0,,,434.0,"0","","","Sep-23-26 23:21:55 PDT","Oct-23-26 23:21:55 PDT","Notebook e portatili","177","","","Usato","","","","","","IT","","",""
"307195974239","Lenovo ThinkPad T590 i5-8365U 24 GB 960 GB SSD 15,6"" Win11 Pro Garanzia",,18893401347ITT,"8","FIXED_PRICE","EUR",446.0,,,446.0,"0","","","Sep-23-26 23:21:55 PDT","Oct-23-26 23:21:55 PDT","Notebook e portatili","177","","","Usato","","","","","","IT","","",""
"307195974240","HP Zbook 15 G7 i7-10510U 32 GB 1 TB SSD 15,6"" Win11 Pro Garanzia",,18925517772ITT,"8","FIXED_PRICE","EUR",638.0,,,638.0,"0","","","Sep-23-26 23:21:56 PDT","Oct-23-26 23:21:56 PDT","Notebook e portatili","177","","","Usato","","","","","","IT","","",""
"307195974241","HP Zbook 15 G7 i7-10510U 32 GB 480 GB SSD 15,6"" Win11 Pro Garanzia",,18925646959ITT,"8","FIXED_PRICE","EUR",606.0,,,606.0,"0","","","Sep-23-26 23:21:56 PDT","Oct-23-26 23:21:56 PDT","Notebook e portatili","177","","","Usato","","","","","","IT","","",""
"307195974242","Lenovo ThinkPad T590 i5-8365U 16 GB 960 GB SSD 15,6"" Win11 Pro Garanzia",,18893398738ITT,"8","FIXED_PRICE","EUR",400.0,,,400.0,"0","","","Sep-23-26 23:21:56 PDT","Oct-23-26 23:21:56 PDT","Notebook e portatili","177","","","Usato","","","","","","IT","","",""
"307195974243",Lenovo Chromebook 300e 2nd gen Intel Celeron 4 GB 32 GB eMMC Win10 Home Garanzia,,18948562989ITT,"8","FIXED_PRICE","EUR",83.0,,,83.0,"0","","","Sep-23-26 23:21:56 PDT","Oct-23-26 23:21:56 PDT","Notebook e portatili","177","","","Usato","","","","","","IT","","",""
"307195974244","Lenovo ThinkPad T590 i5-8365U 16 GB 256 GB SSD 15,6"" Win11 Pro Garanzia",,18893426941ITT,"8","FIXED_PRICE","EUR",320.0,,,320.0,"0","","","Sep-23-26 23:21:56 PDT","Oct-23-26 23:21:56 PDT","Notebook e portatili","177","","","Usato","","","","","","IT","","",""
"307195974245","HP Zbook 15 G7 i7-10510U 16 GB 480 GB SSD 15,6"" Win11 Pro Garanzia",,18925485908ITT,"8","FIXED_PRICE","EUR",469.0,,,469.0,"0","","","Sep-23-26 23:21:56 PDT","Oct-23-26 23:21:56 PDT","Notebook e portatili","177","","","Usato","","","","","","IT","","",""
"307195974246",Acer TravelMate Spin B118 Intel Celeron N3450 4 GB 64 GB Win11 Home Garanzia,,18934072833ITT,"8","FIXED_PRICE","EUR",98.0,,,98.0,"0","","","Sep-23-26 23:21:56 PDT","Oct-23-26 23:21:56 PDT","Notebook e portatili","177","","","Usato","","","","","","IT","","",""
"307195974247","HP Zbook 15 G7 i7-10510U 32 GB 480 GB SSD 15,6"" Win11 Pro Garanzia",,18925547033ITT,"8","FIXED_PRICE","EUR",560.0,,,560.0,"0","","","Sep-23-26 23:21:56 PDT","Oct-23-26 23:21:56 PDT","Notebook e portatili","177","","","Usato","","","","","","IT","","",""
"307195974248","ASUS BR1100FKA Intel Celeron N5100 4 GB 128 GB eMMC 11,6"" Win11 Home Garanzia",,18938382332ITT,"8","FIXED_PRICE","EUR",113.0,,,113.0,"0","1","0","Sep-23-26 23:21:56 PDT","Oct-23-26 23:21:56 PDT","Notebook e portatili","177","","","Usato","","","","","","IT","","",""
"307195974249","HP Zbook 15 G7 i7-10510U 16 GB 1 TB SSD 15,6"" Win11 Pro Garanzia",,18925669621ITT,"8","FIXED_PRICE","EUR",595.0,,,595.0,"0","","","Sep-23-26 23:21:56 PDT","Oct-23-26 23:21:56 PDT","Notebook e portatili","177","","","Usato","","","","","","IT","","",""
"307195974250","HP 430 G5 i5-8250U 8 GB 740 GB SSD+HDD 13,3"" Win10 Pro Garanzia",,12305983676ITT,"8","FIXED_PRICE","EUR",193.0,,,193.0,"0","","","Sep-23-26 23:21:56 PDT","Oct-23-26 23:21:56 PDT","Notebook e portatili","177","","","Usato","","","","","","IT","","",""
"307195974251","HP Zbook 15 G7 i7-10510U 16 GB 1 TB SSD 15,6"" Win11 Pro Garanzia",,18925613548ITT,"8","FIXED_PRICE","EUR",549.0,,,549.0,"0","","","Sep-23-26 23:21:56 PDT","Oct-23-26 23:21:56 PDT","Notebook e portatili","177","","","Usato","","","","","","IT","","",""
"307195974252","Lenovo ThinkPad T590 i5-8365U 24 GB 960 GB SSD 15,6"" Win11 Pro Garanzia",,18893453356ITT,"8","FIXED_PRICE","EUR",480.0,,,480.0,"0","","","Sep-23-26 23:21:56 PDT","Oct-23-26 23:21:56 PDT","Notebook e portatili","177","","","Usato","","","","","","IT","","",""
"307195974253","HP Zbook 15 G7 i7-10510U 32 GB 256 GB SSD 15,6"" Win11 Pro Garanzia",,18925525097ITT,"8","FIXED_PRICE","EUR",572.0,,,572.0,"0","","","Sep-23-26 23:21:56 PDT","Oct-23-26 23:21:56 PDT","Notebook e portatili","177","","","Usato","","","","","","IT","","",""
"307195974254","HP Zbook 15 G7 i7-10510U 32 GB 256 GB SSD 15,6"" Win11 Pro Garanzia",,18925583118ITT,"8","FIXED_PRICE","EUR",526.0,,,526.0,"0","","","Sep-23-26 23:21:56 PDT","Oct-23-26 23:21:56 PDT","Notebook e portatili","177","","","Usato","","","","","","IT","","",""
"307195974255","Lenovo ThinkPad T590 i5-8365U 16 GB 256 GB SSD 15,6"" Win11 Pro Garanzia",,18893391043ITT,"8","FIXED_PRICE","EUR",285.0,,,285.0,"2","0","0","Sep-23-26 23:21:56 PDT","Oct-23-26 23:21:56 PDT","Notebook e portatili","177","","","Usato","","","","","","IT","","",""
"307195974256","HP Zbook 15 G7 i7-10510U 16 GB 256 GB SSD 15,6"" Win11 Pro Garanzia",,18925428173ITT,"8","FIXED_PRICE","EUR",480.0,,,480.0,"0","","","Sep-23-26 23:21:56 PDT","Oct-23-26 23:21:56 PDT","Notebook e portatili","177","","","Usato","","","","","","IT","","",""
"307195974257","Lenovo ThinkPad T590 i5-8365U 16 GB 480 GB SSD 15,6"" Win11 Pro Garanzia",,18893394722ITT,"8","FIXED_PRICE","EUR",320.0,,,320.0,"0","","","Sep-23-26 23:21:56 PDT","Oct-23-26 23:21:56 PDT","Notebook e portatili","177","","","Usato","","","","","","IT","","",""
"307195974258","Lenovo ThinkPad T590 i5-8365U 8 GB 256 GB SSD 15,6"" Win11 Pro Garanzia 24 mesi",,18547336230GW24ITT,"8","FIXED_PRICE","EUR",329.0,,,329.0,"0","","","Sep-23-26 23:21:56 PDT","Oct-23-26 23:21:56 PDT","Notebook e portatili","177","","","Usato","","","","","","IT","","",""
"307195974259","Lenovo ThinkPad T590 i5-8365U 16 GB 480 GB SSD 15,6"" Win11 Pro Garanzia",,18893428586ITT,"8","FIXED_PRICE","EUR",354.0,,,354.0,"0","","","Sep-23-26 23:21:56 PDT","Oct-23-26 23:21:56 PDT","Notebook e portatili","177","","","Usato","","","","","","IT","","",""
"307195974260","HP Zbook 15 G7 i7-10510U 16 GB 256 GB SSD 15,6"" Win11 Pro Garanzia",,18925604967ITT,"8","FIXED_PRICE","EUR",434.0,,,434.0,"0","","","Sep-23-26 23:21:56 PDT","Oct-23-26 23:21:56 PDT","Notebook e portatili","177","","","Usato","","","","","","IT","","",""
"307195974261","HP Zbook 15 G7 i7-10510U 16 GB 480 GB SSD 15,6"" Win11 Pro Garanzia",,18925657776ITT,"8","FIXED_PRICE","EUR",515.0,,,515.0,"0","","","Sep-23-26 23:21:56 PDT","Oct-23-26 23:21:56 PDT","Notebook e portatili","177","","","Usato","","","","","","IT","","",""
"307195974262","HP Zbook 15 G7 i7-10510U 32 GB 1 TB SSD 15,6"" Win11 Pro Garanzia",,18925650171ITT,"8","FIXED_PRICE","EUR",684.0,,,684.0,"0","","","Sep-23-26 23:21:56 PDT","Oct-23-26 23:21:56 PDT","Notebook e portatili","177","","","Usato","","","","","","IT","","",""
"307195974263",Lenovo Chromebook 300e 2nd gen Intel Celeron 4 GB 32 GB eMMC Win10 Home Garanzia,,18948519574ITT,"8","FIXED_PRICE","EUR",88.0,,,88.0,"0","","","Sep-23-26 23:21:56 PDT","Oct-23-26 23:21:56 PDT","Notebook e portatili","177","","","Usato","","","","","","IT","","",""
"307195974264","Dell Precision 7730 i7-8750H 64 GB 960 GB SSD 17,3"" Win10 Pro Garanzia",,18465830621ITT,"8","FIXED_PRICE","EUR",965.0,,,965.0,"0","1","0","Sep-23-26 23:21:56 PDT","Oct-23-26 23:21:56 PDT","Notebook e portatili","177","","","Usato","","","","","","IT","","",""
"307195974265",Lenovo ThinkPad T14 Gen 1 Ryzen 5 PRO 4650U 16 GB Win11 Pro Garanzia 24 mesi,,3888_20250724124155GW24ITT,"8","FIXED_PRICE","EUR",322.0,,,322.0,"0","","","Sep-23-26 23:21:56 PDT","Oct-23-26 23:21:56 PDT","Notebook e portatili","177","","","Usato","","","","","","IT","","",""
"307195974266",Panasonic ToughPad FZ-G1 mk3 i5-5300U 4 GB 120 GB SSD Win10 Pro Garanzia 24 mesi,,10356_20260812090814GW24ITT,"8","FIXED_PRICE","EUR",164.0,,,164.0,"0","","","Sep-23-26 23:21:56 PDT","Oct-23-26 23:21:56 PDT","Notebook e portatili","177","","","Usato","","","","","","IT","","",""
"307195974267","HP EliteBook 840 G6 i5-8350U 32 GB 960 GB SSD 14"" Win10 Pro Garanzia",,18468856898ITT,"8","FIXED_PRICE","EUR",480.0,,,480.0,"0","","","Sep-23-26 23:21:56 PDT","Oct-23-26 23:21:56 PDT","Notebook e portatili","177","","","Usato","","","","","","IT","","",""
"307195974268",Acer TravelMate Spin B311 Intel Celeron N4020 4 GB 128 GB Win11 Home Garanzia,,18938266623ITT,"8","FIXED_PRICE","EUR",113.0,,,113.0,"0","","","Sep-23-26 23:21:56 PDT","Oct-23-26 23:21:56 PDT","Notebook e portatili","177","","","Usato","","","","","","IT","","",""
"307195974269","Lenovo ThinkPad T590 i5-8365U 8 GB 256 GB SSD 15,6"" Win11 Pro Garanzia 24 mesi",,18547290077GW24ITT,"8","FIXED_PRICE","EUR",287.0,,,287.0,"0","","","Sep-23-26 23:21:56 PDT","Oct-23-26 23:21:56 PDT","Notebook e portatili","177","","","Usato","","","","","","IT","","",""
"307195974270","HP 430 G5 i5-8250U 8 GB 740 GB SSD+HDD 13,3"" Win10 Pro Garanzia",,12305976081ITT,"8","FIXED_PRICE","EUR",193.0,,,193.0,"0","","","Sep-23-26 23:21:56 PDT","Oct-23-26 23:21:56 PDT","Notebook e portatili","177","","","Usato","","","","","","IT","","",""
"307195974271",ASUS Chromebook Flip CR 1100 Intel Celeron 4 GB 32 GB eMMC ChromeOS Garanzia,,18948616154ITT,"8","FIXED_PRICE","EUR",90.0,,,90.0,"0","","","Sep-23-26 23:21:56 PDT","Oct-23-26 23:21:56 PDT","Notebook e portatili","177","","","Usato","","","","","","IT","","",""
"307195974272",Lenovo ThinkPad T14 Gen1 Ryzen 5 PRO 4650U 16 GB Win11 Pro Garanzia 24 mesi,,18407489881GW24ITT,"8","FIXED_PRICE","EUR",294.0,,,294.0,"0","","","Sep-23-26 23:21:56 PDT","Oct-23-26 23:21:56 PDT","Notebook e portatili","177","","","Usato","","","","","","IT","","",""
"307195974273","HP ZBook 15 G2 i7-4710MQ 32 GB 256 GB SSD 15,6"" Win10 Pro Garanzia",,7618740191ITT,"8","FIXED_PRICE","EUR",331.0,,,331.0,"0","","","Sep-23-26 23:21:56 PDT","Oct-23-26 23:21:56 PDT","Notebook e portatili","177","","","Usato","","","","","","IT","","",""
"307196075469",Dell Optiplex 5060 i5-9500 8 GB 240 GB SSD Win11 Pro Garanzia,,3940ITT,"8","FIXED_PRICE","EUR",216.0,,,216.0,"0","","","Sep-24-26 01:02:22 PDT","Oct-24-26 01:02:22 PDT","Desktop PC","179","","","Usato","","","","","","IT","","",""
"307196075470",HP EliteDesk 800 G4 i5-8500T 8 GB 240 GB SSD Win11 Pro Garanzia,,3959ITT,"8","FIXED_PRICE","EUR",182.0,,,182.0,"0","1","0","Sep-24-26 01:02:22 PDT","Oct-24-26 01:02:22 PDT","Desktop PC","179","","","Usato","","","","","","IT","","",""
"307196075472","Lenovo HP Z440 TW 32 GB 480 GB SSD 23"" Win11 Home Garanzia",,5108ITT,"8","FIXED_PRICE","EUR",446.0,,,446.0,"0","","","Sep-24-26 01:02:22 PDT","Oct-24-26 01:02:22 PDT","Desktop PC","179","","","Usato","","","","","","IT","","",""
"307196075473",HP T630 Thin Client 4 GB 32 GB SSD Win10 Garanzia,,3962ITT,"8","FIXED_PRICE","EUR",56.0,,,56.0,"1","1","0","Sep-24-26 01:02:22 PDT","Oct-24-26 01:02:22 PDT","Desktop PC","179","","","Usato","","","","","","IT","","",""
"307196075474",HP Workstation Z440 TW Intel Xeon 16 GB 240 GB SSD+HDD Win11 Home Garanzia,,5475ITT,"8","FIXED_PRICE","EUR",251.0,,,251.0,"0","2","0","Sep-24-26 01:02:22 PDT","Oct-24-26 01:02:22 PDT","Desktop PC","179","","","Usato","","","","","","IT","","",""
"307196075478",Lenovo ThinkCentre M715Q Ryzen 5 PRO 2400GE 8 GB 256 GB SSD Win11 Pro Garanzia,,5487ITT,"63","FIXED_PRICE","EUR",136.0,,,136.0,"1","1","0","Sep-24-26 01:02:23 PDT","Oct-24-26 01:02:23 PDT","Desktop PC","179","","","Usato","","","","","","IT","","",""
"307196075480",HP EliteDesk 400 G4 i5-8500T 8 GB 256 GB SSD Win11 Pro Garanzia,,5653ITT,"8","FIXED_PRICE","EUR",176.0,,,176.0,"0","2","0","Sep-24-26 01:02:23 PDT","Oct-24-26 01:02:23 PDT","Desktop PC","179","","","Usato","","","","","","IT","","",""
"307196075481",HP T630 Thin Client 8 GB 128 GB SSD Win10 Garanzia,,6060ITT,"8","FIXED_PRICE","EUR",74.0,,,74.0,"0","1","0","Sep-24-26 01:02:23 PDT","Oct-24-26 01:02:23 PDT","Desktop PC","179","","","Usato","","","","","","IT","","",""
"307196075482",HP Compaq 8200 SFF 8 GB 240 GB SSD Win10 Pro Garanzia,,6007ITT,"0","FIXED_PRICE","EUR",88.0,,,88.0,"0","","","Sep-24-26 01:02:23 PDT","Oct-24-26 01:02:23 PDT","Desktop PC","179","","","Usato","","","","","","IT","","",""
"307196075483",HP ProDesk 600 G5 i5-9500 8 GB 256 GB SSD Win11 Home Garanzia,,6076ITT,"8","FIXED_PRICE","EUR",222.0,,,222.0,"0","","","Sep-24-26 01:02:23 PDT","Oct-24-26 01:02:23 PDT","Desktop PC","179","","","Usato","","","","","","IT","","",""
"307196075486",Dell Optiplex 5070 8 GB 240 GB SSD Win11 Pro Garanzia,,6184ITT,"8","FIXED_PRICE","EUR",228.0,,,228.0,"0","","","Sep-24-26 01:02:23 PDT","Oct-24-26 01:02:23 PDT","Desktop PC","179","","","Usato","","","","","","IT","","",""
"307204728736",Lenovo ThinkPad T490 i5-8265U 32 GB 960 GB SSD 14 Zoll Win10 Pro,,16115711196,"8","FIXED_PRICE","EUR",492.0,,,492.0,"0","","","Sep-28-26 23:46:20 PDT","Oct-29-26 00:46:20 PDT","PC Notebooks & Netbooks","177","","","Gebraucht","","","","","","DE","","",""
"307204729633",Lenovo ThinkPad T14 Gen 1 Ryzen 5 PRO 4650U 16 GB 256 GB SSD 14 Zoll Win11 Pro,,3888_20250724124155,"7","FIXED_PRICE","EUR",269.0,,,269.0,"0","","","Sep-28-26 23:47:32 PDT","Oct-29-26 00:47:32 PDT","PC Notebooks & Netbooks","177","","","Gebraucht","","","","","","DE","","",""
"307204732031",HP EliteBook 845 G8 Ryzen 5 PRO 5650U 8 GB 256 GB SSD 14 Zoll Win11 Pro,,17618895854,"15","FIXED_PRICE","EUR",238.0,,,238.0,"0","","","Sep-28-26 23:51:37 PDT","Oct-29-26 00:51:37 PDT","PC Notebooks & Netbooks","177","","","Gebraucht","","","","","","DE","","",""
"307204732032",Lenovo ThinkPad T14 Gen1 Ryzen 5 PRO 4650U 16 GB 256 GB SSD 14 Zoll Win11 Pro,,18407489881,"7","FIXED_PRICE","EUR",244.0,,,244.0,"0","","","Sep-28-26 23:51:37 PDT","Oct-29-26 00:51:37 PDT","PC Notebooks & Netbooks","177","","","Gebraucht","","","","","","DE","","",""
"307204733526","HP EliteBook 850 G6 i5-8365U 32 GB 960 GB SSD 15,6 Zoll Win11 Pro",,18444593404,"1","FIXED_PRICE","EUR",490.0,,,490.0,"0","","","Sep-28-26 23:53:18 PDT","Oct-29-26 00:53:18 PDT","PC Notebooks & Netbooks","177","","","Gebraucht","","","","","","DE","","",""
"307204733527","HP EliteBook 850 G6 i5-8365U 32 GB 256 GB SSD 15,6 Zoll Win11 Pro",,18444588989,"1","FIXED_PRICE","EUR",377.0,,,377.0,"0","","","Sep-28-26 23:53:18 PDT","Oct-29-26 00:53:18 PDT","PC Notebooks & Netbooks","177","","","Gebraucht","","","","","","DE","","",""
"307204733528","Fujitsu Lifebook U729 i5-8250U 8 GB 120 GB SSD 12,5 Zoll Win11 Pro",,18563448038,"1","FIXED_PRICE","EUR",148.0,,,148.0,"0","","","Sep-28-26 23:53:18 PDT","Oct-29-26 00:53:18 PDT","PC Notebooks & Netbooks","177","","","Gebraucht","","","","","","DE","","",""
"307204733530",Apple MacBook Pro 16 A2141 2019r. i9-9880H 32 GB 1000 GB SSD 16 Zoll,,16028383060,"1","FIXED_PRICE","EUR",616.0,,,616.0,"0","","","Sep-28-26 23:53:18 PDT","Oct-29-26 00:53:18 PDT","Apple Notebooks","111422","","","Gebraucht","","","","","","DE","","",""
"307204733531",HP EliteBook 745 G5 Ryzen 7 2700U 8 GB 256 GB SSD 14 Zoll Win11 Pro,,5912_20251106091003,"1","FIXED_PRICE","EUR",171.0,,,171.0,"0","","","Sep-28-26 23:53:18 PDT","Oct-29-26 00:53:18 PDT","PC Notebooks & Netbooks","177","","","Gebraucht","","","","","","DE","","",""
"307204733532",HP EliteBook 845 G8 Ryzen 5 PRO 5650U 32 GB 256 GB SSD 14 Zoll Win11 Pro,,17618895854_20260303112909,"1","FIXED_PRICE","EUR",366.0,,,366.0,"0","","","Sep-28-26 23:53:18 PDT","Oct-29-26 00:53:18 PDT","PC Notebooks & Netbooks","177","","","Gebraucht","","","","","","DE","","",""
"307204733534","Lenovo ThinkPad X13 Yoga Gen1 i5-10210U 16 GB 256 GB SSD 13,3 Zoll Win11 Pro",,17622540577_20260611120323,"1","FIXED_PRICE","EUR",250.0,,,250.0,"0","","","Sep-28-26 23:53:18 PDT","Oct-29-26 00:53:18 PDT","PC Notebooks & Netbooks","177","","","Gebraucht","","","","","","DE","","",""
"307204733535","HP Chromebook x360 11 G4 EE Intel Celeron N5100 8 GB 64 GB eMMC 11,6 Zoll",,17891158046,"1","FIXED_PRICE","EUR",119.0,,,119.0,"0","","","Sep-28-26 23:53:18 PDT","Oct-29-26 00:53:18 PDT","PC Notebooks & Netbooks","177","","","Gebraucht","","","","","","DE","","",""
"307204733536","Lenovo ThinkPad X13 Yoga Gen1 i7-10610U 16 GB 256 GB SSD 13,3 Zoll Win11 Pro",,17622540577_20260714122616,"1","FIXED_PRICE","EUR",272.0,,,272.0,"0","","","Sep-28-26 23:53:18 PDT","Oct-29-26 00:53:18 PDT","PC Notebooks & Netbooks","177","","","Gebraucht","","","","","","DE","","",""
"307204733537",HP EliteBook 845 G8 Ryzen 5 PRO 5650U 32 GB 500 GB SSD 14 Zoll Win11 Pro,,17618878712_20260430121402,"1","FIXED_PRICE","EUR",444.0,,,444.0,"0","","","Sep-28-26 23:53:18 PDT","Oct-29-26 00:53:18 PDT","PC Notebooks & Netbooks","177","","","Gebraucht","","","","","","DE","","",""
"307204733538",Lenovo ThinkPad T480 i5-8350U 8 GB 256 GB SSD 14 Zoll Win11 Pro,,4579,"1","FIXED_PRICE","EUR",253.0,,,253.0,"0","","","Sep-28-26 23:53:18 PDT","Oct-29-26 00:53:18 PDT","PC Notebooks & Netbooks","177","","","Gebraucht","","","","","","DE","","",""
"307204733539","Panasonic ToughBook CF-31 MK5 i5-5300U 16 GB 120 GB SSD 13,3 Zoll Win10 Pro",,10356,"1","FIXED_PRICE","EUR",277.0,,,277.0,"0","","","Sep-28-26 23:53:18 PDT","Oct-29-26 00:53:18 PDT","PC Notebooks & Netbooks","177","","","Gebraucht","","","","","","DE","","",""
"307204733540","HP HP ZBook 15 G2 i7-4700MQ 16 GB 480 GB SSD 15,6 Zoll Win10 Pro",,13916140560,"1","FIXED_PRICE","EUR",261.0,,,261.0,"0","","","Sep-28-26 23:53:18 PDT","Oct-29-26 00:53:18 PDT","PC Notebooks & Netbooks","177","","","Gebraucht","","","","","","DE","","",""
"307204733541","Apple Apple MacBook Pro A1990 2019r. i9-9880H 32 GB 512 GB SSD 15,6 Zoll macOS",,5604,"1","FIXED_PRICE","EUR",479.0,,,479.0,"0","","","Sep-28-26 23:53:18 PDT","Oct-29-26 00:53:18 PDT","Apple Notebooks","111422","","","Gebraucht","","","","","","DE","","",""
"307204733543","HP HP ProBook x360 11 G5 EE Intel Pentium Silver N5030 4 GB 128 GB SSD 11,6 Zoll",,18567164607,"1","FIXED_PRICE","EUR",136.0,,,136.0,"0","","","Sep-28-26 23:53:18 PDT","Oct-29-26 00:53:18 PDT","PC Notebooks & Netbooks","177","","","Gebraucht","","","","","","DE","","",""
"307204733544",Lenovo ThinkPad L14 Gen1 Ryzen 5 8 GB 256 GB SSD 14 Zoll Win11 Pro,,5253_20260213135937,"1","FIXED_PRICE","EUR",206.0,,,206.0,"0","","","Sep-28-26 23:53:18 PDT","Oct-29-26 00:53:18 PDT","PC Notebooks & Netbooks","177","","","Gebraucht","","","","","","DE","","",""
"307204733545","Lenovo ThinkPad E15 Gen 2 i5-1135G7 8 GB 256 GB SSD 15,6 Zoll Win11 Pro",,4553_20260216084009,"1","FIXED_PRICE","EUR",295.0,,,295.0,"0","","","Sep-28-26 23:53:18 PDT","Oct-29-26 00:53:18 PDT","PC Notebooks & Netbooks","177","","","Gebraucht","","","","","","DE","","",""
"307204733546",Apple MacBook Pro A2141 2019r. i9-9880H 32 GB 1 TB SSD 16 Zoll macOS,,4590,"1","FIXED_PRICE","EUR",616.0,,,616.0,"0","","","Sep-28-26 23:53:18 PDT","Oct-29-26 00:53:18 PDT","Apple Notebooks","111422","","","Gebraucht","","","","","","DE","","",""
"307204733547","Lenovo ThinkPad E15 Gen 2 i5-1135G7 16 GB 480 GB SSD 15,6 Zoll Win11 Pro",,4553_20260504140748,"1","FIXED_PRICE","EUR",377.0,,,377.0,"0","","","Sep-28-26 23:53:18 PDT","Oct-29-26 00:53:18 PDT","PC Notebooks & Netbooks","177","","","Gebraucht","","","","","","DE","","",""
"307204733548","Lenovo Thinkpad E15 Gen 2 i5-1135G7 8 GB 256 GB SSD 15,6 Zoll Win11 Pro",,18330801304,"1","FIXED_PRICE","EUR",295.0,,,295.0,"0","","","Sep-28-26 23:53:18 PDT","Oct-29-26 00:53:18 PDT","PC Notebooks & Netbooks","177","","","Gebraucht","","","","","","DE","","",""
"307204733550",HP EliteBook 840 G8 i5-1145G7 16 GB 256 GB SSD 14 Zoll Win11 Pro,,17629721417,"1","FIXED_PRICE","EUR",324.0,,,324.0,"0","","","Sep-28-26 23:53:18 PDT","Oct-29-26 00:53:18 PDT","PC Notebooks & Netbooks","177","","","Gebraucht","","","","","","DE","","",""
"307204733551","HP Probook 450 G5 i5-7200U 16 GB 256 GB SSD 15,6 Zoll Win11 Pro",,18832433310,"1","FIXED_PRICE","EUR",217.0,,,217.0,"0","","","Sep-28-26 23:53:18 PDT","Oct-29-26 00:53:18 PDT","PC Notebooks & Netbooks","177","","","Gebraucht","","","","","","DE","","",""
"307204733552",HP EliteBook 745 G5 Ryzen 7 2700U 16 GB 256 GB SSD 14 Zoll Win11 Pro,,5912_20260430090212,"1","FIXED_PRICE","EUR",215.0,,,215.0,"0","","","Sep-28-26 23:53:18 PDT","Oct-29-26 00:53:18 PDT","PC Notebooks & Netbooks","177","","","Gebraucht","","","","","","DE","","",""
"307204733553","Dell XPS 13 7390 i5-10210U 8 GB 256 GB SSD 13,3 Zoll Win11 Pro",,3792_20251219130026,"1","FIXED_PRICE","EUR",272.0,,,272.0,"0","","","Sep-28-26 23:53:18 PDT","Oct-29-26 00:53:18 PDT","PC Notebooks & Netbooks","177","","","Gebraucht","","","","","","DE","","",""
"307204733554",HP EliteBook 745 G6 Ryzen 7 PRO 3700U 8 GB 256 GB SSD 14 Zoll Win11 Pro,,17578283219,"1","FIXED_PRICE","EUR",198.0,,,198.0,"0","","","Sep-28-26 23:53:18 PDT","Oct-29-26 00:53:18 PDT","PC Notebooks & Netbooks","177","","","Gebraucht","","","","","","DE","","",""
"307204733555",Lenovo ThinkPad P52 Pro series GAMING CAD nVidia QUADRO i7-8750H 32 GB 512 GB,,17269034479,"1","FIXED_PRICE","EUR",495.0,,,495.0,"0","","","Sep-28-26 23:53:18 PDT","Oct-29-26 00:53:18 PDT","PC Notebooks & Netbooks","177","","","Gebraucht","","","","","","DE","","",""
"307204733556","HP Chromebook x360 11 G4 EE Intel Celeron N5100 8 GB 64 GB eMMC 11,6 Zoll",,17891169915,"1","FIXED_PRICE","EUR",113.0,,,113.0,"0","","","Sep-28-26 23:53:18 PDT","Oct-29-26 00:53:18 PDT","PC Notebooks & Netbooks","177","","","Gebraucht","","","","","","DE","","",""
"307204733557",HP ProBook 440 G7 i5-10210U 16 GB 256 GB SSD 14 Zoll Win11 Pro,,6104_20260109120318,"1","FIXED_PRICE","EUR",218.0,,,218.0,"0","","","Sep-28-26 23:53:18 PDT","Oct-29-26 00:53:18 PDT","PC Notebooks & Netbooks","177","","","Gebraucht","","","","","","DE","","",""
"307204733558","Panasonic ToughBook CF-31 MK3 i5-3340M 16 GB 120 GB SSD 13,3 Zoll Win10 Pro",,10365,"1","FIXED_PRICE","EUR",231.0,,,231.0,"0","","","Sep-28-26 23:53:18 PDT","Oct-29-26 00:53:18 PDT","PC Notebooks & Netbooks","177","","","Gebraucht","","","","","","DE","","",""
"307204733559",Lenovo ThinkPad L14 Gen1 Ryzen 5 PRO 4650U 8 GB 256 GB SSD 14 Zoll Win11 Pro,,5253_20260213134746,"1","FIXED_PRICE","EUR",215.0,,,215.0,"0","","","Sep-28-26 23:53:18 PDT","Oct-29-26 00:53:18 PDT","PC Notebooks & Netbooks","177","","","Gebraucht","","","","","","DE","","",""
"307204733560","Apple Apple MacBook Pro A1707 2017r. i7-7820HQ 16 GB 500 GB SSD 15,6 Zoll macOS",,4771,"1","FIXED_PRICE","EUR",369.0,,,369.0,"0","","","Sep-28-26 23:53:18 PDT","Oct-29-26 00:53:18 PDT","Apple Notebooks","111422","","","Gebraucht","","","","","","DE","","",""
"307204733562","Apple Apple MacBook Pro A1707 2017r. i7-7700HQ 16 GB 256 GB SSD 15,4 Zoll macOS",,6200,"1","FIXED_PRICE","EUR",318.0,,,318.0,"0","","","Sep-28-26 23:53:18 PDT","Oct-29-26 00:53:18 PDT","Apple Notebooks","111422","","","Gebraucht","","","","","","DE","","",""
"307204733563","Dell Precision 7740 i7-9850H 16 GB 512 GB SSD 17,3 Zoll Win11 Pro",,4760_20250908073747,"1","FIXED_PRICE","EUR",733.0,,,733.0,"0","","","Sep-28-26 23:53:18 PDT","Oct-29-26 00:53:18 PDT","PC Notebooks & Netbooks","177","","","Gebraucht","","","","","","DE","","",""
"307204733566","HP EliteBook 830 G6 i5-8365U 8 GB 256 GB SSD 13,3 Zoll Win11 Pro",,3808,"1","FIXED_PRICE","EUR",177.0,,,177.0,"0","","","Sep-28-26 23:53:18 PDT","Oct-29-26 00:53:18 PDT","PC Notebooks & Netbooks","177","","","Gebraucht","","","","","","DE","","",""
"307204733568",Lenovo ThinkPad T14 Gen1 Ryzen 5 PRO 4650U 8 GB 256 GB SSD 14 Zoll Win11 Pro,,18528012798,"1","FIXED_PRICE","EUR",221.0,,,221.0,"0","","","Sep-28-26 23:53:19 PDT","Oct-29-26 00:53:19 PDT","PC Notebooks & Netbooks","177","","","Gebraucht","","","","","","DE","","",""
"307204733569",Lenovo ThinkPad L14 Gen1 Ryzen 5 PRO 4650U 8 GB 256 GB SSD 14 Zoll Win11 Pro,,5253_20260213134353,"1","FIXED_PRICE","EUR",238.0,,,238.0,"0","","","Sep-28-26 23:53:19 PDT","Oct-29-26 00:53:19 PDT","PC Notebooks & Netbooks","177","","","Gebraucht","","","","","","DE","","",""
"307204733570",Lenovo ThinkPad L14 Gen 1 Ryzen 5 4500U 8 GB 256 GB SSD 14 Zoll Win11 Home,,18678706527,"1","FIXED_PRICE","EUR",194.0,,,194.0,"0","","","Sep-28-26 23:53:19 PDT","Oct-29-26 00:53:19 PDT","PC Notebooks & Netbooks","177","","","Gebraucht","","","","","","DE","","",""
"307204733571","Lenovo ThinkPad T15 Gen2 i5-1135G7 16 GB 256 GB SSD 15,6 Zoll Win11 Pro",,17622086782_20260609112545,"1","FIXED_PRICE","EUR",387.0,,,387.0,"0","","","Sep-28-26 23:53:19 PDT","Oct-29-26 00:53:19 PDT","PC Notebooks & Netbooks","177","","","Gebraucht","","","","","","DE","","",""
"307204733572",Lenovo ThinkPad T14 Gen 1 Ryzen 5 PRO 4650U 24 GB 500 GB SSD 14 Zoll Win11 Pro,,3888_20260526083738,"1","FIXED_PRICE","EUR",349.0,,,349.0,"0","","","Sep-28-26 23:53:19 PDT","Oct-29-26 00:53:19 PDT","PC Notebooks & Netbooks","177","","","Gebraucht","","","","","","DE","","",""
"307204733573",HP EliteBook 845 G8 Ryzen 5 PRO 5650U 8 GB 256 GB SSD 14 Zoll Win11 Pro,,17618878712,"1","FIXED_PRICE","EUR",284.0,,,284.0,"0","","","Sep-28-26 23:53:19 PDT","Oct-29-26 00:53:19 PDT","PC Notebooks & Netbooks","177","","","Gebraucht","","","","","","DE","","",""
"307204733574",HP EliteBook 745 G5 Ryzen 7 2700U 8 GB 256 GB SSD 14 Zoll Win11 Pro,,5912,"1","FIXED_PRICE","EUR",194.0,,,194.0,"0","","","Sep-28-26 23:53:19 PDT","Oct-29-26 00:53:19 PDT","PC Notebooks & Netbooks","177","","","Gebraucht","","","","","","DE","","",""
"307204733575","Lenovo ThinkPad T590 i5-8365U 8 GB 256 GB SSD 15,6 Zoll Win11 Pro",,18547290077,"1","FIXED_PRICE","EUR",240.0,,,240.0,"0","","","Sep-28-26 23:53:19 PDT","Oct-29-26 00:53:19 PDT","PC Notebooks & Netbooks","177","","","Gebraucht","","","","","","DE","","",""
"307204733576",HP EliteBook 745 G5 Ryzen 7 2700U 32 GB 960 GB SSD 14 Zoll Win11 Pro,,5912_20260430091005,"1","FIXED_PRICE","EUR",435.0,,,435.0,"0","","","Sep-28-26 23:53:19 PDT","Oct-29-26 00:53:19 PDT","PC Notebooks & Netbooks","177","","","Gebraucht","","","","","","DE","","",""
"307204733577","Lenovo ThinkPad X13 Yoga Gen1 i7-10610U 16 GB 256 GB SSD 13,3 Zoll Win11 Pro",,17622540577_20260714122104,"1","FIXED_PRICE","EUR",308.0,,,308.0,"0","","","Sep-28-26 23:53:19 PDT","Oct-29-26 00:53:19 PDT","PC Notebooks & Netbooks","177","","","Gebraucht","","","","","","DE","","",""
"307204733578","Fujitsu Lifebook U729 i5-8250U 8 GB 240 GB SSD 12,5 Zoll Win11 Pro",,5563_20260506095908,"1","FIXED_PRICE","EUR",183.0,,,183.0,"0","","","Sep-28-26 23:53:19 PDT","Oct-29-26 00:53:19 PDT","PC Notebooks & Netbooks","177","","","Gebraucht","","","","","","DE","","",""
"307204735534",HP EliteBook 745 G5 Ryzen 7 PRO 2700U 32 GB 256 GB SSD 14 Zoll Win11 Pro,,18059488352,"8","FIXED_PRICE","EUR",295.0,,,295.0,"0","","","Sep-28-26 23:55:38 PDT","Oct-29-26 00:55:38 PDT","PC Notebooks & Netbooks","177","","","Gebraucht","","","","","","DE","","",""