Item number,Title,Variation details,Custom label (SKU),Available quantity,Format,Currency,Start price,Auction Buy It Now price,Reserve price,Current price,Sold quantity,Watchers,Bids,Start date,End date,eBay category 1 name,eBay category 1 number,eBay category 2 name,eBay category 2 number,Condition,CD:Professional Grader - (ID: 27501),CD:Grade - (ID: 27502),CDA:Certification Number - (ID: 27503),CD:Card Condition - (ID: 40001),eBay Product ID(ePID),Listing site,P:UPC,P:EAN,P:ISBN
"307123911846",Lenovo ThinkPad T14 Gen 1 Ryzen 5 PRO 4650U 16 GB 256 GB SSD 14 Zoll Win11 Pro,,3888_20250724125241,"10","FIXED_PRICE","EUR",247.0,,,247.0,"0","1","0","Aug-13-26 00:00:15 PDT","Sep-13-26 00:00:15 PDT","PC Notebooks & Netbooks","177","","","Gebraucht","","","","","","DE","","",""
"307124457460","Dell Latitude 5540 i5-1345U 16 GB 256 GB SSD 15,6 Zoll Win11 Pro",,4870_20260403112433,"10","FIXED_PRICE","EUR",578.0,,,578.0,"0","","","Aug-13-26 05:36:51 PDT","Sep-13-26 05:36:51 PDT","PC Notebooks & Netbooks","177","","","Gebraucht","","","","","","DE","","",""
"307145261903",HP ProBook 640 G2 i5-6200U 8 GB 120 GB SSD 14 Zoll Win11 Pro,,18857183867,"10","FIXED_PRICE","EUR",119.0,,,119.0,"0","","","Aug-25-26 03:26:55 PDT","Sep-25-26 03:26:55 PDT","PC Notebooks & Netbooks","177","","","Gebraucht","","","","","","DE","","",""
"307145261906",HP EliteBook 840 G6 i5-8365U 16 GB 500 GB SSD 14 Zoll Win11 Pro,,18589762579,"10","FIXED_PRICE","EUR",311.0,,,311.0,"0","","","Aug-25-26 03:26:55 PDT","Sep-25-26 03:26:55 PDT","PC Notebooks & Netbooks","177","","","Gebraucht","","","","","","DE","","",""
"307145261907",HP EliteBook 840 G6 i5-8365U 32 GB 1000 GB SSD 14 Zoll Win11 Pro,,18589765205,"10","FIXED_PRICE","EUR",473.0,,,473.0,"0","","","Aug-25-26 03:26:55 PDT","Sep-25-26 03:26:55 PDT","PC Notebooks & Netbooks","177","","","Gebraucht","","","","","","DE","","",""
"307145261909","Fujitsu Lifebook E5510 i7-10510U 16 GB 256 GB SSD 15,6 Zoll Win11 Pro",,5563_20260819142954,"10","FIXED_PRICE","EUR",276.0,,,276.0,"0","","","Aug-25-26 03:26:55 PDT","Sep-25-26 03:26:55 PDT","PC Notebooks & Netbooks","177","","","Gebraucht","","","","","","DE","","",""
"307145261910","Fujitsu Lifebook E5510 i7-10510U 8 GB 256 GB SSD 15,6 Zoll Win11 Pro",,5563_20260819094242,"10","FIXED_PRICE","EUR",299.0,,,299.0,"0","","","Aug-25-26 03:26:55 PDT","Sep-25-26 03:26:55 PDT","PC Notebooks & Netbooks","177","","","Gebraucht","","","","","","DE","","",""
"307145261915","Panasonic ToughBook CF-31 MK3 i5-3340M 16 GB 120 GB SSD 13,3 Zoll Win10 Pro",,10365,"10","FIXED_PRICE","EUR",234.0,,,234.0,"0","","","Aug-25-26 03:26:55 PDT","Sep-25-26 03:26:55 PDT","PC Notebooks & Netbooks","177","","","Gebraucht","","","","","","DE","","",""
"307145261917",HP EliteBook 840 G6 i5-8365U 16 GB 256 GB SSD 14 Zoll Win11 Pro,,18589771410,"10","FIXED_PRICE","EUR",253.0,,,253.0,"0","","","Aug-25-26 03:26:55 PDT","Sep-25-26 03:26:55 PDT","PC Notebooks & Netbooks","177","","","Gebraucht","","","","","","DE","","",""
"307145261919",HP EliteBook 840 G6 i5-8365U 16 GB 256 GB SSD 14 Zoll Win11 Pro,,18726194238,"10","FIXED_PRICE","EUR",276.0,,,276.0,"0","","","Aug-25-26 03:26:55 PDT","Sep-25-26 03:26:55 PDT","PC Notebooks & Netbooks","177","","","Gebraucht","","","","","","DE","","",""
"307145261920",HP EliteBook 840 G6 i5-8365U 32 GB 2000 GB SSD 14 Zoll Win11 Pro,,18589774290,"10","FIXED_PRICE","EUR",531.0,,,531.0,"0","","","Aug-25-26 03:26:55 PDT","Sep-25-26 03:26:55 PDT","PC Notebooks & Netbooks","177","","","Gebraucht","","","","","","DE","","",""
"307145261922",HP EliteBook 840 G6 i5-8365U 16 GB 1000 GB SSD 14 Zoll Win11 Pro,,18726200007,"10","FIXED_PRICE","EUR",392.0,,,392.0,"0","","","Aug-25-26 03:26:55 PDT","Sep-25-26 03:26:55 PDT","PC Notebooks & Netbooks","177","","","Gebraucht","","","","","","DE","","",""
"307145261923",HP EliteBook 840 G6 i5-8365U 32 GB 2000 GB SSD 14 Zoll Win11 Pro,,18726210487,"10","FIXED_PRICE","EUR",555.0,,,555.0,"0","","","Aug-25-26 03:26:55 PDT","Sep-25-26 03:26:55 PDT","PC Notebooks & Netbooks","177","","","Gebraucht","","","","","","DE","","",""
"307145261928",HP EliteBook 840 G6 i5-8365U 8 GB 256 GB SSD 14 Zoll Win11 Pro,,16974667118,"10","FIXED_PRICE","EUR",229.0,,,229.0,"0","","","Aug-25-26 03:26:55 PDT","Sep-25-26 03:26:55 PDT","PC Notebooks & Netbooks","177","","","Gebraucht","","","","","","DE","","",""
"307145261929",HP EliteBook 840 G6 i5-8365U 8 GB 256 GB SSD 14 Zoll Win11 Pro,,18589767879,"10","FIXED_PRICE","EUR",206.0,,,206.0,"0","","","Aug-25-26 03:26:55 PDT","Sep-25-26 03:26:55 PDT","PC Notebooks & Netbooks","177","","","Gebraucht","","","","","","DE","","",""
"307145261933","HP EliteBook 850 G6 i7-8650U 8 GB 960 GB SSD 15,6 Zoll Win10 Pro",,17376915232,"10","FIXED_PRICE","EUR",404.0,,,404.0,"0","","","Aug-25-26 03:26:55 PDT","Sep-25-26 03:26:55 PDT","PC Notebooks & Netbooks","177","","","Gebraucht","","","","","","DE","","",""
"307145261934","HP EliteBook 850 G6 i7-8650U 16 GB 960 GB SSD 15,6 Zoll Win10 Pro",,17376887104,"10","FIXED_PRICE","EUR",450.0,,,450.0,"0","","","Aug-25-26 03:26:55 PDT","Sep-25-26 03:26:55 PDT","PC Notebooks & Netbooks","177","","","Gebraucht","","","","","","DE","","",""
"307145261935","HP EliteBook 850 G6 i7-8650U 8 GB 256 GB SSD 15,6 Zoll Win10 Pro",,16639542933,"10","FIXED_PRICE","EUR",288.0,,,288.0,"0","","","Aug-25-26 03:26:55 PDT","Sep-25-26 03:26:55 PDT","PC Notebooks & Netbooks","177","","","Gebraucht","","","","","","DE","","",""
"307145261936","HP EliteBook 850 G6 i7-8650U 32 GB 960 GB SSD 15,6 Zoll Win10 Pro",,17376890404,"10","FIXED_PRICE","EUR",531.0,,,531.0,"0","","","Aug-25-26 03:26:55 PDT","Sep-25-26 03:26:55 PDT","PC Notebooks & Netbooks","177","","","Gebraucht","","","","","","DE","","",""
"307145261938","HP EliteBook 850 G6 i7-8650U 32 GB 480 GB SSD 15,6 Zoll Win10 Pro",,17376895871,"10","FIXED_PRICE","EUR",450.0,,,450.0,"0","","","Aug-25-26 03:26:55 PDT","Sep-25-26 03:26:55 PDT","PC Notebooks & Netbooks","177","","","Gebraucht","","","","","","DE","","",""
"307145261939","HP EliteBook 850 G6 i7-8650U 16 GB 480 GB SSD 15,6 Zoll Win10 Pro",,17376880123,"10","FIXED_PRICE","EUR",369.0,,,369.0,"0","","","Aug-25-26 03:26:56 PDT","Sep-25-26 03:26:56 PDT","PC Notebooks & Netbooks","177","","","Gebraucht","","","","","","DE","","",""
"307145261940","HP EliteBook 850 G6 i7-8650U 8 GB 480 GB SSD 15,6 Zoll Win10 Pro",,17376901449,"10","FIXED_PRICE","EUR",322.0,,,322.0,"0","","","Aug-25-26 03:26:56 PDT","Sep-25-26 03:26:56 PDT","PC Notebooks & Netbooks","177","","","Gebraucht","","","","","","DE","","",""
"307145261943","Dell Latitude 5500 i5-8365U 16 GB 512 GB SSD 15,6 Zoll Win11 Pro",,18560675168,"10","FIXED_PRICE","EUR",334.0,,,334.0,"0","","","Aug-25-26 03:26:56 PDT","Sep-25-26 03:26:56 PDT","PC Notebooks & Netbooks","177","","","Gebraucht","","","","","","DE","","",""
"307145261945","HP EliteBook 850 G6 i7-8650U 32 GB 1000 GB SSD 15,6 Zoll Win11 Pro",,17376924431,"10","FIXED_PRICE","EUR",555.0,,,555.0,"0","","","Aug-25-26 03:26:56 PDT","Sep-25-26 03:26:56 PDT","PC Notebooks & Netbooks","177","","","Gebraucht","","","","","","DE","","",""
"307145261946","Dell Latitude 5500 i5-8365U 32 GB 512 GB SSD 15,6 Zoll Win11 Pro",,18560679089,"10","FIXED_PRICE","EUR",415.0,,,415.0,"0","","","Aug-25-26 03:26:56 PDT","Sep-25-26 03:26:56 PDT","PC Notebooks & Netbooks","177","","","Gebraucht","","","","","","DE","","",""
"307145261947","Dell Latitude 5500 i5-8365U 16 GB 256 GB SSD 15,6 Zoll Win11 Pro",,18560568436,"10","FIXED_PRICE","EUR",299.0,,,299.0,"0","","","Aug-25-26 03:26:56 PDT","Sep-25-26 03:26:56 PDT","PC Notebooks & Netbooks","177","","","Gebraucht","","","","","","DE","","",""
"307145261948","Dell Latitude 5500 i5-8365U 16 GB 256 GB SSD 15,6 Zoll Win11 Pro",,18561437107,"10","FIXED_PRICE","EUR",323.0,,,323.0,"0","","","Aug-25-26 03:26:56 PDT","Sep-25-26 03:26:56 PDT","PC Notebooks & Netbooks","177","","","Gebraucht","","","","","","DE","","",""
"307145261952",HP EliteBook 845 G8 Ryzen 5 PRO 5650U 16 GB 256 GB SSD 14 Zoll Win10 Pro,,18418929132,"10","FIXED_PRICE","EUR",366.0,,,366.0,"0","","","Aug-25-26 03:26:56 PDT","Sep-25-26 03:26:56 PDT","PC Notebooks & Netbooks","177","","","Gebraucht","","","","","","DE","","",""
"307145261953","HP EliteBook 850 G6 i7-8650U 8 GB 256 GB SSD 15,6 Zoll Win11 Pro",,10400,"10","FIXED_PRICE","EUR",288.0,,,288.0,"0","","","Aug-25-26 03:26:56 PDT","Sep-25-26 03:26:56 PDT","PC Notebooks & Netbooks","177","","","Gebraucht","","","","","","DE","","",""
"307145261956","HP EliteBook 850 G6 i7-8650U 8 GB 256 GB SSD 15,6 Zoll Win11 Pro",,17574484462,"10","FIXED_PRICE","EUR",311.0,,,311.0,"0","","","Aug-25-26 03:26:56 PDT","Sep-25-26 03:26:56 PDT","PC Notebooks & Netbooks","177","","","Gebraucht","","","","","","DE","","",""
"307145261958","Lenovo ThinkPad E15 Gen 2 i5-1135G7 16 GB 2 TB SSD 15,6 Zoll Win11 Pro",,4553_20260504135333,"10","FIXED_PRICE","EUR",589.0,,,589.0,"0","","","Aug-25-26 03:26:56 PDT","Sep-25-26 03:26:56 PDT","PC Notebooks & Netbooks","177","","","Gebraucht","","","","","","DE","","",""
"307145261959","Lenovo ThinkPad E15 Gen 2 i5-1135G7 32 GB 1 TB SSD 15,6 Zoll Win11 Pro",,4553_20260504135712,"10","FIXED_PRICE","EUR",578.0,,,578.0,"0","","","Aug-25-26 03:26:56 PDT","Sep-25-26 03:26:56 PDT","PC Notebooks & Netbooks","177","","","Gebraucht","","","","","","DE","","",""
"307145261960",HP EliteBook 840 G6 i5-8365U 32 GB 1 TB SSD 14 Zoll Win11 Pro,,3832_20260515090057,"10","FIXED_PRICE","EUR",473.0,,,473.0,"0","","","Aug-25-26 03:26:56 PDT","Sep-25-26 03:26:56 PDT","PC Notebooks & Netbooks","177","","","Gebraucht","","","","","","DE","","",""
"307145261962",HP EliteBook 840 G6 i5-8365U 32 GB 500 GB SSD 14 Zoll Win11 Pro,,4542_20260515092743,"10","FIXED_PRICE","EUR",369.0,,,369.0,"0","","","Aug-25-26 03:26:56 PDT","Sep-25-26 03:26:56 PDT","PC Notebooks & Netbooks","177","","","Gebraucht","","","","","","DE","","",""
"307145261966","HP EliteBook 850 G6 i7-8650U 32 GB 500 GB SSD 15,6 Zoll Win11 Pro",,10400_20260723071439,"10","FIXED_PRICE","EUR",450.0,,,450.0,"0","","","Aug-25-26 03:26:56 PDT","Sep-25-26 03:26:56 PDT","PC Notebooks & Netbooks","177","","","Gebraucht","","","","","","DE","","",""
"307145261967",HP EliteBook 845 G8 Ryzen 5 PRO 5650U 8 GB 960 GB SSD 14 Zoll Win10 Pro,,17619048201,"10","FIXED_PRICE","EUR",404.0,,,404.0,"0","","","Aug-25-26 03:26:56 PDT","Sep-25-26 03:26:56 PDT","PC Notebooks & Netbooks","177","","","Gebraucht","","","","","","DE","","",""
"307145261968",HP EliteBook 845 G8 Ryzen 5 PRO 5650U 16 GB 960 GB SSD 14 Zoll Win10 Pro,,17619053272,"10","FIXED_PRICE","EUR",450.0,,,450.0,"0","","","Aug-25-26 03:26:56 PDT","Sep-25-26 03:26:56 PDT","PC Notebooks & Netbooks","177","","","Gebraucht","","","","","","DE","","",""
"307145261969",HP EliteBook 845 G8 Ryzen 5 PRO 5650U 32 GB 480 GB SSD 14 Zoll Win10 Pro,,17619065501,"10","FIXED_PRICE","EUR",450.0,,,450.0,"0","","","Aug-25-26 03:26:56 PDT","Sep-25-26 03:26:56 PDT","PC Notebooks & Netbooks","177","","","Gebraucht","","","","","","DE","","",""
"307145261970",HP EliteBook 845 G8 Ryzen 5 PRO 5650U 8 GB 256 GB SSD 14 Zoll Win10 Pro,,18418837053,"10","FIXED_PRICE","EUR",313.0,,,313.0,"0","","","Aug-25-26 03:26:56 PDT","Sep-25-26 03:26:56 PDT","PC Notebooks & Netbooks","177","","","Gebraucht","","","","","","DE","","",""
"307145261971",HP EliteBook 845 G8 Ryzen 5 PRO 5650U 16 GB 500 GB SSD 14 Zoll Win10 Pro,,18418932124,"10","FIXED_PRICE","EUR",404.0,,,404.0,"0","","","Aug-25-26 03:26:56 PDT","Sep-25-26 03:26:56 PDT","PC Notebooks & Netbooks","177","","","Gebraucht","","","","","","DE","","",""
"307145261972","Lenovo Thinkpad E15 Gen 2 i5 11gen i5-1135G7 16 GB 1000 GB SSD 15,6 Zoll Win11",,18560328503,"10","FIXED_PRICE","EUR",508.0,,,508.0,"0","","","Aug-25-26 03:26:56 PDT","Sep-25-26 03:26:56 PDT","PC Notebooks & Netbooks","177","","","Gebraucht","","","","","","DE","","",""
"307145261975",HP EliteBook 840 G6 i5-8365U 8 GB 256 GB SSD 14 Zoll Win11 Pro,,4542,"10","FIXED_PRICE","EUR",206.0,,,206.0,"0","","","Aug-25-26 03:26:56 PDT","Sep-25-26 03:26:56 PDT","PC Notebooks & Netbooks","177","","","Gebraucht","","","","","","DE","","",""
"307145261976",HP EliteBook 840 G6 i5-8365U 8 GB 256 GB SSD 14 Zoll Win11 Pro,,3832,"10","FIXED_PRICE","EUR",229.0,,,229.0,"0","","","Aug-25-26 03:26:56 PDT","Sep-25-26 03:26:56 PDT","PC Notebooks & Netbooks","177","","","Gebraucht","","","","","","DE","","",""
"307145261977","HP EliteBook 850 G6 i5-8365U 8 GB 256 GB SSD 15,6 Zoll Win11 Pro",,16232396031_20260326092022,"10","FIXED_PRICE","EUR",253.0,,,253.0,"0","","","Aug-25-26 03:26:56 PDT","Sep-25-26 03:26:56 PDT","PC Notebooks & Netbooks","177","","","Gebraucht","","","","","","DE","","",""
"307145261979","HP EliteBook 850 G6 i5-8365U 16 GB 500 GB SSD 15,6 Zoll Win11 Pro",,16232396031_20260723070515,"10","FIXED_PRICE","EUR",334.0,,,334.0,"0","","","Aug-25-26 03:26:56 PDT","Sep-25-26 03:26:56 PDT","PC Notebooks & Netbooks","177","","","Gebraucht","","","","","","DE","","",""
"307145261980",HP EliteBook 840 G6 i5-8365U 16 GB 500 GB SSD 14 Zoll Win11 Pro,,3832_20260515085807,"10","FIXED_PRICE","EUR",311.0,,,311.0,"0","","","Aug-25-26 03:26:56 PDT","Sep-25-26 03:26:56 PDT","PC Notebooks & Netbooks","177","","","Gebraucht","","","","","","DE","","",""
"307145261981","HP EliteBook 850 G6 i7-8650U 16 GB 500 GB SSD 15,6 Zoll Win11 Pro",,17574484462_20260723071213,"10","FIXED_PRICE","EUR",392.0,,,392.0,"0","","","Aug-25-26 03:26:56 PDT","Sep-25-26 03:26:56 PDT","PC Notebooks & Netbooks","177","","","Gebraucht","","","","","","DE","","",""
"307145261988","HP EliteBook 850 G6 i5-8365U 8 GB 256 GB SSD 15,6 Zoll Win11 Pro",,16232396031_20260326091827,"10","FIXED_PRICE","EUR",276.0,,,276.0,"0","","","Aug-25-26 03:26:56 PDT","Sep-25-26 03:26:56 PDT","PC Notebooks & Netbooks","177","","","Gebraucht","","","","","","DE","","",""
"307145261989",HP EliteBook 845 G8 Ryzen 5 PRO 5650U 8 GB 480 GB SSD 14 Zoll Win10 Pro,,17619042863,"10","FIXED_PRICE","EUR",322.0,,,322.0,"0","","","Aug-25-26 03:26:56 PDT","Sep-25-26 03:26:56 PDT","PC Notebooks & Netbooks","177","","","Gebraucht","","","","","","DE","","",""
"307145261994",HP EliteBook 845 G8 Ryzen 5 PRO 5650U 32 GB 500 GB SSD 14 Zoll Win10 Pro,,18418940182,"10","FIXED_PRICE","EUR",485.0,,,485.0,"0","","","Aug-25-26 03:26:56 PDT","Sep-25-26 03:26:56 PDT","PC Notebooks & Netbooks","177","","","Gebraucht","","","","","","DE","","",""
"307145261995",HP EliteBook 845 G8 Ryzen 5 PRO 5650U 16 GB 480 GB SSD 14 Zoll Win10 Pro,,17619055916,"10","FIXED_PRICE","EUR",369.0,,,369.0,"0","","","Aug-25-26 03:26:56 PDT","Sep-25-26 03:26:56 PDT","PC Notebooks & Netbooks","177","","","Gebraucht","","","","","","DE","","",""
"307145261998",HP EliteBook 845 G8 Ryzen 5 PRO 5650U 32 GB 256 GB SSD 14 Zoll Win10 Pro,,17619062218,"10","FIXED_PRICE","EUR",415.0,,,415.0,"0","","","Aug-25-26 03:26:56 PDT","Sep-25-26 03:26:56 PDT","PC Notebooks & Netbooks","177","","","Gebraucht","","","","","","DE","","",""
"307145262001",HP EliteBook 845 G8 Ryzen 5 PRO 5650U 32 GB 960 GB SSD 14 Zoll Win10 Pro,,17619068356,"10","FIXED_PRICE","EUR",531.0,,,531.0,"0","","","Aug-25-26 03:26:57 PDT","Sep-25-26 03:26:57 PDT","PC Notebooks & Netbooks","177","","","Gebraucht","","","","","","DE","","",""
"307145262002",HP EliteBook 845 G8 Ryzen 5 PRO 5650U 16 GB 256 GB SSD 14 Zoll Win10 Pro,,17619059662,"10","FIXED_PRICE","EUR",334.0,,,334.0,"0","","","Aug-25-26 03:26:57 PDT","Sep-25-26 03:26:57 PDT","PC Notebooks & Netbooks","177","","","Gebraucht","","","","","","DE","","",""
"307145262003",HP EliteBook 845 G8 Ryzen 5 PRO 5650U 16 GB 1024 GB SSD 14 Zoll Win11 Pro,,18468721441,"10","FIXED_PRICE","EUR",450.0,,,450.0,"0","","","Aug-25-26 03:26:57 PDT","Sep-25-26 03:26:57 PDT","PC Notebooks & Netbooks","177","","","Gebraucht","","","","","","DE","","",""
"307145262006",HP EliteBook 845 G8 Ryzen 5 PRO 5650U 32 GB 256 GB SSD 14 Zoll Win11 Pro,,17618895854_20260303112909,"10","FIXED_PRICE","EUR",369.0,,,369.0,"0","","","Aug-25-26 03:26:57 PDT","Sep-25-26 03:26:57 PDT","PC Notebooks & Netbooks","177","","","Gebraucht","","","","","","DE","","",""
"307145262009",HP EliteBook 845 G8 Ryzen 5 PRO 5650U 8 GB 256 GB SSD 14 Zoll Win11 Pro,,17618895854,"10","FIXED_PRICE","EUR",241.0,,,241.0,"0","","","Aug-25-26 03:26:57 PDT","Sep-25-26 03:26:57 PDT","PC Notebooks & Netbooks","177","","","Gebraucht","","","","","","DE","","",""
"307145262010",HP EliteBook 845 G8 Ryzen 5 PRO 5650U 32 GB 500 GB SSD 14 Zoll Win11 Pro,,17618878712_20260430121402,"10","FIXED_PRICE","EUR",450.0,,,450.0,"0","","","Aug-25-26 03:26:57 PDT","Sep-25-26 03:26:57 PDT","PC Notebooks & Netbooks","177","","","Gebraucht","","","","","","DE","","",""
"307145262011",HP EliteBook 845 G8 Ryzen 5 PRO 5650U 16 GB 480 GB SSD 14 Zoll Win11 Pro,,17618895854_20260430121942,"10","FIXED_PRICE","EUR",322.0,,,322.0,"0","","","Aug-25-26 03:26:57 PDT","Sep-25-26 03:26:57 PDT","PC Notebooks & Netbooks","177","","","Gebraucht","","","","","","DE","","",""
"307145262013","Lenovo ThinkPad E15 Gen 2 i5-1135G7 16 GB 480 GB SSD 15,6 Zoll Win11 Pro",,4553_20260504140748,"10","FIXED_PRICE","EUR",380.0,,,380.0,"0","","","Aug-25-26 03:26:57 PDT","Sep-25-26 03:26:57 PDT","PC Notebooks & Netbooks","177","","","Gebraucht","","","","","","DE","","",""
"307145262014",HP EliteBook 845 G8 Ryzen 5 PRO 5650U 8 GB 256 GB SSD 14 Zoll Win11 Pro,,17618878712,"10","FIXED_PRICE","EUR",287.0,,,287.0,"0","","","Aug-25-26 03:26:57 PDT","Sep-25-26 03:26:57 PDT","PC Notebooks & Netbooks","177","","","Gebraucht","","","","","","DE","","",""
"307145262017","Lenovo ThinkPad E15 Gen 2 i5-1135G7 8 GB 256 GB SSD 15,6 Zoll Win11 Pro",,4553_20260216084009,"10","FIXED_PRICE","EUR",299.0,,,299.0,"0","","","Aug-25-26 03:26:57 PDT","Sep-25-26 03:26:57 PDT","PC Notebooks & Netbooks","177","","","Gebraucht","","","","","","DE","","",""
"307145262020","Lenovo Thinkpad E15 Gen 2 i5 11gen i5-1135G7 32 GB 1000 GB SSD 15,6 Zoll Win11",,18560332764,"10","FIXED_PRICE","EUR",624.0,,,624.0,"0","","","Aug-25-26 03:26:57 PDT","Sep-25-26 03:26:57 PDT","PC Notebooks & Netbooks","177","","","Gebraucht","","","","","","DE","","",""
"307145262023",Lenovo ThinkPad T14 Gen1 Ryzen 5 PRO 4650U 8 GB 256 GB SSD 14 Zoll Win11 Pro,,18528020967,"10","FIXED_PRICE","EUR",247.0,,,247.0,"0","","","Aug-25-26 03:26:57 PDT","Sep-25-26 03:26:57 PDT","PC Notebooks & Netbooks","177","","","Gebraucht","","","","","","DE","","",""
"307145262024",Lenovo ThinkPad T480 i5-8350U 8 GB 256 GB SSD 14 Zoll Win11 Pro,,4579,"10","FIXED_PRICE","EUR",253.0,,,253.0,"0","","","Aug-25-26 03:26:57 PDT","Sep-25-26 03:26:57 PDT","PC Notebooks & Netbooks","177","","","Gebraucht","","","","","","DE","","",""
"307145262025","Toshiba Toshiba Tecra A50-J i5-1135G7 8 GB 256 GB SSD 15,6 Zoll Win10 Pro",,17388429809,"10","FIXED_PRICE","EUR",322.0,,,322.0,"0","","","Aug-25-26 03:26:57 PDT","Sep-25-26 03:26:57 PDT","PC Notebooks & Netbooks","177","","","Gebraucht","","","","","","DE","","",""
"307145262027","Toshiba Toshiba Tecra A50-J i5-1135G7 16 GB 480 GB SSD 15,6 Zoll Win10 Pro",,17388472080,"10","FIXED_PRICE","EUR",332.0,,,332.0,"0","","","Aug-25-26 03:26:57 PDT","Sep-25-26 03:26:57 PDT","PC Notebooks & Netbooks","177","","","Gebraucht","","","","","","DE","","",""
"307145262028","Toshiba Toshiba Tecra A50-J i5-1135G7 32 GB 960 GB SSD 15,6 Zoll Win10 Pro",,17388483049,"10","FIXED_PRICE","EUR",413.0,,,413.0,"0","","","Aug-25-26 03:26:57 PDT","Sep-25-26 03:26:57 PDT","PC Notebooks & Netbooks","177","","","Gebraucht","","","","","","DE","","",""
"307145262029","Toshiba Toshiba Tecra A50-J i5-1135G7 32 GB 256 GB SSD 15,6 Zoll Win10 Pro",,17388478412,"10","FIXED_PRICE","EUR",355.0,,,355.0,"0","","","Aug-25-26 03:26:57 PDT","Sep-25-26 03:26:57 PDT","PC Notebooks & Netbooks","177","","","Gebraucht","","","","","","DE","","",""
"307145262030","Toshiba Toshiba Tecra A50-J i5-1135G7 16 GB 256 GB SSD 15,6 Zoll Win10 Pro",,17388484670,"10","FIXED_PRICE","EUR",350.0,,,350.0,"0","","","Aug-25-26 03:26:57 PDT","Sep-25-26 03:26:57 PDT","PC Notebooks & Netbooks","177","","","Gebraucht","","","","","","DE","","",""
"307145262031","Toshiba Toshiba Tecra A50-J i5-1135G7 16 GB 480 GB SSD 15,6 Zoll Win10 Pro",,17388491282,"10","FIXED_PRICE","EUR",378.0,,,378.0,"0","","","Aug-25-26 03:26:57 PDT","Sep-25-26 03:26:57 PDT","PC Notebooks & Netbooks","177","","","Gebraucht","","","","","","DE","","",""
"307145262032","Toshiba Toshiba Tecra A50-J i5-1135G7 32 GB 256 GB SSD 15,6 Zoll Win10 Pro",,17388502509,"10","FIXED_PRICE","EUR",401.0,,,401.0,"0","","","Aug-25-26 03:26:57 PDT","Sep-25-26 03:26:57 PDT","PC Notebooks & Netbooks","177","","","Gebraucht","","","","","","DE","","",""
"307145262033","Toshiba Toshiba Tecra A50-J i5-1135G7 32 GB 480 GB SSD 15,6 Zoll Win10 Pro",,17388504693,"10","FIXED_PRICE","EUR",429.0,,,429.0,"0","","","Aug-25-26 03:26:57 PDT","Sep-25-26 03:26:57 PDT","PC Notebooks & Netbooks","177","","","Gebraucht","","","","","","DE","","",""
"307145262035","Toshiba Toshiba Tecra A50-J i5-1135G7 32 GB 960 GB SSD 15,6 Zoll Win10 Pro",,17388511105,"10","FIXED_PRICE","EUR",459.0,,,459.0,"0","","","Aug-25-26 03:26:57 PDT","Sep-25-26 03:26:57 PDT","PC Notebooks & Netbooks","177","","","Gebraucht","","","","","","DE","","",""
"307145262036",Lenovo ThinkPad T14 Gen 1 Ryzen 5 PRO 4650U 24 GB 1 TB SSD 14 Zoll Win11 Pro,,3888_20260526090158,"10","FIXED_PRICE","EUR",410.0,,,410.0,"0","","","Aug-25-26 03:26:57 PDT","Sep-25-26 03:26:57 PDT","PC Notebooks & Netbooks","177","","","Gebraucht","","","","","","DE","","",""
"307145262037","Toshiba Toshiba Tecra A50-J i5-1135G7 16 GB 256 GB SSD 15,6 Zoll Win10 Pro",,17388461194,"10","FIXED_PRICE","EUR",304.0,,,304.0,"0","","","Aug-25-26 03:26:57 PDT","Sep-25-26 03:26:57 PDT","PC Notebooks & Netbooks","177","","","Gebraucht","","","","","","DE","","",""
"307145262038","Toshiba Toshiba Tecra A50-J i5-1135G7 16 GB 960 GB SSD 15,6 Zoll Win10 Pro",,17388500905,"10","FIXED_PRICE","EUR",408.0,,,408.0,"0","","","Aug-25-26 03:26:57 PDT","Sep-25-26 03:26:57 PDT","PC Notebooks & Netbooks","177","","","Gebraucht","","","","","","DE","","",""
"307145262039","Toshiba Toshiba Tecra A50-J i5-1135G7 8 GB 256 GB SSD 15,6 Zoll Win10 Pro",,17388309317,"10","FIXED_PRICE","EUR",276.0,,,276.0,"0","","","Aug-25-26 03:26:57 PDT","Sep-25-26 03:26:57 PDT","PC Notebooks & Netbooks","177","","","Gebraucht","","","","","","DE","","",""
"307145262040","Toshiba Toshiba Tecra A50-J i5-1135G7 16 GB 960 GB SSD 15,6 Zoll Win10 Pro",,17388475314,"10","FIXED_PRICE","EUR",362.0,,,362.0,"0","","","Aug-25-26 03:26:57 PDT","Sep-25-26 03:26:57 PDT","PC Notebooks & Netbooks","177","","","Gebraucht","","","","","","DE","","",""
"307145262042","Toshiba Toshiba Tecra A50-J i5-1135G7 32 GB 480 GB SSD 15,6 Zoll Win10 Pro",,17388481471,"10","FIXED_PRICE","EUR",383.0,,,383.0,"0","","","Aug-25-26 03:26:57 PDT","Sep-25-26 03:26:57 PDT","PC Notebooks & Netbooks","177","","","Gebraucht","","","","","","DE","","",""
"307145262043","Dell Latitude 5500 i5-8265U 8 GB 256 GB SSD 15,6 Zoll Win11 Pro",,17571717043,"10","FIXED_PRICE","EUR",229.0,,,229.0,"0","","","Aug-25-26 03:26:57 PDT","Sep-25-26 03:26:57 PDT","PC Notebooks & Netbooks","177","","","Gebraucht","","","","","","DE","","",""
"307145262045","Toshiba Dynabook Tecra A50-J i5-1135G7 8 GB 256 GB SSD 15,6 Zoll Win11 Pro",,10403,"10","FIXED_PRICE","EUR",369.0,,,369.0,"0","","","Aug-25-26 03:26:57 PDT","Sep-25-26 03:26:57 PDT","PC Notebooks & Netbooks","177","","","Gebraucht","","","","","","DE","","",""
"307145262047",Lenovo ThinkPad T14 Gen1 Ryzen 5 PRO 4650U 8 GB 256 GB SSD 14 Zoll Win11 Pro,,18528012798,"10","FIXED_PRICE","EUR",224.0,,,224.0,"0","","","Aug-25-26 03:26:57 PDT","Sep-25-26 03:26:57 PDT","PC Notebooks & Netbooks","177","","","Gebraucht","","","","","","DE","","",""
"307145262048",Lenovo ThinkPad T490 i5-8265U 16 GB 480 GB SSD 14 Zoll Win10 Pro,,16115725406,"10","FIXED_PRICE","EUR",332.0,,,332.0,"0","","","Aug-25-26 03:26:57 PDT","Sep-25-26 03:26:57 PDT","PC Notebooks & Netbooks","177","","","Gebraucht","","","","","","DE","","",""
"307145262050",Lenovo ThinkPad T14 Gen 1 Ryzen 5 PRO 4650U 24 GB 500 GB SSD 14 Zoll Win11 Pro,,3888_20260526083738,"10","FIXED_PRICE","EUR",352.0,,,352.0,"0","","","Aug-25-26 03:26:57 PDT","Sep-25-26 03:26:57 PDT","PC Notebooks & Netbooks","177","","","Gebraucht","","","","","","DE","","",""
"307145262051",Lenovo ThinkPad T480 fhd i5-8350U 16 GB 480 GB SSD 14 Zoll Win11 Pro,,18660556147,"10","FIXED_PRICE","EUR",311.0,,,311.0,"0","","","Aug-25-26 03:26:57 PDT","Sep-25-26 03:26:57 PDT","PC Notebooks & Netbooks","177","","","Gebraucht","","","","","","DE","","",""
"307145262052","Lenovo ThinkPad T15 Gen 1 i5-10210U 16 GB 256 GB SSD 15,6 Zoll Win11 Pro",,17496877602,"10","FIXED_PRICE","EUR",380.0,,,380.0,"0","","","Aug-25-26 03:26:57 PDT","Sep-25-26 03:26:57 PDT","PC Notebooks & Netbooks","177","","","Gebraucht","","","","","","DE","","",""
"307145262053",Lenovo ThinkPad T480 fhd i5-8350U 32 GB 1000 GB SSD 14 Zoll Win11 Pro,,18660639414,"10","FIXED_PRICE","EUR",474.0,,,474.0,"0","","","Aug-25-26 03:26:57 PDT","Sep-25-26 03:26:57 PDT","PC Notebooks & Netbooks","177","","","Gebraucht","","","","","","DE","","",""
"307145262054","Lenovo ThinkPad T15 Gen1 i5-10210U 16 GB 256 GB SSD 15,6 Zoll Win11 Pro",,17622086782,"10","FIXED_PRICE","EUR",346.0,,,346.0,"0","","","Aug-25-26 03:26:58 PDT","Sep-25-26 03:26:58 PDT","PC Notebooks & Netbooks","177","","","Gebraucht","","","","","","DE","","",""
"307145262057",HP EliteBook 840 G8 i5-1145G7 16 GB 256 GB SSD 14 Zoll Win11 Pro,,17629721417,"10","FIXED_PRICE","EUR",327.0,,,327.0,"0","","","Aug-25-26 03:26:58 PDT","Sep-25-26 03:26:58 PDT","PC Notebooks & Netbooks","177","","","Gebraucht","","","","","","DE","","",""
"307145262058",HP EliteBook 840 G3 i5-6300U 8 GB 240/256 GB SSD 14 Zoll Win11 Pro,,5669_20260413101921,"10","FIXED_PRICE","EUR",194.0,,,194.0,"0","","","Aug-25-26 03:26:58 PDT","Sep-25-26 03:26:58 PDT","PC Notebooks & Netbooks","177","","","Gebraucht","","","","","","DE","","",""
"307145262059",HP ZBook 14u G5 i5-7200U 32 GB 256 GB SSD 14 Zoll Win10 Pro,,15615686905,"10","FIXED_PRICE","EUR",418.0,,,418.0,"0","","","Aug-25-26 03:26:58 PDT","Sep-25-26 03:26:58 PDT","PC Notebooks & Netbooks","177","","","Gebraucht","","","","","","DE","","",""
"307145262060",HP ProBook 440 G6 i5-8265U 32 GB 480 GB SSD 14 Zoll Win11 Pro,,3939_20260415081208,"10","FIXED_PRICE","EUR",346.0,,,346.0,"0","","","Aug-25-26 03:26:58 PDT","Sep-25-26 03:26:58 PDT","PC Notebooks & Netbooks","177","","","Gebraucht","","","","","","DE","","",""
"307145262062",HP ZBook 14u G5 i5-7200U 16 GB 960 GB SSD 14 Zoll Win10 Pro,,15615818025,"10","FIXED_PRICE","EUR",431.0,,,431.0,"0","","","Aug-25-26 03:26:58 PDT","Sep-25-26 03:26:58 PDT","PC Notebooks & Netbooks","177","","","Gebraucht","","","","","","DE","","",""
"307145262063",HP ZBook 14u G5 i5-7200U 16 GB 256 GB SSD 14 Zoll Win10 Pro,,15615738508,"10","FIXED_PRICE","EUR",339.0,,,339.0,"0","","","Aug-25-26 03:26:58 PDT","Sep-25-26 03:26:58 PDT","PC Notebooks & Netbooks","177","","","Gebraucht","","","","","","DE","","",""
"307145262064",HP ZBook 14u G5 i5-7200U 32 GB 480 GB SSD 14 Zoll Win10 Pro,,15615831762,"10","FIXED_PRICE","EUR",457.0,,,457.0,"0","","","Aug-25-26 03:26:58 PDT","Sep-25-26 03:26:58 PDT","PC Notebooks & Netbooks","177","","","Gebraucht","","","","","","DE","","",""
"307145262065",Lenovo ThinkPad T490 i5-8265U 32 GB 960 GB SSD 14 Zoll Win10 Pro,,16115738995,"10","FIXED_PRICE","EUR",413.0,,,413.0,"0","","","Aug-25-26 03:26:58 PDT","Sep-25-26 03:26:58 PDT","PC Notebooks & Netbooks","177","","","Gebraucht","","","","","","DE","","",""
"307145262066",HP ProBook 440 G6 i5-8265U 16 GB 256 GB SSD 14 Zoll Win11 Pro,,17757645965,"10","FIXED_PRICE","EUR",246.0,,,246.0,"0","","","Aug-25-26 03:26:58 PDT","Sep-25-26 03:26:58 PDT","PC Notebooks & Netbooks","177","","","Gebraucht","","","","","","DE","","",""
"307145262067",HP ProBook 440 G6 i5-8265U 16 GB 480 GB SSD 14 Zoll Win11 Pro,,17757753341,"10","FIXED_PRICE","EUR",273.0,,,273.0,"0","","","Aug-25-26 03:26:58 PDT","Sep-25-26 03:26:58 PDT","PC Notebooks & Netbooks","177","","","Gebraucht","","","","","","DE","","",""
"307145262071",HP ProBook 440 G6 i5-8265U 16 GB 960 GB SSD 14 Zoll Win11 Pro,,17757766185,"10","FIXED_PRICE","EUR",304.0,,,304.0,"0","","","Aug-25-26 03:26:58 PDT","Sep-25-26 03:26:58 PDT","PC Notebooks & Netbooks","177","","","Gebraucht","","","","","","DE","","",""
"307145262074",HP ProBook 440 G6 i5-8265U 8 GB 256 GB SSD 14 Zoll Win11 Pro,,17757801582,"10","FIXED_PRICE","EUR",218.0,,,218.0,"0","","","Aug-25-26 03:26:58 PDT","Sep-25-26 03:26:58 PDT","PC Notebooks & Netbooks","177","","","Gebraucht","","","","","","DE","","",""
"307145262077",HP ProBook 440 G6 i5-8265U 32 GB 960 GB SSD+HDD 14 Zoll Win11 Pro,,17757777002,"10","FIXED_PRICE","EUR",355.0,,,355.0,"0","","","Aug-25-26 03:26:58 PDT","Sep-25-26 03:26:58 PDT","PC Notebooks & Netbooks","177","","","Gebraucht","","","","","","DE","","",""
"307145262079",HP ProBook 440 G6 i5-8265U 16 GB 960 GB SSD 14 Zoll Win11 Pro,,17757818480,"10","FIXED_PRICE","EUR",269.0,,,269.0,"0","","","Aug-25-26 03:26:58 PDT","Sep-25-26 03:26:58 PDT","PC Notebooks & Netbooks","177","","","Gebraucht","","","","","","DE","","",""
"307145262080",Dell Latitude 7490 i7-8650U 16 GB 960 GB SSD 14 Zoll Win10 Pro,,18043936483,"10","FIXED_PRICE","EUR",281.0,,,281.0,"0","","","Aug-25-26 03:26:58 PDT","Sep-25-26 03:26:58 PDT","PC Notebooks & Netbooks","177","","","Gebraucht","","","","","","DE","","",""
"307145262081",Lenovo ThinkPad T14 Gen1 Ryzen 5 PRO 4650U 16 GB 256 GB SSD 14 Zoll Win11 Pro,,18407489881,"10","FIXED_PRICE","EUR",247.0,,,247.0,"0","","","Aug-25-26 03:26:58 PDT","Sep-25-26 03:26:58 PDT","PC Notebooks & Netbooks","177","","","Gebraucht","","","","","","DE","","",""
"307145262087","HP EliteBook 850 G3 i5-6200U 8 GB 120 GB SSD 15,6 Zoll Win11 Pro",,18415577540,"10","FIXED_PRICE","EUR",173.0,,,173.0,"0","","","Aug-25-26 03:26:58 PDT","Sep-25-26 03:26:58 PDT","PC Notebooks & Netbooks","177","","","Gebraucht","","","","","","DE","","",""
"307145262089","HP EliteBook 850 G3 i5-6200U 16 GB 240 GB SSD 15,6 Zoll Win11 Pro",,18415623171,"10","FIXED_PRICE","EUR",229.0,,,229.0,"0","","","Aug-25-26 03:26:58 PDT","Sep-25-26 03:26:58 PDT","PC Notebooks & Netbooks","177","","","Gebraucht","","","","","","DE","","",""
"307145262091","HP EliteBook 850 G3 i5-6200U 16 GB 960 GB SSD 15,6 Zoll Win11 Pro",,18415745961,"10","FIXED_PRICE","EUR",346.0,,,346.0,"0","","","Aug-25-26 03:26:58 PDT","Sep-25-26 03:26:58 PDT","PC Notebooks & Netbooks","177","","","Gebraucht","","","","","","DE","","",""
"307145262093","HP EliteBook 850 G3 i5-6200U 16 GB 480 GB SSD 15,6 Zoll Win11 Pro",,18415634882,"10","FIXED_PRICE","EUR",264.0,,,264.0,"0","","","Aug-25-26 03:26:58 PDT","Sep-25-26 03:26:58 PDT","PC Notebooks & Netbooks","177","","","Gebraucht","","","","","","DE","","",""
"307145262098","HP EliteBook 850 G3 i5-6200U 32 GB 480 GB SSD 15,6 Zoll Win11 Pro",,18415781354,"10","FIXED_PRICE","EUR",346.0,,,346.0,"0","","","Aug-25-26 03:26:58 PDT","Sep-25-26 03:26:58 PDT","PC Notebooks & Netbooks","177","","","Gebraucht","","","","","","DE","","",""
"307145262099","HP EliteBook 850 G3 i5-6200U 32 GB 960 GB SSD 15,6 Zoll Win11 Pro",,18415778124,"10","FIXED_PRICE","EUR",427.0,,,427.0,"0","","","Aug-25-26 03:26:58 PDT","Sep-25-26 03:26:58 PDT","PC Notebooks & Netbooks","177","","","Gebraucht","","","","","","DE","","",""
"307145262102","Dell Latitude 5580 i5-7300U 16 GB 960 GB SSD 15,6 Zoll Win11 Pro",,18444694210,"10","FIXED_PRICE","EUR",364.0,,,364.0,"0","","","Aug-25-26 03:26:58 PDT","Sep-25-26 03:26:58 PDT","PC Notebooks & Netbooks","177","","","Gebraucht","","","","","","DE","","",""
"307145262103","Dell Latitude 5580 i5-7300U 16 GB 480 GB SSD 15,6 Zoll Win11 Pro",,18444691869,"10","FIXED_PRICE","EUR",282.0,,,282.0,"0","","","Aug-25-26 03:26:58 PDT","Sep-25-26 03:26:58 PDT","PC Notebooks & Netbooks","177","","","Gebraucht","","","","","","DE","","",""
"307145262104","Dell Latitude 5580 i5-7300U 32 GB 480 GB SSD 15,6 Zoll Win11 Pro",,18444717652,"10","FIXED_PRICE","EUR",364.0,,,364.0,"0","","","Aug-25-26 03:26:58 PDT","Sep-25-26 03:26:58 PDT","PC Notebooks & Netbooks","177","","","Gebraucht","","","","","","DE","","",""
"307145262105","Dell Latitude 5580 i5-7300U 32 GB 256 GB SSD 15,6 Zoll Win11 Pro",,18444703850,"10","FIXED_PRICE","EUR",329.0,,,329.0,"0","","","Aug-25-26 03:26:58 PDT","Sep-25-26 03:26:58 PDT","PC Notebooks & Netbooks","177","","","Gebraucht","","","","","","DE","","",""
"307145262106","Dell Latitude 5580 i5-7300U 32 GB 960 GB SSD 15,6 Zoll Win11 Pro",,18444719991,"10","FIXED_PRICE","EUR",445.0,,,445.0,"0","","","Aug-25-26 03:26:58 PDT","Sep-25-26 03:26:58 PDT","PC Notebooks & Netbooks","177","","","Gebraucht","","","","","","DE","","",""
"307145262108","Dell Latitude 5580 i5-7300U 8 GB 256 GB SSD 15,6 Zoll Win10 Pro",,18444724239,"10","FIXED_PRICE","EUR",227.0,,,227.0,"0","","","Aug-25-26 03:26:58 PDT","Sep-25-26 03:26:58 PDT","PC Notebooks & Netbooks","177","","","Gebraucht","","","","","","DE","","",""
"307145262109","Dell Latitude 5580 i5-7300U 16 GB 256 GB SSD 15,6 Zoll Win10 Pro",,18444817182,"10","FIXED_PRICE","EUR",273.0,,,273.0,"0","","","Aug-25-26 03:26:58 PDT","Sep-25-26 03:26:58 PDT","PC Notebooks & Netbooks","177","","","Gebraucht","","","","","","DE","","",""
"307145262110","Dell Latitude 5580 i5-7300U 16 GB 480 GB SSD 15,6 Zoll Win10 Pro",,18444821562,"10","FIXED_PRICE","EUR",308.0,,,308.0,"0","","","Aug-25-26 03:26:58 PDT","Sep-25-26 03:26:58 PDT","PC Notebooks & Netbooks","177","","","Gebraucht","","","","","","DE","","",""
"307145262113","Dell Latitude 5580 i5-7300U 16 GB 960 GB SSD 15,6 Zoll Win10 Pro",,18444822872,"10","FIXED_PRICE","EUR",389.0,,,389.0,"0","","","Aug-25-26 03:26:58 PDT","Sep-25-26 03:26:58 PDT","PC Notebooks & Netbooks","177","","","Gebraucht","","","","","","DE","","",""
"307145262115","Dell Latitude 5580 i5-7300U 32 GB 256 GB SSD 15,6 Zoll Win11 Pro",,18444825737,"10","FIXED_PRICE","EUR",355.0,,,355.0,"0","","","Aug-25-26 03:26:58 PDT","Sep-25-26 03:26:58 PDT","PC Notebooks & Netbooks","177","","","Gebraucht","","","","","","DE","","",""
"307145262117","Dell Latitude 5580 i5-7300U 32 GB 480 GB SSD 15,6 Zoll Win11 Pro",,18444836298,"10","FIXED_PRICE","EUR",389.0,,,389.0,"0","","","Aug-25-26 03:26:59 PDT","Sep-25-26 03:26:59 PDT","PC Notebooks & Netbooks","177","","","Gebraucht","","","","","","DE","","",""
"307145262118",HP EliteBook 840 G3 i5-6300U 8 GB 240 GB SSD 14 Zoll Win11 Pro,,18496641500,"10","FIXED_PRICE","EUR",154.0,,,154.0,"0","","","Aug-25-26 03:26:59 PDT","Sep-25-26 03:26:59 PDT","PC Notebooks & Netbooks","177","","","Gebraucht","","","","","","DE","","",""
"307145262120","Dell Latitude 5580 i5-7300U 32 GB 960 GB SSD 15,6 Zoll Win11 Pro",,18444839065,"10","FIXED_PRICE","EUR",471.0,,,471.0,"0","","","Aug-25-26 03:26:59 PDT","Sep-25-26 03:26:59 PDT","PC Notebooks & Netbooks","177","","","Gebraucht","","","","","","DE","","",""
"307145262121",HP EliteBook 840 G3 i5-6300U 16 GB 960 GB SSD 14 Zoll Win11 Pro,,18496695385,"10","FIXED_PRICE","EUR",317.0,,,317.0,"0","","","Aug-25-26 03:26:59 PDT","Sep-25-26 03:26:59 PDT","PC Notebooks & Netbooks","177","","","Gebraucht","","","","","","DE","","",""
"307145262123",HP EliteBook 840 G3 i5-6300U 16 GB 480 GB SSD 14 Zoll Win11 Pro,,18496686238,"10","FIXED_PRICE","EUR",235.0,,,235.0,"0","","","Aug-25-26 03:26:59 PDT","Sep-25-26 03:26:59 PDT","PC Notebooks & Netbooks","177","","","Gebraucht","","","","","","DE","","",""
"307145262124",HP EliteBook 840 G3 i5-6300U 8 GB 128 GB SSD 14 Zoll Win11 Pro,,18496718015,"10","FIXED_PRICE","EUR",160.0,,,160.0,"0","","","Aug-25-26 03:26:59 PDT","Sep-25-26 03:26:59 PDT","PC Notebooks & Netbooks","177","","","Gebraucht","","","","","","DE","","",""
"307145262126",HP EliteBook 840 G3 i5-6300U 8 GB 240 GB SSD 14 Zoll Win11 Pro,,18496721858,"10","FIXED_PRICE","EUR",171.0,,,171.0,"0","","","Aug-25-26 03:26:59 PDT","Sep-25-26 03:26:59 PDT","PC Notebooks & Netbooks","177","","","Gebraucht","","","","","","DE","","",""
"307145262132",HP EliteBook 840 G3 i5-6300U 16 GB 240 GB SSD 14 Zoll Win11 Pro,,18496723396,"10","FIXED_PRICE","EUR",218.0,,,218.0,"0","","","Aug-25-26 03:26:59 PDT","Sep-25-26 03:26:59 PDT","PC Notebooks & Netbooks","177","","","Gebraucht","","","","","","DE","","",""
"307145262134",HP EliteBook 840 G3 i5-6300U 16 GB 480 GB SSD 14 Zoll Win11 Pro,,18496725785,"10","FIXED_PRICE","EUR",253.0,,,253.0,"0","","","Aug-25-26 03:26:59 PDT","Sep-25-26 03:26:59 PDT","PC Notebooks & Netbooks","177","","","Gebraucht","","","","","","DE","","",""
"307145262142",HP EliteBook 840 G3 i5-6300U 16 GB 960 GB SSD 14 Zoll Win11 Pro,,18496742868,"10","FIXED_PRICE","EUR",334.0,,,334.0,"0","","","Aug-25-26 03:26:59 PDT","Sep-25-26 03:26:59 PDT","PC Notebooks & Netbooks","177","","","Gebraucht","","","","","","DE","","",""
"307145262144",HP EliteBook 840 G3 i5-6300U 8 GB 240 GB SSD 14 Zoll Win11 Pro,,18496746167,"10","FIXED_PRICE","EUR",194.0,,,194.0,"0","","","Aug-25-26 03:26:59 PDT","Sep-25-26 03:26:59 PDT","PC Notebooks & Netbooks","177","","","Gebraucht","","","","","","DE","","",""
"307145262146",HP EliteBook 840 G3 i5-6300U 16 GB 480 GB SSD 14 Zoll Win11 Pro,,18496758847,"10","FIXED_PRICE","EUR",276.0,,,276.0,"0","","","Aug-25-26 03:26:59 PDT","Sep-25-26 03:26:59 PDT","PC Notebooks & Netbooks","177","","","Gebraucht","","","","","","DE","","",""
"307145262148",HP EliteBook 840 G3 i5-6300U 16 GB 960 GB SSD 14 Zoll Win11 Pro,,18496760342,"10","FIXED_PRICE","EUR",357.0,,,357.0,"0","","","Aug-25-26 03:26:59 PDT","Sep-25-26 03:26:59 PDT","PC Notebooks & Netbooks","177","","","Gebraucht","","","","","","DE","","",""
"307145262151",Dell Latitude 7490 i7-8650U 8 GB 128 GB SSD 14 Zoll Win10 Pro,,18680797158,"10","FIXED_PRICE","EUR",183.0,,,183.0,"0","","","Aug-25-26 03:26:59 PDT","Sep-25-26 03:26:59 PDT","PC Notebooks & Netbooks","177","","","Gebraucht","","","","","","DE","","",""
"307145262154",Lenovo ThinkPad T15 GEN1 i5-10210U 16 GB 256 GB SSD 15 Zoll Win11 Pro,,18830618521,"10","FIXED_PRICE","EUR",380.0,,,380.0,"0","","","Aug-25-26 03:26:59 PDT","Sep-25-26 03:26:59 PDT","PC Notebooks & Netbooks","177","","","Gebraucht","","","","","","DE","","",""
"307145461461",HP EliteBook 840 G7 i5-10210U 16 GB 256 GB SSD 14 Zoll Win11 Pro,,17002815088,"10","FIXED_PRICE","EUR",315.0,,,315.0,"0","","","Aug-25-26 05:47:13 PDT","Sep-25-26 05:47:13 PDT","PC Notebooks & Netbooks","177","","","Gebraucht","","","","","","DE","","",""
"307145461462",Apple MacBook Pro A2141 2019r. i9-9880H 32 GB 1 TB SSD 16 Zoll macOS,,6311,"10","FIXED_PRICE","EUR",740.0,,,740.0,"0","","","Aug-25-26 05:47:13 PDT","Sep-25-26 05:47:13 PDT","Apple Notebooks","111422","","","Gebraucht","","","","","","DE","","",""
"307145461464","Dell XPS 13 7390 i5-10210U 8 GB 256 GB SSD 13,3 Zoll Win11 Pro",,3792_20251219130026,"10","FIXED_PRICE","EUR",276.0,,,276.0,"0","","","Aug-25-26 05:47:13 PDT","Sep-25-26 05:47:13 PDT","PC Notebooks & Netbooks","177","","","Gebraucht","","","","","","DE","","",""
"307145461466","HP ProBook 450 G7 i5-10210U 8 GB 256 GB SSD 15,6 Zoll Win11 Pro",,6101_20260116113223,"10","FIXED_PRICE","EUR",299.0,,,299.0,"0","","","Aug-25-26 05:47:13 PDT","Sep-25-26 05:47:13 PDT","PC Notebooks & Netbooks","177","","","Gebraucht","","","","","","DE","","",""
"307145461468","Panasonic ToughPad FZ-G1 mk3 i5-5300U 8 GB 120 GB SSD 13,3 Zoll Win10 Pro",,10356_20260812091709,"10","FIXED_PRICE","EUR",206.0,,,206.0,"0","","","Aug-25-26 05:47:14 PDT","Sep-25-26 05:47:14 PDT","PC Notebooks & Netbooks","177","","","Gebraucht","","","","","","DE","","",""
"307145461469","Lenovo ThinkPad X13 Yoga Gen1 i5-10210U 16 GB 256 GB SSD 13,3 Zoll Win11 Pro",,17622540577_20260611120323,"10","FIXED_PRICE","EUR",253.0,,,253.0,"0","","","Aug-25-26 05:47:14 PDT","Sep-25-26 05:47:14 PDT","PC Notebooks & Netbooks","177","","","Gebraucht","","","","","","DE","","",""
"307145461470","Panasonic ToughPad FZ-G1 mk3 i5-5300U 4 GB 120 GB SSD 13,3 Zoll Win10 Pro",,10356_20260812092214,"10","FIXED_PRICE","EUR",218.0,,,218.0,"0","","","Aug-25-26 05:47:14 PDT","Sep-25-26 05:47:14 PDT","PC Notebooks & Netbooks","177","","","Gebraucht","","","","","","DE","","",""
"307145461472","Panasonic ToughPad FZ-G1 mk3 i5-5300U 8 GB 120 GB SSD 13,3 Zoll Win10 Pro",,10356_20260812092619,"10","FIXED_PRICE","EUR",287.0,,,287.0,"0","","","Aug-25-26 05:47:14 PDT","Sep-25-26 05:47:14 PDT","PC Notebooks & Netbooks","177","","","Gebraucht","","","","","","DE","","",""
"307145461473","Panasonic ToughPad FZ-G1 mk4 i5-6300U 4 GB 120 GB SSD 13,3 Zoll Win10 Pro",,10356_20260812093350,"10","FIXED_PRICE","EUR",235.0,,,235.0,"0","","","Aug-25-26 05:47:14 PDT","Sep-25-26 05:47:14 PDT","PC Notebooks & Netbooks","177","","","Gebraucht","","","","","","DE","","",""
"307145461475","Dell Latitude 5510 i5-10310U 32 GB 480 GB SSD 15,6 Zoll Win10 Pro",,15977831126,"10","FIXED_PRICE","EUR",497.0,,,497.0,"0","","","Aug-25-26 05:47:14 PDT","Sep-25-26 05:47:14 PDT","PC Notebooks & Netbooks","177","","","Gebraucht","","","","","","DE","","",""
"307145461476","HP ZBook 15u G3 i7-6500U 32 GB 1012 GB SSD+HDD 15,6 Zoll Win10 Pro",,15563568256,"10","FIXED_PRICE","EUR",320.0,,,320.0,"0","","","Aug-25-26 05:47:14 PDT","Sep-25-26 05:47:14 PDT","PC Notebooks & Netbooks","177","","","Gebraucht","","","","","","DE","","",""
"307145461478","Dell Latitude 5510 i5-10310U 32 GB 960 GB SSD 15,6 Zoll Win10 Pro",,15977841616,"10","FIXED_PRICE","EUR",578.0,,,578.0,"0","","","Aug-25-26 05:47:14 PDT","Sep-25-26 05:47:14 PDT","PC Notebooks & Netbooks","177","","","Gebraucht","","","","","","DE","","",""
"307145461483","Dell Latitude 5510 i5-10310U 16 GB 960 GB SSD 15,6 Zoll Win10 Pro",,15977887759,"10","FIXED_PRICE","EUR",497.0,,,497.0,"0","","","Aug-25-26 05:47:14 PDT","Sep-25-26 05:47:14 PDT","PC Notebooks & Netbooks","177","","","Gebraucht","","","","","","DE","","",""
"307145461484","Dell Precision 7750 i7 i7-10850H 32 GB 512 GB SSD 17,3 Zoll Win11 Pro",,17264564952,"10","FIXED_PRICE","EUR",1114.0,,,1114.0,"0","","","Aug-25-26 05:47:14 PDT","Sep-25-26 05:47:14 PDT","PC Notebooks & Netbooks","177","","","Gebraucht","","","","","","DE","","",""
"307145461486","HP HP EliteBook 830 G7 i5-10310U 16 GB 960 GB SSD 13,3 Zoll Win11 Pro",,17643046710,"10","FIXED_PRICE","EUR",327.0,,,327.0,"0","","","Aug-25-26 05:47:14 PDT","Sep-25-26 05:47:14 PDT","PC Notebooks & Netbooks","177","","","Gebraucht","","","","","","DE","","",""
"307145461487",Lenovo ThinkPad P52 Pro series GAMING CAD nVidia QUADRO i7-8750H 32 GB 512 GB,,17269034479,"10","FIXED_PRICE","EUR",501.0,,,501.0,"0","","","Aug-25-26 05:47:14 PDT","Sep-25-26 05:47:14 PDT","PC Notebooks & Netbooks","177","","","Gebraucht","","","","","","DE","","",""
"307145461490","HP HP EliteBook 830 G7 i5-10310U 32 GB 960 GB SSD 13,3 Zoll Win11 Pro",,17643048194,"10","FIXED_PRICE","EUR",378.0,,,378.0,"0","","","Aug-25-26 05:47:14 PDT","Sep-25-26 05:47:14 PDT","PC Notebooks & Netbooks","177","","","Gebraucht","","","","","","DE","","",""
"307145461493","HP HP EliteBook 830 G7 i5-10310U 32 GB 256 GB SSD 13,3 Zoll Win11 Pro",,17643052431,"10","FIXED_PRICE","EUR",320.0,,,320.0,"0","","","Aug-25-26 05:47:14 PDT","Sep-25-26 05:47:14 PDT","PC Notebooks & Netbooks","177","","","Gebraucht","","","","","","DE","","",""
"307145461495","HP HP EliteBook 830 G7 i5-10310U 32 GB 480 GB SSD 13,3 Zoll Win11 Pro",,17643049910,"10","FIXED_PRICE","EUR",348.0,,,348.0,"0","","","Aug-25-26 05:47:14 PDT","Sep-25-26 05:47:14 PDT","PC Notebooks & Netbooks","177","","","Gebraucht","","","","","","DE","","",""
"307145461496","HP HP EliteBook 830 G7 i5-10310U 16 GB 960 GB SSD 13,3 Zoll Win11 Pro",,17643077877,"10","FIXED_PRICE","EUR",362.0,,,362.0,"0","","","Aug-25-26 05:47:14 PDT","Sep-25-26 05:47:14 PDT","PC Notebooks & Netbooks","177","","","Gebraucht","","","","","","DE","","",""
"307145461497","HP HP EliteBook 830 G7 i5-10310U 16 GB 480 GB SSD 13,3 Zoll Win11 Pro",,17643060877,"10","FIXED_PRICE","EUR",332.0,,,332.0,"0","","","Aug-25-26 05:47:14 PDT","Sep-25-26 05:47:14 PDT","PC Notebooks & Netbooks","177","","","Gebraucht","","","","","","DE","","",""
"307145461499","HP HP EliteBook 830 G7 i5-10310U 32 GB 960 GB SSD 13,3 Zoll Win11 Pro",,17643101728,"10","FIXED_PRICE","EUR",413.0,,,413.0,"0","","","Aug-25-26 05:47:14 PDT","Sep-25-26 05:47:14 PDT","PC Notebooks & Netbooks","177","","","Gebraucht","","","","","","DE","","",""
"307145461500",Dell Latitude 7410 i5-10310U 8 GB 256 GB SSD 14 Zoll Win11 Pro,,17760464389,"10","FIXED_PRICE","EUR",253.0,,,253.0,"0","","","Aug-25-26 05:47:14 PDT","Sep-25-26 05:47:14 PDT","PC Notebooks & Netbooks","177","","","Gebraucht","","","","","","DE","","",""
"307145461501","HP HP EliteBook 830 G7 i5-10310U 32 GB 256 GB SSD 13,3 Zoll Win11 Pro",,17643130098,"10","FIXED_PRICE","EUR",355.0,,,355.0,"0","","","Aug-25-26 05:47:14 PDT","Sep-25-26 05:47:14 PDT","PC Notebooks & Netbooks","177","","","Gebraucht","","","","","","DE","","",""
"307145461502",Dell Latitude 7410 i5-10310U 8 GB 480 GB SSD 14 Zoll Win11 Pro,,17760473913,"10","FIXED_PRICE","EUR",280.0,,,280.0,"0","","","Aug-25-26 05:47:14 PDT","Sep-25-26 05:47:14 PDT","PC Notebooks & Netbooks","177","","","Gebraucht","","","","","","DE","","",""
"307145461507",Dell Latitude 7410 i5-10310U 8 GB 960 GB SSD 14 Zoll Win11 Pro,,17760475449,"10","FIXED_PRICE","EUR",311.0,,,311.0,"0","","","Aug-25-26 05:47:14 PDT","Sep-25-26 05:47:14 PDT","PC Notebooks & Netbooks","177","","","Gebraucht","","","","","","DE","","",""
"307145461510","Dell Precision 7530 i5-8400H 16 GB 256 GB SSD 15,6 Zoll Win11 Pro",,18016761644,"10","FIXED_PRICE","EUR",369.0,,,369.0,"0","","","Aug-25-26 05:47:14 PDT","Sep-25-26 05:47:14 PDT","PC Notebooks & Netbooks","177","","","Gebraucht","","","","","","DE","","",""
"307145461511",Dell Latitude 5420 i5-1135G7 8 GB 256 GB SSD 14 Zoll Win11 Pro,,18062728422,"10","FIXED_PRICE","EUR",287.0,,,287.0,"0","","","Aug-25-26 05:47:14 PDT","Sep-25-26 05:47:14 PDT","PC Notebooks & Netbooks","177","","","Gebraucht","","","","","","DE","","",""
"307145461514",Dell Latitude 5420 i5-1135G7 16 GB 256 GB SSD 14 Zoll Win11 Pro,,18062877382,"10","FIXED_PRICE","EUR",315.0,,,315.0,"0","","","Aug-25-26 05:47:14 PDT","Sep-25-26 05:47:14 PDT","PC Notebooks & Netbooks","177","","","Gebraucht","","","","","","DE","","",""
"307145461515",Dell Latitude 5420 i5-1135G7 16 GB 480 GB SSD 14 Zoll Win11 Pro,,18062905434,"10","FIXED_PRICE","EUR",343.0,,,343.0,"0","","","Aug-25-26 05:47:14 PDT","Sep-25-26 05:47:14 PDT","PC Notebooks & Netbooks","177","","","Gebraucht","","","","","","DE","","",""
"307145461516",Dell Latitude 5420 i5-1135G7 16 GB 960 GB SSD 14 Zoll Win11 Pro,,18062968018,"10","FIXED_PRICE","EUR",373.0,,,373.0,"0","","","Aug-25-26 05:47:15 PDT","Sep-25-26 05:47:15 PDT","PC Notebooks & Netbooks","177","","","Gebraucht","","","","","","DE","","",""
"307145461519",Dell Latitude 5420 i5-1135G7 32 GB 960 GB SSD 14 Zoll Win11 Pro,,18063029785,"10","FIXED_PRICE","EUR",424.0,,,424.0,"0","","","Aug-25-26 05:47:15 PDT","Sep-25-26 05:47:15 PDT","PC Notebooks & Netbooks","177","","","Gebraucht","","","","","","DE","","",""
"307145461520","Dell Dell XPS 13 7390 i5-10210U 8 GB 480 GB SSD 13,3 Zoll Win11 Pro",,18179510415,"10","FIXED_PRICE","EUR",287.0,,,287.0,"0","","","Aug-25-26 05:47:15 PDT","Sep-25-26 05:47:15 PDT","PC Notebooks & Netbooks","177","","","Gebraucht","","","","","","DE","","",""
"307145461521","Dell Dell XPS 13 7390 i5-10210U 8 GB 960 GB SSD 13,3 Zoll Win11 Pro",,18179514202,"10","FIXED_PRICE","EUR",322.0,,,322.0,"0","","","Aug-25-26 05:47:15 PDT","Sep-25-26 05:47:15 PDT","PC Notebooks & Netbooks","177","","","Gebraucht","","","","","","DE","","",""
"307145461523",HP ProBook 640 G5 i5-8365U 8 GB 120 GB SSD 14 Zoll Win11 Pro,,18291943291,"10","FIXED_PRICE","EUR",166.0,,,166.0,"0","","","Aug-25-26 05:47:15 PDT","Sep-25-26 05:47:15 PDT","PC Notebooks & Netbooks","177","","","Gebraucht","","","","","","DE","","",""
"307145461525","HP ZBook 15u G3 i7-6500U 8 GB 256 GB SSD 15,6 Zoll Win11 Pro",,18428191022,"10","FIXED_PRICE","EUR",177.0,,,177.0,"0","","","Aug-25-26 05:47:15 PDT","Sep-25-26 05:47:15 PDT","PC Notebooks & Netbooks","177","","","Gebraucht","","","","","","DE","","",""
"307145461526","Dell Latitude 5510 i5-10310U 8 GB 256 GB SSD 15,6 Zoll Win11 Pro",,18428383947,"10","FIXED_PRICE","EUR",334.0,,,334.0,"0","","","Aug-25-26 05:47:15 PDT","Sep-25-26 05:47:15 PDT","PC Notebooks & Netbooks","177","","","Gebraucht","","","","","","DE","","",""
"307145461529","Dell Latitude 5510 i5-10310U 16 GB 480 GB SSD 15,6 Zoll Win11 Pro",,18428411385,"10","FIXED_PRICE","EUR",380.0,,,380.0,"0","","","Aug-25-26 05:47:15 PDT","Sep-25-26 05:47:15 PDT","PC Notebooks & Netbooks","177","","","Gebraucht","","","","","","DE","","",""
"307145461530","Dell Latitude 5510 i5-10310U 8 GB 256 GB SSD 15,6 Zoll Win11 Pro",,18428397812,"10","FIXED_PRICE","EUR",299.0,,,299.0,"0","","","Aug-25-26 05:47:15 PDT","Sep-25-26 05:47:15 PDT","PC Notebooks & Netbooks","177","","","Gebraucht","","","","","","DE","","",""
"307145461532","Dell Latitude 5510 i5-10310U 16 GB 960 GB SSD 15,6 Zoll Win11 Pro",,18428414975,"10","FIXED_PRICE","EUR",462.0,,,462.0,"0","","","Aug-25-26 05:47:15 PDT","Sep-25-26 05:47:15 PDT","PC Notebooks & Netbooks","177","","","Gebraucht","","","","","","DE","","",""
"307145461533","HP EliteBook 850 G6 i5-8365U 8 GB 256 GB SSD 15,6 Zoll Win11 Pro",,18444562955,"10","FIXED_PRICE","EUR",276.0,,,276.0,"0","","","Aug-25-26 05:47:15 PDT","Sep-25-26 05:47:15 PDT","PC Notebooks & Netbooks","177","","","Gebraucht","","","","","","DE","","",""
"307145461534","Dell Latitude 5510 i5-10310U 32 GB 960 GB SSD 15,6 Zoll Win11 Pro",,18428417677,"10","FIXED_PRICE","EUR",543.0,,,543.0,"0","","","Aug-25-26 05:47:15 PDT","Sep-25-26 05:47:15 PDT","PC Notebooks & Netbooks","177","","","Gebraucht","","","","","","DE","","",""
"307145461535","HP EliteBook 850 G6 i5-8365U 16 GB 960 GB SSD 15,6 Zoll Win11 Pro",,18444626524,"10","FIXED_PRICE","EUR",438.0,,,438.0,"0","","","Aug-25-26 05:47:15 PDT","Sep-25-26 05:47:15 PDT","PC Notebooks & Netbooks","177","","","Gebraucht","","","","","","DE","","",""
"307145461537","HP EliteBook 850 G6 i5-8365U 32 GB 256 GB SSD 15,6 Zoll Win11 Pro",,18444630986,"10","FIXED_PRICE","EUR",404.0,,,404.0,"0","","","Aug-25-26 05:47:15 PDT","Sep-25-26 05:47:15 PDT","PC Notebooks & Netbooks","177","","","Gebraucht","","","","","","DE","","",""
"307145461539","HP EliteBook 850 G6 i5-8365U 32 GB 480 GB SSD 15,6 Zoll Win11 Pro",,18444632921,"10","FIXED_PRICE","EUR",438.0,,,438.0,"0","","","Aug-25-26 05:47:15 PDT","Sep-25-26 05:47:15 PDT","PC Notebooks & Netbooks","177","","","Gebraucht","","","","","","DE","","",""
"307145461540","HP EliteBook 850 G6 i5-8365U 32 GB 960 GB SSD 15,6 Zoll Win11 Pro",,18444636905,"10","FIXED_PRICE","EUR",520.0,,,520.0,"0","","","Aug-25-26 05:47:15 PDT","Sep-25-26 05:47:15 PDT","PC Notebooks & Netbooks","177","","","Gebraucht","","","","","","DE","","",""
"307145461543","Dell Dell Precision 7740 i7-9850H 16 GB 256 GB SSD 17,3 Zoll Win11 Pro",,18447814422,"10","FIXED_PRICE","EUR",726.0,,,726.0,"0","","","Aug-25-26 05:47:15 PDT","Sep-25-26 05:47:15 PDT","PC Notebooks & Netbooks","177","","","Gebraucht","","","","","","DE","","",""
"307145461545","Dell Precision 7750 i7 i7-10850H 32 GB 512 GB SSD 17,3 Zoll Win11 Pro",,18447828066,"10","FIXED_PRICE","EUR",1068.0,,,1068.0,"0","","","Aug-25-26 05:47:15 PDT","Sep-25-26 05:47:15 PDT","PC Notebooks & Netbooks","177","","","Gebraucht","","","","","","DE","","",""
"307145461547",Lenovo ThinkPad T14 Gen1 Ryzen 7 PRO 4750U 16 GB 960 GB SSD 14 Zoll Win11 Pro,,18527945263,"10","FIXED_PRICE","EUR",392.0,,,392.0,"0","","","Aug-25-26 05:47:15 PDT","Sep-25-26 05:47:15 PDT","PC Notebooks & Netbooks","177","","","Gebraucht","","","","","","DE","","",""
"307145461548","Dell Precision 7750 i7 i7-10850H 32 GB 256 GB SSD 17,3 Zoll Win11 Pro",,18447832565,"10","FIXED_PRICE","EUR",1033.0,,,1033.0,"0","","","Aug-25-26 05:47:15 PDT","Sep-25-26 05:47:15 PDT","PC Notebooks & Netbooks","177","","","Gebraucht","","","","","","DE","","",""
"307145461550","Dell Precision 7520 i7-6820HQ 16 GB 256 GB SSD 15,6 Zoll Win11 Pro",,18560371564,"10","FIXED_PRICE","EUR",299.0,,,299.0,"0","","","Aug-25-26 05:47:15 PDT","Sep-25-26 05:47:15 PDT","PC Notebooks & Netbooks","177","","","Gebraucht","","","","","","DE","","",""
"307145461554","Fujitsu Lifebook U728 i5-8250U 8 GB 120 GB SSD 12,5 Zoll Win10 Pro",,18563610749,"10","FIXED_PRICE","EUR",169.0,,,169.0,"0","","","Aug-25-26 05:47:15 PDT","Sep-25-26 05:47:15 PDT","PC Notebooks & Netbooks","177","","","Gebraucht","","","","","","DE","","",""
"307145461556","Fujitsu Lifebook U728 i5-8250U 8 GB 240 GB SSD 12,5 Zoll Win10 Pro",,18563661645,"10","FIXED_PRICE","EUR",181.0,,,181.0,"0","","","Aug-25-26 05:47:15 PDT","Sep-25-26 05:47:15 PDT","PC Notebooks & Netbooks","177","","","Gebraucht","","","","","","DE","","",""
"307145461557","Fujitsu Lifebook U728 i5-8250U 8 GB 120 GB SSD 12,5 Zoll Win10 Pro",,18563648010,"10","FIXED_PRICE","EUR",146.0,,,146.0,"0","","","Aug-25-26 05:47:15 PDT","Sep-25-26 05:47:15 PDT","PC Notebooks & Netbooks","177","","","Gebraucht","","","","","","DE","","",""
"307145461560","Fujitsu Lifebook U728 i5-8250U 16 GB 240 GB SSD 12,5 Zoll Win10 Pro",,18563663068,"10","FIXED_PRICE","EUR",227.0,,,227.0,"0","","","Aug-25-26 05:47:16 PDT","Sep-25-26 05:47:16 PDT","PC Notebooks & Netbooks","177","","","Gebraucht","","","","","","DE","","",""
"307145461562","Fujitsu Lifebook U728 i5-8250U 16 GB 240 GB SSD 12,5 Zoll Win10 Pro",,18563675393,"10","FIXED_PRICE","EUR",204.0,,,204.0,"0","","","Aug-25-26 05:47:16 PDT","Sep-25-26 05:47:16 PDT","PC Notebooks & Netbooks","177","","","Gebraucht","","","","","","DE","","",""
"307145461564","Fujitsu Lifebook U728 i5-8250U 16 GB 480 GB SSD 12,5 Zoll Win10 Pro",,18563678858,"10","FIXED_PRICE","EUR",239.0,,,239.0,"0","","","Aug-25-26 05:47:16 PDT","Sep-25-26 05:47:16 PDT","PC Notebooks & Netbooks","177","","","Gebraucht","","","","","","DE","","",""
"307145461567","Fujitsu Lifebook U728 i5-8250U 16 GB 960 GB SSD 12,5 Zoll Win10 Pro",,18563685730,"10","FIXED_PRICE","EUR",343.0,,,343.0,"0","","","Aug-25-26 05:47:16 PDT","Sep-25-26 05:47:16 PDT","PC Notebooks & Netbooks","177","","","Gebraucht","","","","","","DE","","",""
"307145461568","Fujitsu Lifebook U728 i5-8250U 16 GB 480 GB SSD 12,5 Zoll Win10 Pro",,18563684328,"10","FIXED_PRICE","EUR",262.0,,,262.0,"0","","","Aug-25-26 05:47:16 PDT","Sep-25-26 05:47:16 PDT","PC Notebooks & Netbooks","177","","","Gebraucht","","","","","","DE","","",""
"307145461570","Fujitsu Lifebook U728 i5-8250U 16 GB 960 GB SSD 12,5 Zoll Win10 Pro",,18563692740,"10","FIXED_PRICE","EUR",320.0,,,320.0,"0","","","Aug-25-26 05:47:16 PDT","Sep-25-26 05:47:16 PDT","PC Notebooks & Netbooks","177","","","Gebraucht","","","","","","DE","","",""
"307145461572","Fujitsu Lifebook U728 i5-8250U 32 GB 960 GB SSD 12,5 Zoll Win10 Pro",,18563695932,"10","FIXED_PRICE","EUR",401.0,,,401.0,"0","","","Aug-25-26 05:47:16 PDT","Sep-25-26 05:47:16 PDT","PC Notebooks & Netbooks","177","","","Gebraucht","","","","","","DE","","",""
"307145461574",HP 845 G7 Ryzen 5 PRO 4650U 8 GB 256 GB SSD 14 Zoll Win11 Pro,,18566529697,"10","FIXED_PRICE","EUR",264.0,,,264.0,"0","","","Aug-25-26 05:47:16 PDT","Sep-25-26 05:47:16 PDT","PC Notebooks & Netbooks","177","","","Gebraucht","","","","","","DE","","",""
"307145461575","Fujitsu Lifebook U728 i5-8250U 32 GB 960 GB SSD 12,5 Zoll Win10 Pro",,18563700862,"10","FIXED_PRICE","EUR",424.0,,,424.0,"0","","","Aug-25-26 05:47:16 PDT","Sep-25-26 05:47:16 PDT","PC Notebooks & Netbooks","177","","","Gebraucht","","","","","","DE","","",""
"307145461578","Microsoft Pro 7 (1866) i5-1035G4 8 GB 256 GB SSD 12,3 Zoll Win11 Pro",,18640021359,"10","FIXED_PRICE","EUR",322.0,,,322.0,"0","","","Aug-25-26 05:47:16 PDT","Sep-25-26 05:47:16 PDT","PC Notebooks & Netbooks","177","","","Gebraucht","","","","","","DE","","",""
"307145461579",Lenovo ThinkPad L14 Gen 1 Ryzen 5 4500U 8 GB 120 GB SSD 14 Zoll Win11 Home,,18678680865,"10","FIXED_PRICE","EUR",206.0,,,206.0,"0","","","Aug-25-26 05:47:16 PDT","Sep-25-26 05:47:16 PDT","PC Notebooks & Netbooks","177","","","Gebraucht","","","","","","DE","","",""
"307145461581",Lenovo ThinkPad L14 Gen 1 Ryzen 5 4500U 8 GB 256 GB SSD 14 Zoll Win11 Home,,18678694834,"10","FIXED_PRICE","EUR",218.0,,,218.0,"0","","","Aug-25-26 05:47:16 PDT","Sep-25-26 05:47:16 PDT","PC Notebooks & Netbooks","177","","","Gebraucht","","","","","","DE","","",""
"307145461584",HP 845 G7 Ryzen 5 PRO 4650U 8 GB 256 GB SSD 14 Zoll Win11 Pro,,18766506738,"10","FIXED_PRICE","EUR",224.0,,,224.0,"0","","","Aug-25-26 05:47:16 PDT","Sep-25-26 05:47:16 PDT","PC Notebooks & Netbooks","177","","","Gebraucht","","","","","","DE","","",""
"307145461585",Lenovo ThinkPad L14 Gen 1 Ryzen 5 4500U 8 GB 256 GB SSD 14 Zoll Win11 Home,,18678706527,"10","FIXED_PRICE","EUR",194.0,,,194.0,"0","","","Aug-25-26 05:47:16 PDT","Sep-25-26 05:47:16 PDT","PC Notebooks & Netbooks","177","","","Gebraucht","","","","","","DE","","",""
"307145461586",HP Elitebook 845 G7 Ryzen 5 PRO 4650U 16 GB 480 GB SSD 14 Zoll Win11 Pro,,18766561263,"10","FIXED_PRICE","EUR",346.0,,,346.0,"0","","","Aug-25-26 05:47:16 PDT","Sep-25-26 05:47:16 PDT","PC Notebooks & Netbooks","177","","","Gebraucht","","","","","","DE","","",""
"307145461587",HP Elitebook 845 G7 Ryzen 5 PRO 4650U 32 GB 960 GB SSD 14 Zoll Win11 Pro,,18766635046,"10","FIXED_PRICE","EUR",508.0,,,508.0,"0","","","Aug-25-26 05:47:16 PDT","Sep-25-26 05:47:16 PDT","PC Notebooks & Netbooks","177","","","Gebraucht","","","","","","DE","","",""
"307145461588",HP Elitebook 845 G7 Ryzen 5 PRO 4650U 16 GB 960 GB SSD 14 Zoll Win11 Pro,,18766622765,"10","FIXED_PRICE","EUR",427.0,,,427.0,"0","","","Aug-25-26 05:47:16 PDT","Sep-25-26 05:47:16 PDT","PC Notebooks & Netbooks","177","","","Gebraucht","","","","","","DE","","",""
"307145461589",HP Elitebook 845 G7 Ryzen 5 PRO 4650U 32 GB 480 GB SSD 14 Zoll Win11 Pro,,18766657756,"10","FIXED_PRICE","EUR",427.0,,,427.0,"0","","","Aug-25-26 05:47:16 PDT","Sep-25-26 05:47:16 PDT","PC Notebooks & Netbooks","177","","","Gebraucht","","","","","","DE","","",""
"307145461591",HP 845 G7 Ryzen 5 PRO 4650U 16 GB 256 GB SSD 14 Zoll Win11 Pro,,18766676972,"10","FIXED_PRICE","EUR",270.0,,,270.0,"0","","","Aug-25-26 05:47:16 PDT","Sep-25-26 05:47:16 PDT","PC Notebooks & Netbooks","177","","","Gebraucht","","","","","","DE","","",""
"307145461593",HP 845 G7 Ryzen 5 PRO 4650U 16 GB 480 GB SSD 14 Zoll Win11 Pro,,18766689330,"10","FIXED_PRICE","EUR",305.0,,,305.0,"0","","","Aug-25-26 05:47:16 PDT","Sep-25-26 05:47:16 PDT","PC Notebooks & Netbooks","177","","","Gebraucht","","","","","","DE","","",""
"307145461595",HP 845 G7 Ryzen 5 PRO 4650U 32 GB 480 GB SSD 14 Zoll Win11 Pro,,18766711145,"10","FIXED_PRICE","EUR",386.0,,,386.0,"0","","","Aug-25-26 05:47:16 PDT","Sep-25-26 05:47:16 PDT","PC Notebooks & Netbooks","177","","","Gebraucht","","","","","","DE","","",""
"307145461596",HP 845 G7 Ryzen 5 PRO 4650U 16 GB 960 GB SSD 14 Zoll Win11 Pro,,18766700422,"10","FIXED_PRICE","EUR",386.0,,,386.0,"0","","","Aug-25-26 05:47:16 PDT","Sep-25-26 05:47:16 PDT","PC Notebooks & Netbooks","177","","","Gebraucht","","","","","","DE","","",""
"307145461598",HP 845 G7 Ryzen 5 PRO 4650U 32 GB 960 GB SSD 14 Zoll Win11 Pro,,18766716276,"10","FIXED_PRICE","EUR",468.0,,,468.0,"0","","","Aug-25-26 05:47:16 PDT","Sep-25-26 05:47:16 PDT","PC Notebooks & Netbooks","177","","","Gebraucht","","","","","","DE","","",""
"307145461599","Dell Latitude 3310 i3-8145U 8 GB 128 GB SSD 13,3 Zoll Win10 Pro",,18838815876,"10","FIXED_PRICE","EUR",183.0,,,183.0,"0","","","Aug-25-26 05:47:16 PDT","Sep-25-26 05:47:16 PDT","PC Notebooks & Netbooks","177","","","Gebraucht","","","","","","DE","","",""
"307145461604","Dell Latitude 3310 i3-8145U 8 GB 240 GB SSD 13,3 Zoll Win10 Pro",,18838847178,"10","FIXED_PRICE","EUR",194.0,,,194.0,"0","","","Aug-25-26 05:47:17 PDT","Sep-25-26 05:47:17 PDT","PC Notebooks & Netbooks","177","","","Gebraucht","","","","","","DE","","",""
"307145461605","Dell Latitude 3310 i3-8145U 8 GB 480 GB SSD 13,3 Zoll Win10 Pro",,18838852498,"10","FIXED_PRICE","EUR",229.0,,,229.0,"0","","","Aug-25-26 05:47:17 PDT","Sep-25-26 05:47:17 PDT","PC Notebooks & Netbooks","177","","","Gebraucht","","","","","","DE","","",""
"307145461608","Dell Latitude 3310 i3-8145U 8 GB 960 GB SSD 13,3 Zoll Win10 Pro",,18838854392,"10","FIXED_PRICE","EUR",311.0,,,311.0,"0","","","Aug-25-26 05:47:17 PDT","Sep-25-26 05:47:17 PDT","PC Notebooks & Netbooks","177","","","Gebraucht","","","","","","DE","","",""
"307145461609","Dell Precision 7730 i7-8750H 64 GB 960 GB SSD 17,3 Zoll Win10 Pro",,18465830621,"10","FIXED_PRICE","EUR",980.0,,,980.0,"0","","","Aug-25-26 05:47:17 PDT","Sep-25-26 05:47:17 PDT","PC Notebooks & Netbooks","177","","","Gebraucht","","","","","","DE","","",""
"307145461610","Fujitsu Lifebook E756 i5-6200U 8 GB 120 GB SSD 15,6 Zoll Win11 Pro",,4423,"10","FIXED_PRICE","EUR",149.0,,,149.0,"0","","","Aug-25-26 05:47:17 PDT","Sep-25-26 05:47:17 PDT","PC Notebooks & Netbooks","177","","","Gebraucht","","","","","","DE","","",""
"307145461612","HP ZBook 15 G2 i7-4700MQ 16 GB 480 GB SSD 15,6 Zoll Win10 Pro",,6133,"10","FIXED_PRICE","EUR",297.0,,,297.0,"0","","","Aug-25-26 05:47:17 PDT","Sep-25-26 05:47:17 PDT","PC Notebooks & Netbooks","177","","","Gebraucht","","","","","","DE","","",""
"307145461616","Dell Precision 7760 i7-11850H 32 GB 512 GB SSD 17,3 Zoll Win11 Pro",,17529982492_20250728134453,"10","FIXED_PRICE","EUR",1098.0,,,1098.0,"0","","","Aug-25-26 05:47:17 PDT","Sep-25-26 05:47:17 PDT","PC Notebooks & Netbooks","177","","","Gebraucht","","","","","","DE","","",""
"307145461617","HP ProBook 430 G5 i5-8250U 8 GB 240 GB SSD 13,3 Zoll Win10 Pro",,6199,"10","FIXED_PRICE","EUR",171.0,,,171.0,"0","","","Aug-25-26 05:47:17 PDT","Sep-25-26 05:47:17 PDT","PC Notebooks & Netbooks","177","","","Gebraucht","","","","","","DE","","",""
"307145461618",HP EliteBook 745 G5 Ryzen 7 2700 16 GB 256 GB SSD 14 Zoll Win11 Pro,,14803361142,"10","FIXED_PRICE","EUR",218.0,,,218.0,"0","","","Aug-25-26 05:47:17 PDT","Sep-25-26 05:47:17 PDT","PC Notebooks & Netbooks","177","","","Gebraucht","","","","","","DE","","",""
"307145461620","Dell Latitude E5570 i7-6820HQ 8 GB 256 GB SSD 15,6 Zoll Win11 Pro",,4103_20251103123022,"10","FIXED_PRICE","EUR",264.0,,,264.0,"0","","","Aug-25-26 05:47:17 PDT","Sep-25-26 05:47:17 PDT","PC Notebooks & Netbooks","177","","","Gebraucht","","","","","","DE","","",""
"307145461621","HP EliteBook 850 G3 i7-6500U 8 GB 240 GB SSD 15,6 Zoll Win11 Pro",,18415852040,"10","FIXED_PRICE","EUR",183.0,,,183.0,"0","","","Aug-25-26 05:47:17 PDT","Sep-25-26 05:47:17 PDT","PC Notebooks & Netbooks","177","","","Gebraucht","","","","","","DE","","",""
"307145461623","Dell Precision 7520 i7-6820HQ 64 GB 960 GB SSD 15,6 Zoll Win10 Pro",,14524134569,"10","FIXED_PRICE","EUR",573.0,,,573.0,"0","","","Aug-25-26 05:47:17 PDT","Sep-25-26 05:47:17 PDT","PC Notebooks & Netbooks","177","","","Gebraucht","","","","","","DE","","",""
"307145461624","HP EliteBook 850 G3 i7-6500U 8 GB 440 GB SSD+HDD 15,6 Zoll Win10 Pro",,14856081849,"10","FIXED_PRICE","EUR",299.0,,,299.0,"0","","","Aug-25-26 05:47:17 PDT","Sep-25-26 05:47:17 PDT","PC Notebooks & Netbooks","177","","","Gebraucht","","","","","","DE","","",""
"307145461626","HP EliteBook 850 G3 i7-6500U 8 GB 120 GB SSD+HDD 15,6 Zoll Win10 Pro",,14856091648,"10","FIXED_PRICE","EUR",276.0,,,276.0,"0","","","Aug-25-26 05:47:17 PDT","Sep-25-26 05:47:17 PDT","PC Notebooks & Netbooks","177","","","Gebraucht","","","","","","DE","","",""
"307145461629",Fujitsu Lifebook U749 i7-8665U 32 GB 960 GB SSD 14 Zoll Win10 Pro,,17293726097,"10","FIXED_PRICE","EUR",378.0,,,378.0,"0","","","Aug-25-26 05:47:17 PDT","Sep-25-26 05:47:17 PDT","PC Notebooks & Netbooks","177","","","Gebraucht","","","","","","DE","","",""
"307145461630","HP ProBook 650 G2 i5-6200U 16 GB 256 GB SSD 15,6 Zoll Win11 Pro",,18120520256,"10","FIXED_PRICE","EUR",188.0,,,188.0,"0","","","Aug-25-26 05:47:17 PDT","Sep-25-26 05:47:17 PDT","PC Notebooks & Netbooks","177","","","Gebraucht","","","","","","DE","","",""
"307145461631","Fujitsu Lifebook U729 i5-8250U 8 GB 240 GB SSD 12,5 Zoll Win11 Pro",,18563450156,"10","FIXED_PRICE","EUR",160.0,,,160.0,"0","","","Aug-25-26 05:47:17 PDT","Sep-25-26 05:47:17 PDT","PC Notebooks & Netbooks","177","","","Gebraucht","","","","","","DE","","",""
"307145461632",HP EliteBook 745 G6 Ryzen 7 PRO 3700U 8 GB 256 GB SSD 14 Zoll Win11 Pro,,17578270987,"10","FIXED_PRICE","EUR",229.0,,,229.0,"0","","","Aug-25-26 05:47:17 PDT","Sep-25-26 05:47:17 PDT","PC Notebooks & Netbooks","177","","","Gebraucht","","","","","","DE","","",""
"307145461633",HP EliteBook 745 G5 Ryzen 7 2700U 8 GB 256 GB SSD 14 Zoll Win11 Pro,,5912_20251106091003,"10","FIXED_PRICE","EUR",171.0,,,171.0,"0","","","Aug-25-26 05:47:17 PDT","Sep-25-26 05:47:17 PDT","PC Notebooks & Netbooks","177","","","Gebraucht","","","","","","DE","","",""
"307145461635",HP EliteBook 840 G5 i5-8350U 8 GB 256 GB SSD 14 Zoll Win10 Pro,,15120782369,"10","FIXED_PRICE","EUR",194.0,,,194.0,"0","","","Aug-25-26 05:47:17 PDT","Sep-25-26 05:47:17 PDT","PC Notebooks & Netbooks","177","","","Gebraucht","","","","","","DE","","",""
"307145461636","Dell Latitude 5520 i5-1135G7 16 GB 480 GB SSD 15,6 Zoll Win11 Pro",,3864,"10","FIXED_PRICE","EUR",436.0,,,436.0,"0","","","Aug-25-26 05:47:17 PDT","Sep-25-26 05:47:17 PDT","PC Notebooks & Netbooks","177","","","Gebraucht","","","","","","DE","","",""
"307145461638","HP ZBook 15 G2 i5-4300M 16 GB 240 GB SSD 15,6 Zoll Win10 Pro",,4908,"10","FIXED_PRICE","EUR",211.0,,,211.0,"0","","","Aug-25-26 05:47:17 PDT","Sep-25-26 05:47:17 PDT","PC Notebooks & Netbooks","177","","","Gebraucht","","","","","","DE","","",""
"307145461640","HP ProBook 430 G5 i5-8250U 8 GB 240 GB SSD 13,3 Zoll Win10 Pro",,6113,"10","FIXED_PRICE","EUR",194.0,,,194.0,"0","","","Aug-25-26 05:47:17 PDT","Sep-25-26 05:47:17 PDT","PC Notebooks & Netbooks","177","","","Gebraucht","","","","","","DE","","",""
"307145461642",Fujitsu Lifebook U749 i7-8665U 16 GB 256 GB SSD 14 Zoll Win10/11 Pro,,17293710113,"10","FIXED_PRICE","EUR",269.0,,,269.0,"0","","","Aug-25-26 05:47:17 PDT","Sep-25-26 05:47:17 PDT","PC Notebooks & Netbooks","177","","","Gebraucht","","","","","","DE","","",""
"307145461645",HP EliteBook 745 G6 Ryzen 7 PRO 3700U 8 GB 256 GB SSD 14 Zoll Win11 Pro,,17578283219,"10","FIXED_PRICE","EUR",201.0,,,201.0,"0","","","Aug-25-26 05:47:17 PDT","Sep-25-26 05:47:17 PDT","PC Notebooks & Netbooks","177","","","Gebraucht","","","","","","DE","","",""
"307145461648",HP ProBook 440 G6 i5-8265U 8 GB 120 GB SSD 14 Zoll Win11 Pro,,3939_20250731091621,"10","FIXED_PRICE","EUR",171.0,,,171.0,"0","","","Aug-25-26 05:47:17 PDT","Sep-25-26 05:47:17 PDT","PC Notebooks & Netbooks","177","","","Gebraucht","","","","","","DE","","",""
"307145461649",Dell Latitude 5490 i5-8350U 8 GB 256 GB SSD 14 Zoll Win11 Pro,,18743355682,"10","FIXED_PRICE","EUR",201.0,,,201.0,"0","","","Aug-25-26 05:47:18 PDT","Sep-25-26 05:47:18 PDT","PC Notebooks & Netbooks","177","","","Gebraucht","","","","","","DE","","",""
"307145461651",HP ProBook 640 G5 i5-8365U 16 GB 256 GB SSD 14 Zoll Win10 Pro,,16646442267,"10","FIXED_PRICE","EUR",222.0,,,222.0,"0","","","Aug-25-26 05:47:18 PDT","Sep-25-26 05:47:18 PDT","PC Notebooks & Netbooks","177","","","Gebraucht","","","","","","DE","","",""
"307145461654","Dell Precision 7520 i7-6820HQ 32 GB 480 GB SSD 15,6 Zoll Win10 Pro",,15107244334,"10","FIXED_PRICE","EUR",476.0,,,476.0,"0","","","Aug-25-26 05:47:18 PDT","Sep-25-26 05:47:18 PDT","PC Notebooks & Netbooks","177","","","Gebraucht","","","","","","DE","","",""
"307145461657","HP Chromebook x360 11 G4 EE Intel Celeron N5100 8 GB 64 GB eMMC 11,6 Zoll",,17891169915,"10","FIXED_PRICE","EUR",113.0,,,113.0,"0","","","Aug-25-26 05:47:18 PDT","Sep-25-26 05:47:18 PDT","PC Notebooks & Netbooks","177","","","Gebraucht","","","","","","DE","","",""
"307145461658","HP ProBook 650 G2 i5-6200U 8 GB 240 GB SSD 15,6 Zoll Win11 Pro",,15984428909,"10","FIXED_PRICE","EUR",171.0,,,171.0,"0","","","Aug-25-26 05:47:18 PDT","Sep-25-26 05:47:18 PDT","PC Notebooks & Netbooks","177","","","Gebraucht","","","","","","DE","","",""
"307145461659","HP HP ZBook 15 G2 i7-4600M 16 GB 480 GB SSD 15,6 Zoll Win10 Pro",,13916163607,"10","FIXED_PRICE","EUR",211.0,,,211.0,"0","","","Aug-25-26 05:47:18 PDT","Sep-25-26 05:47:18 PDT","PC Notebooks & Netbooks","177","","","Gebraucht","","","","","","DE","","",""
"307145461660","Dell Precision 7540 i5-9400H 64 GB 512 GB SSD 15,6 Zoll Win10 Pro",,14891617491,"10","FIXED_PRICE","EUR",706.0,,,706.0,"0","","","Aug-25-26 05:47:18 PDT","Sep-25-26 05:47:18 PDT","PC Notebooks & Netbooks","177","","","Gebraucht","","","","","","DE","","",""
"307145461661",Fujitsu Lifebook U749 i7-8665U 16 GB 480 GB SSD 14 Zoll Win10 Pro,,17293787975,"10","FIXED_PRICE","EUR",297.0,,,297.0,"0","","","Aug-25-26 05:47:18 PDT","Sep-25-26 05:47:18 PDT","PC Notebooks & Netbooks","177","","","Gebraucht","","","","","","DE","","",""
"307145461665",Dell Latitude 5490 i5-8350U 8 GB 256 GB SSD 14 Zoll Win11 Pro,,4139,"10","FIXED_PRICE","EUR",171.0,,,171.0,"0","","","Aug-25-26 05:47:18 PDT","Sep-25-26 05:47:18 PDT","PC Notebooks & Netbooks","177","","","Gebraucht","","","","","","DE","","",""
"307145461666",Dell Latitude 7410 i5-10310U 8 GB 256 GB SSD 14 Zoll Win11 Pro,,17760490240,"10","FIXED_PRICE","EUR",218.0,,,218.0,"0","","","Aug-25-26 05:47:18 PDT","Sep-25-26 05:47:18 PDT","PC Notebooks & Netbooks","177","","","Gebraucht","","","","","","DE","","",""
"307145461667",HP ProBook 440 G7 i5-10210U 16 GB 256 GB SSD 14 Zoll Win11 Pro,,6104_20260109120318,"10","FIXED_PRICE","EUR",218.0,,,218.0,"0","","","Aug-25-26 05:47:18 PDT","Sep-25-26 05:47:18 PDT","PC Notebooks & Netbooks","177","","","Gebraucht","","","","","","DE","","",""
"307145461668","Dell Latitude 5500 i5-8265U 16 GB 240 GB SSD 15,6 Zoll Win11 Pro",,5757_20260505135353,"10","FIXED_PRICE","EUR",322.0,,,322.0,"0","","","Aug-25-26 05:47:18 PDT","Sep-25-26 05:47:18 PDT","PC Notebooks & Netbooks","177","","","Gebraucht","","","","","","DE","","",""
"307145461669","HP ProBook 450 G5 i5-7200U 8 GB 256 GB SSD 15,6 Zoll Win11 Pro",,17570806481_20260811065451,"10","FIXED_PRICE","EUR",170.0,,,170.0,"0","","","Aug-25-26 05:47:18 PDT","Sep-25-26 05:47:18 PDT","PC Notebooks & Netbooks","177","","","Gebraucht","","","","","","DE","","",""
"307145461670","HP ProBook 430 G5 i5-8250U 8 GB 240 GB SSD 13,3 Zoll Win10 Pro",,15030173734,"10","FIXED_PRICE","EUR",171.0,,,171.0,"0","","","Aug-25-26 05:47:18 PDT","Sep-25-26 05:47:18 PDT","PC Notebooks & Netbooks","177","","","Gebraucht","","","","","","DE","","",""
"307145461675","HP Chromebook x360 11 G4 EE Intel Celeron N5100 8 GB 64 GB eMMC 11,6 Zoll",,17891158046,"10","FIXED_PRICE","EUR",119.0,,,119.0,"0","","","Aug-25-26 05:47:18 PDT","Sep-25-26 05:47:18 PDT","PC Notebooks & Netbooks","177","","","Gebraucht","","","","","","DE","","",""
"307145461678",HP EliteBook 745 G5 Ryzen 7 PRO 2700U 32 GB 256 GB SSD 14 Zoll Win11 Pro,,18059488352,"10","FIXED_PRICE","EUR",299.0,,,299.0,"0","","","Aug-25-26 05:47:18 PDT","Sep-25-26 05:47:18 PDT","PC Notebooks & Netbooks","177","","","Gebraucht","","","","","","DE","","",""
"307145461679",Dell Latitude 5400 i5-8350U 8 GB 256 GB SSD 14 Zoll Win11 Pro,,5101,"10","FIXED_PRICE","EUR",183.0,,,183.0,"0","","","Aug-25-26 05:47:18 PDT","Sep-25-26 05:47:18 PDT","PC Notebooks & Netbooks","177","","","Gebraucht","","","","","","DE","","",""
"307145461681",HP EliteBook 840 G7 i5-10210U 16 GB 256 GB SSD 14 Zoll Win11 Pro,,17002865311,"10","FIXED_PRICE","EUR",292.0,,,292.0,"0","","","Aug-25-26 05:47:18 PDT","Sep-25-26 05:47:18 PDT","PC Notebooks & Netbooks","177","","","Gebraucht","","","","","","DE","","",""
"307145461684","HP EliteBook 850 G3 i7-6500U 8 GB 240 GB SSD 15,6 Zoll Win11 Pro",,18415882642,"10","FIXED_PRICE","EUR",206.0,,,206.0,"0","","","Aug-25-26 05:47:18 PDT","Sep-25-26 05:47:18 PDT","PC Notebooks & Netbooks","177","","","Gebraucht","","","","","","DE","","",""
"307145461685","Dell Latitude E5570 i7-6820HQ 8 GB 256 GB SSD 15,6 Zoll Win11 Pro",,4103_20251103123304,"10","FIXED_PRICE","EUR",241.0,,,241.0,"0","","","Aug-25-26 05:47:18 PDT","Sep-25-26 05:47:18 PDT","PC Notebooks & Netbooks","177","","","Gebraucht","","","","","","DE","","",""
"307145461688","Fujitsu Lifebook U729 i5-8250U 8 GB 240 GB SSD 12,5 Zoll Win11 Pro",,5563_20260506095417,"10","FIXED_PRICE","EUR",160.0,,,160.0,"0","","","Aug-25-26 05:47:18 PDT","Sep-25-26 05:47:18 PDT","PC Notebooks & Netbooks","177","","","Gebraucht","","","","","","DE","","",""
"307145461689","Fujitsu Lifebook E756 i5-6200U 8 GB 120 GB SSD 15,6 Zoll Win11 Pro",,4423_20260612120312,"10","FIXED_PRICE","EUR",183.0,,,183.0,"0","","","Aug-25-26 05:47:18 PDT","Sep-25-26 05:47:18 PDT","PC Notebooks & Netbooks","177","","","Gebraucht","","","","","","DE","","",""
"307145461691","Dell Precision 7520 i7-6820HQ 64 GB 960 GB SSD 15,6 Zoll Win10 Pro",,14729760510,"10","FIXED_PRICE","EUR",620.0,,,620.0,"0","","","Aug-25-26 05:47:18 PDT","Sep-25-26 05:47:18 PDT","PC Notebooks & Netbooks","177","","","Gebraucht","","","","","","DE","","",""
"307145461694","HP EliteBook 850 G6 i5-8365U 16 GB 480 GB SSD 15,6 Zoll Win11 Pro",,18444581689,"10","FIXED_PRICE","EUR",334.0,,,334.0,"0","","","Aug-25-26 05:47:18 PDT","Sep-25-26 05:47:18 PDT","PC Notebooks & Netbooks","177","","","Gebraucht","","","","","","DE","","",""
"307145461696","HP EliteBook 850 G6 i5-8365U 32 GB 480 GB SSD 15,6 Zoll Win11 Pro",,18444590780,"10","FIXED_PRICE","EUR",415.0,,,415.0,"0","","","Aug-25-26 05:47:18 PDT","Sep-25-26 05:47:18 PDT","PC Notebooks & Netbooks","177","","","Gebraucht","","","","","","DE","","",""
"307145461699","HP 430 G5 i5-8250U 8 GB 740 GB SSD+HDD 13,3 Zoll Win10 Pro",,12305983676,"10","FIXED_PRICE","EUR",194.0,,,194.0,"0","","","Aug-25-26 05:47:19 PDT","Sep-25-26 05:47:19 PDT","PC Notebooks & Netbooks","177","","","Gebraucht","","","","","","DE","","",""
"307145461700","Dell Precision 7750 i7-10850H 32 GB 512 GB SSD 17,3 Zoll Win11 Pro",,5743,"10","FIXED_PRICE","EUR",1096.0,,,1096.0,"0","","","Aug-25-26 05:47:19 PDT","Sep-25-26 05:47:19 PDT","PC Notebooks & Netbooks","177","","","Gebraucht","","","","","","DE","","",""
"307145461702",Dell Latitude 5400 i5-8350U 8 GB 256 GB SSD 14 Zoll Win11 Pro,,5101_20251128133627,"10","FIXED_PRICE","EUR",171.0,,,171.0,"0","","","Aug-25-26 05:47:19 PDT","Sep-25-26 05:47:19 PDT","PC Notebooks & Netbooks","177","","","Gebraucht","","","","","","DE","","",""
"307145461707","HP ProBook 450 G5 i5-8250U 8 GB 256 GB SSD 15,6 Zoll Win11 Pro",,17570806481_20260811071523,"10","FIXED_PRICE","EUR",218.0,,,218.0,"0","","","Aug-25-26 05:47:19 PDT","Sep-25-26 05:47:19 PDT","PC Notebooks & Netbooks","177","","","Gebraucht","","","","","","DE","","",""
"307145461708","Dell Precision 5520 i7-6820HQ 32 GB 480 GB SSD 15,6 Zoll Win10 Pro",,14778101876,"10","FIXED_PRICE","EUR",441.0,,,441.0,"0","","","Aug-25-26 05:47:19 PDT","Sep-25-26 05:47:19 PDT","PC Notebooks & Netbooks","177","","","Gebraucht","","","","","","DE","","",""
"307145461709","HP HP ZBook 15 G2 i7-4700MQ 16 GB 480 GB SSD 15,6 Zoll Win10 Pro",,13916140560,"10","FIXED_PRICE","EUR",264.0,,,264.0,"0","","","Aug-25-26 05:47:19 PDT","Sep-25-26 05:47:19 PDT","PC Notebooks & Netbooks","177","","","Gebraucht","","","","","","DE","","",""
"307145461710","HP ZBook 15u G3 i7-6500U 16 GB 1012 GB SSD+HDD 15,6 Zoll Win10 Pro",,15563556111,"10","FIXED_PRICE","EUR",269.0,,,269.0,"0","","","Aug-25-26 05:47:19 PDT","Sep-25-26 05:47:19 PDT","PC Notebooks & Netbooks","177","","","Gebraucht","","","","","","DE","","",""
"307145461712",Dell Latitude 5420 i5-1135G7 16 GB 256 GB SSD 14 Zoll Win11 Pro,,18062827484,"10","FIXED_PRICE","EUR",292.0,,,292.0,"0","","","Aug-25-26 05:47:19 PDT","Sep-25-26 05:47:19 PDT","PC Notebooks & Netbooks","177","","","Gebraucht","","","","","","DE","","",""
"307145461714","HP EliteBook 850 G6 i5-8365U 8 GB 256 GB SSD 15,6 Zoll Win11 Pro",,18444572907,"10","FIXED_PRICE","EUR",253.0,,,253.0,"0","","","Aug-25-26 05:47:19 PDT","Sep-25-26 05:47:19 PDT","PC Notebooks & Netbooks","177","","","Gebraucht","","","","","","DE","","",""
"307145461718","HP ProBook 650 G2 i5-6200U 8 GB 256 GB SSD 15,6 Zoll Win11 Pro",,18118350066,"10","FIXED_PRICE","EUR",160.0,,,160.0,"0","","","Aug-25-26 05:47:19 PDT","Sep-25-26 05:47:19 PDT","PC Notebooks & Netbooks","177","","","Gebraucht","","","","","","DE","","",""
"307145461721","HP HP ProBook x360 11 G5 EE Intel Pentium Silver N5030 4 GB 128 GB SSD 11,6 Zoll",,18567164607,"10","FIXED_PRICE","EUR",136.0,,,136.0,"0","","","Aug-25-26 05:47:19 PDT","Sep-25-26 05:47:19 PDT","PC Notebooks & Netbooks","177","","","Gebraucht","","","","","","DE","","",""
"307145461723",Apple MacBook Pro A2141 2019r. i9-9880H 32 GB 1 TB SSD 16 Zoll macOS,,4590,"10","FIXED_PRICE","EUR",624.0,,,624.0,"0","","","Aug-25-26 05:47:19 PDT","Sep-25-26 05:47:19 PDT","Apple Notebooks","111422","","","Gebraucht","","","","","","DE","","",""
"307145461725","HP ProBook 450 G5 i5-8250U 8 GB 256 GB SSD 15,6 Zoll Win11 Pro",,17570806481_20260811071657,"10","FIXED_PRICE","EUR",183.0,,,183.0,"0","","","Aug-25-26 05:47:19 PDT","Sep-25-26 05:47:19 PDT","PC Notebooks & Netbooks","177","","","Gebraucht","","","","","","DE","","",""
"307145461727",Apple MacBook Pro 16 A2141 2019r. i9-9880H 32 GB 1000 GB SSD 16 Zoll,,16028383060,"10","FIXED_PRICE","EUR",624.0,,,624.0,"0","","","Aug-25-26 05:47:19 PDT","Sep-25-26 05:47:19 PDT","Apple Notebooks","111422","","","Gebraucht","","","","","","DE","","",""
"307145461728","HP ProBook 450 G5 i5-7200U 8 GB 256 GB SSD 15,6 Zoll Win11 Pro",,17570806481_20260811070016,"10","FIXED_PRICE","EUR",201.0,,,201.0,"0","","","Aug-25-26 05:47:19 PDT","Sep-25-26 05:47:19 PDT","PC Notebooks & Netbooks","177","","","Gebraucht","","","","","","DE","","",""
"307145461729",Dell Latitude 7410 i5-10310U 8 GB 480 GB SSD 14 Zoll Win11 Pro,,17760488496,"10","FIXED_PRICE","EUR",246.0,,,246.0,"0","","","Aug-25-26 05:47:19 PDT","Sep-25-26 05:47:19 PDT","PC Notebooks & Netbooks","177","","","Gebraucht","","","","","","DE","","",""
"307145461730","Dell Latitude 5580 i7-7820HQ 32 GB 960 GB SSD 15,6 Zoll Win11 Pro",,18050619208,"10","FIXED_PRICE","EUR",436.0,,,436.0,"0","","","Aug-25-26 05:47:19 PDT","Sep-25-26 05:47:19 PDT","PC Notebooks & Netbooks","177","","","Gebraucht","","","","","","DE","","",""
"307145461733","Dell Latitude E5570 i7-6820HQ 16 GB 480 GB SSD 15,6 Zoll Win11 Pro",,18051203218,"10","FIXED_PRICE","EUR",320.0,,,320.0,"0","","","Aug-25-26 05:47:19 PDT","Sep-25-26 05:47:19 PDT","PC Notebooks & Netbooks","177","","","Gebraucht","","","","","","DE","","",""
"307145461734","Dell Latitude E5570 i7-6820HQ 16 GB 960 GB SSD 15,6 Zoll Win11 Pro",,18051211311,"10","FIXED_PRICE","EUR",350.0,,,350.0,"0","","","Aug-25-26 05:47:19 PDT","Sep-25-26 05:47:19 PDT","PC Notebooks & Netbooks","177","","","Gebraucht","","","","","","DE","","",""
"307145461735","Dell Latitude E5570 i7-6820HQ 16 GB 480 GB SSD 15,6 Zoll Win11 Pro",,18051259500,"10","FIXED_PRICE","EUR",296.0,,,296.0,"0","","","Aug-25-26 05:47:19 PDT","Sep-25-26 05:47:19 PDT","PC Notebooks & Netbooks","177","","","Gebraucht","","","","","","DE","","",""
"307145461737","Dell Latitude E5570 i7-6820HQ 32 GB 960 GB SSD 15,6 Zoll Win11 Pro",,18051268548,"10","FIXED_PRICE","EUR",378.0,,,378.0,"0","","","Aug-25-26 05:47:19 PDT","Sep-25-26 05:47:19 PDT","PC Notebooks & Netbooks","177","","","Gebraucht","","","","","","DE","","",""
"307145461742","HP EliteBook 850 G6 i5-8365U 16 GB 960 GB SSD 15,6 Zoll Win11 Pro",,18444583920,"10","FIXED_PRICE","EUR",415.0,,,415.0,"0","","","Aug-25-26 05:47:19 PDT","Sep-25-26 05:47:19 PDT","PC Notebooks & Netbooks","177","","","Gebraucht","","","","","","DE","","",""
"307145461744","Panasonic ToughBook CF-31 MK5 i5-5300U 16 GB 120 GB SSD 13,3 Zoll Win10 Pro",,10356,"10","FIXED_PRICE","EUR",280.0,,,280.0,"0","","","Aug-25-26 05:47:19 PDT","Sep-25-26 05:47:19 PDT","PC Notebooks & Netbooks","177","","","Gebraucht","","","","","","DE","","",""
"307145461747","HP ZBook 15 G2 i7-4710MQ 32 GB 256 GB SSD 15,6 Zoll Win10 Pro",,7618740191,"10","FIXED_PRICE","EUR",334.0,,,334.0,"0","","","Aug-25-26 05:47:19 PDT","Sep-25-26 05:47:19 PDT","PC Notebooks & Netbooks","177","","","Gebraucht","","","","","","DE","","",""
"307145461748","Dell Precision 7740 i7-9850H 16 GB 512 GB SSD 17,3 Zoll Win11 Pro",,4760_20250908073747,"10","FIXED_PRICE","EUR",743.0,,,743.0,"0","","","Aug-25-26 05:47:19 PDT","Sep-25-26 05:47:19 PDT","PC Notebooks & Netbooks","177","","","Gebraucht","","","","","","DE","","",""
"307145461750","Dell Precision 7740 i7-9850H 16 GB 512 GB SSD 17,3 Zoll Win11 Pro",,4760_20250908072757,"10","FIXED_PRICE","EUR",859.0,,,859.0,"0","","","Aug-25-26 05:47:20 PDT","Sep-25-26 05:47:20 PDT","PC Notebooks & Netbooks","177","","","Gebraucht","","","","","","DE","","",""
"307145461751","Dell Latitude 5580 i7-7820HQ 8 GB 256 GB SSD 15,6 Zoll Win10 Pro",,6186_20251103085550,"10","FIXED_PRICE","EUR",299.0,,,299.0,"0","","","Aug-25-26 05:47:20 PDT","Sep-25-26 05:47:20 PDT","PC Notebooks & Netbooks","177","","","Gebraucht","","","","","","DE","","",""
"307145461753",Dell Latitude 5420 i5-1135G7 8 GB 256 GB SSD 14 Zoll Win11 Pro,,5112_20251107093427,"10","FIXED_PRICE","EUR",264.0,,,264.0,"0","","","Aug-25-26 05:47:20 PDT","Sep-25-26 05:47:20 PDT","PC Notebooks & Netbooks","177","","","Gebraucht","","","","","","DE","","",""
"307145461755","Dell Precision 7760 i7-11850H 32 GB 512 GB SSD 17,3 Zoll Win11 Pro",,17529982492_20251202093642,"10","FIXED_PRICE","EUR",1052.0,,,1052.0,"0","","","Aug-25-26 05:47:20 PDT","Sep-25-26 05:47:20 PDT","PC Notebooks & Netbooks","177","","","Gebraucht","","","","","","DE","","",""
"307145461756","Fujitsu Lifebook U729 i5-8250U 8 GB 240 GB SSD 12,5 Zoll Win11 Pro",,5563_20260506095908,"10","FIXED_PRICE","EUR",183.0,,,183.0,"0","","","Aug-25-26 05:47:20 PDT","Sep-25-26 05:47:20 PDT","PC Notebooks & Netbooks","177","","","Gebraucht","","","","","","DE","","",""
"307145461757",Fujitsu Lifebook U748 i7-8650U 8 GB 256 GB SSD 14 Zoll Win11 Pro,,18806124322,"10","FIXED_PRICE","EUR",171.0,,,171.0,"0","","","Aug-25-26 05:47:20 PDT","Sep-25-26 05:47:20 PDT","PC Notebooks & Netbooks","177","","","Gebraucht","","","","","","DE","","",""
"307145461758","HP ZBook 15u G3 i7-6500U 16 GB 1012 GB SSD+HDD 15,6 Zoll Win10 Pro",,15563503501,"10","FIXED_PRICE","EUR",304.0,,,304.0,"0","","","Aug-25-26 05:47:20 PDT","Sep-25-26 05:47:20 PDT","PC Notebooks & Netbooks","177","","","Gebraucht","","","","","","DE","","",""
"307145461759","HP ZBook 15u G3 i7-6500U 32 GB 1012 GB SSD+HDD 15,6 Zoll Win10 Pro",,15563511530,"10","FIXED_PRICE","EUR",355.0,,,355.0,"0","","","Aug-25-26 05:47:20 PDT","Sep-25-26 05:47:20 PDT","PC Notebooks & Netbooks","177","","","Gebraucht","","","","","","DE","","",""
"307145461762","HP ZBook 15u G3 i7-6500U 32 GB 1460 GB SSD+HDD 15,6 Zoll Win10 Pro",,15563526447,"10","FIXED_PRICE","EUR",355.0,,,355.0,"0","","","Aug-25-26 05:47:20 PDT","Sep-25-26 05:47:20 PDT","PC Notebooks & Netbooks","177","","","Gebraucht","","","","","","DE","","",""
"307145461763","Dell Precision 7530 i5-8400H 32 GB 512 GB SSD 15,6 Zoll Win11 Pro",,15888509292,"10","FIXED_PRICE","EUR",564.0,,,564.0,"0","","","Aug-25-26 05:47:20 PDT","Sep-25-26 05:47:20 PDT","PC Notebooks & Netbooks","177","","","Gebraucht","","","","","","DE","","",""
"307145461764","Fujitsu Lifebook U728 i5-8250U 8 GB 256 GB SSD 12,5 Zoll Win10 Pro",,16906520060,"10","FIXED_PRICE","EUR",181.0,,,181.0,"0","","","Aug-25-26 05:47:20 PDT","Sep-25-26 05:47:20 PDT","PC Notebooks & Netbooks","177","","","Gebraucht","","","","","","DE","","",""
"307145461765",HP ELITEBOOK 840 G7 i5-10310U 16 GB 1000 GB SSD 14 Zoll Win10 Pro,,17002879322,"10","FIXED_PRICE","EUR",373.0,,,373.0,"0","","","Aug-25-26 05:47:20 PDT","Sep-25-26 05:47:20 PDT","PC Notebooks & Netbooks","177","","","Gebraucht","","","","","","DE","","",""
"307145461767",Dell Latitude 7410 i5-10310U 8 GB 960 GB SSD 14 Zoll Win11 Pro,,17760483594,"10","FIXED_PRICE","EUR",276.0,,,276.0,"0","","","Aug-25-26 05:47:20 PDT","Sep-25-26 05:47:20 PDT","PC Notebooks & Netbooks","177","","","Gebraucht","","","","","","DE","","",""
"307145461768","Dell Latitude 5580 i7-7820HQ 8 GB 256 GB SSD 15,6 Zoll Win11 Pro",,18050601735,"10","FIXED_PRICE","EUR",299.0,,,299.0,"0","","","Aug-25-26 05:47:20 PDT","Sep-25-26 05:47:20 PDT","PC Notebooks & Netbooks","177","","","Gebraucht","","","","","","DE","","",""
"307145461770","Dell Latitude 5580 i7-7820HQ 16 GB 256 GB SSD 15,6 Zoll Win11 Pro",,18050609564,"10","FIXED_PRICE","EUR",327.0,,,327.0,"0","","","Aug-25-26 05:47:20 PDT","Sep-25-26 05:47:20 PDT","PC Notebooks & Netbooks","177","","","Gebraucht","","","","","","DE","","",""
"307145461777","Dell Latitude 5580 i7-7820HQ 16 GB 480 GB SSD 15,6 Zoll Win11 Pro",,18050612751,"10","FIXED_PRICE","EUR",355.0,,,355.0,"0","","","Aug-25-26 05:47:20 PDT","Sep-25-26 05:47:20 PDT","PC Notebooks & Netbooks","177","","","Gebraucht","","","","","","DE","","",""
"307145461780","Dell Latitude E5570 i7-6820HQ 8 GB 256 GB SSD 15,6 Zoll Win11 Pro",,18051152326,"10","FIXED_PRICE","EUR",264.0,,,264.0,"0","","","Aug-25-26 05:47:20 PDT","Sep-25-26 05:47:20 PDT","PC Notebooks & Netbooks","177","","","Gebraucht","","","","","","DE","","",""
"307145461783","Dell Latitude 5580 i7-7820HQ 16 GB 960 GB SSD 15,6 Zoll Win11 Pro",,18050616890,"10","FIXED_PRICE","EUR",385.0,,,385.0,"0","","","Aug-25-26 05:47:20 PDT","Sep-25-26 05:47:20 PDT","PC Notebooks & Netbooks","177","","","Gebraucht","","","","","","DE","","",""
"307145461784","Dell Latitude E5570 i7-6820HQ 16 GB 256 GB SSD 15,6 Zoll Win11 Pro",,18051192717,"10","FIXED_PRICE","EUR",292.0,,,292.0,"0","","","Aug-25-26 05:47:20 PDT","Sep-25-26 05:47:20 PDT","PC Notebooks & Netbooks","177","","","Gebraucht","","","","","","DE","","",""
"307145461788","Dell Latitude E5570 i7-6820HQ 32 GB 960 GB SSD 15,6 Zoll Win11 Pro",,18051221962,"10","FIXED_PRICE","EUR",401.0,,,401.0,"0","","","Aug-25-26 05:47:20 PDT","Sep-25-26 05:47:20 PDT","PC Notebooks & Netbooks","177","","","Gebraucht","","","","","","DE","","",""
"307145461792","Dell Latitude E5570 i7-6820HQ 8 GB 256 GB SSD 15,6 Zoll Win11 Pro",,18051237923,"10","FIXED_PRICE","EUR",241.0,,,241.0,"0","","","Aug-25-26 05:47:20 PDT","Sep-25-26 05:47:20 PDT","PC Notebooks & Netbooks","177","","","Gebraucht","","","","","","DE","","",""
"307145461794","Dell Latitude E5570 i7-6820HQ 16 GB 256 GB SSD 15,6 Zoll Win11 Pro",,18051256918,"10","FIXED_PRICE","EUR",269.0,,,269.0,"0","","","Aug-25-26 05:47:20 PDT","Sep-25-26 05:47:20 PDT","PC Notebooks & Netbooks","177","","","Gebraucht","","","","","","DE","","",""
"307145461799",Dell Latitude 5420 i5-1135G7 8 GB 256 GB SSD 14 Zoll Win11 Pro,,18062724920,"10","FIXED_PRICE","EUR",264.0,,,264.0,"0","","","Aug-25-26 05:47:20 PDT","Sep-25-26 05:47:20 PDT","PC Notebooks & Netbooks","177","","","Gebraucht","","","","","","DE","","",""
"307145461801","Dell Latitude E5570 i7-6820HQ 16 GB 960 GB SSD 15,6 Zoll Win11 Pro",,18051266526,"10","FIXED_PRICE","EUR",327.0,,,327.0,"0","","","Aug-25-26 05:47:20 PDT","Sep-25-26 05:47:20 PDT","PC Notebooks & Netbooks","177","","","Gebraucht","","","","","","DE","","",""
"307145461802",Dell Latitude 5420 i5-1135G7 16 GB 480 GB SSD 14 Zoll Win11 Pro,,18062835468,"10","FIXED_PRICE","EUR",320.0,,,320.0,"0","","","Aug-25-26 05:47:20 PDT","Sep-25-26 05:47:20 PDT","PC Notebooks & Netbooks","177","","","Gebraucht","","","","","","DE","","",""
"307145461803",Dell Latitude 5420 i5-1135G7 16 GB 960 GB SSD 14 Zoll Win11 Pro,,18062842304,"10","FIXED_PRICE","EUR",350.0,,,350.0,"0","","","Aug-25-26 05:47:21 PDT","Sep-25-26 05:47:21 PDT","PC Notebooks & Netbooks","177","","","Gebraucht","","","","","","DE","","",""
"307145461805",HP ProBook 440 G6 i5-8265U 8 GB 120 GB SSD 14 Zoll Win11 Pro,,18176706060,"10","FIXED_PRICE","EUR",206.0,,,206.0,"0","","","Aug-25-26 05:47:21 PDT","Sep-25-26 05:47:21 PDT","PC Notebooks & Netbooks","177","","","Gebraucht","","","","","","DE","","",""
"307145461807",Dell Latitude 5420 i5-1135G7 32 GB 960 GB SSD 14 Zoll Win11 Pro,,18062853452,"10","FIXED_PRICE","EUR",401.0,,,401.0,"0","","","Aug-25-26 05:47:21 PDT","Sep-25-26 05:47:21 PDT","PC Notebooks & Netbooks","177","","","Gebraucht","","","","","","DE","","",""
"307145461808","HP EliteBook 850 G6 i5-8365U 32 GB 256 GB SSD 15,6 Zoll Win11 Pro",,18444588989,"10","FIXED_PRICE","EUR",380.0,,,380.0,"0","","","Aug-25-26 05:47:21 PDT","Sep-25-26 05:47:21 PDT","PC Notebooks & Netbooks","177","","","Gebraucht","","","","","","DE","","",""
"307145461811","HP EliteBook 850 G6 i5-8365U 32 GB 960 GB SSD 15,6 Zoll Win11 Pro",,18444593404,"10","FIXED_PRICE","EUR",497.0,,,497.0,"0","","","Aug-25-26 05:47:21 PDT","Sep-25-26 05:47:21 PDT","PC Notebooks & Netbooks","177","","","Gebraucht","","","","","","DE","","",""
"307145461812","Microsoft Surface 3 i5-1035G7 8 GB 256 GB SSD 13,5 Zoll Win11 Home",,18541525448,"10","FIXED_PRICE","EUR",369.0,,,369.0,"0","","","Aug-25-26 05:47:21 PDT","Sep-25-26 05:47:21 PDT","PC Notebooks & Netbooks","177","","","Gebraucht","","","","","","DE","","",""
"307145461813","Lenovo Thinkpad E15 Gen 2 i5 11gen i5-1135G7 8 GB 256 GB SSD 15,6 Zoll Win11 Pro",,18557986352,"10","FIXED_PRICE","EUR",299.0,,,299.0,"0","","","Aug-25-26 05:47:21 PDT","Sep-25-26 05:47:21 PDT","PC Notebooks & Netbooks","177","","","Gebraucht","","","","","","DE","","",""
"307145461816","Fujitsu Lifebook U729 i5-8250U 8 GB 256 GB SSD 12,5 Zoll Win11 Pro",,18563431073,"10","FIXED_PRICE","EUR",183.0,,,183.0,"0","","","Aug-25-26 05:47:21 PDT","Sep-25-26 05:47:21 PDT","PC Notebooks & Netbooks","177","","","Gebraucht","","","","","","DE","","",""
"307145461820","Fujitsu Lifebook U729 i5-8250U 8 GB 120 GB SSD 12,5 Zoll Win11 Pro",,18563443406,"10","FIXED_PRICE","EUR",171.0,,,171.0,"0","","","Aug-25-26 05:47:21 PDT","Sep-25-26 05:47:21 PDT","PC Notebooks & Netbooks","177","","","Gebraucht","","","","","","DE","","",""
"307145461823","Fujitsu Lifebook U729 i5-8250U 8 GB 120 GB SSD 12,5 Zoll Win11 Pro",,18563448038,"10","FIXED_PRICE","EUR",148.0,,,148.0,"0","","","Aug-25-26 05:47:21 PDT","Sep-25-26 05:47:21 PDT","PC Notebooks & Netbooks","177","","","Gebraucht","","","","","","DE","","",""
"307145461827","Fujitsu Lifebook U729 i5-8250U 16 GB 960 GB SSD 12,5 Zoll Win11 Pro",,18563462541,"10","FIXED_PRICE","EUR",346.0,,,346.0,"0","","","Aug-25-26 05:47:21 PDT","Sep-25-26 05:47:21 PDT","PC Notebooks & Netbooks","177","","","Gebraucht","","","","","","DE","","",""
"307145461829","Fujitsu Lifebook U729 i5-8250U 16 GB 480 GB SSD 12,5 Zoll Win11 Pro",,18563458856,"10","FIXED_PRICE","EUR",264.0,,,264.0,"0","","","Aug-25-26 05:47:21 PDT","Sep-25-26 05:47:21 PDT","PC Notebooks & Netbooks","177","","","Gebraucht","","","","","","DE","","",""
"307145461831","Fujitsu Lifebook U729 i5-8250U 32 GB 240 GB SSD 12,5 Zoll Win11 Pro",,18563469859,"10","FIXED_PRICE","EUR",311.0,,,311.0,"0","","","Aug-25-26 05:47:21 PDT","Sep-25-26 05:47:21 PDT","PC Notebooks & Netbooks","177","","","Gebraucht","","","","","","DE","","",""
"307145461834","Fujitsu Lifebook U729 i5-8250U 32 GB 480 GB SSD 12,5 Zoll Win11 Pro",,18563473382,"10","FIXED_PRICE","EUR",346.0,,,346.0,"0","","","Aug-25-26 05:47:21 PDT","Sep-25-26 05:47:21 PDT","PC Notebooks & Netbooks","177","","","Gebraucht","","","","","","DE","","",""
"307145461835","Fujitsu Lifebook U729 i5-8250U 32 GB 960 GB SSD 12,5 Zoll Win11 Pro",,18563474988,"10","FIXED_PRICE","EUR",427.0,,,427.0,"0","","","Aug-25-26 05:47:21 PDT","Sep-25-26 05:47:21 PDT","PC Notebooks & Netbooks","177","","","Gebraucht","","","","","","DE","","",""
"307145461837","Fujitsu Lifebook U729 i5-8250U 16 GB 480 GB SSD 12,5 Zoll Win11 Pro",,18563573193,"10","FIXED_PRICE","EUR",241.0,,,241.0,"0","","","Aug-25-26 05:47:21 PDT","Sep-25-26 05:47:21 PDT","PC Notebooks & Netbooks","177","","","Gebraucht","","","","","","DE","","",""
"307145461839","Fujitsu Lifebook U729 i5-8250U 16 GB 240 GB SSD 12,5 Zoll Win11 Pro",,18563479290,"10","FIXED_PRICE","EUR",206.0,,,206.0,"0","","","Aug-25-26 05:47:21 PDT","Sep-25-26 05:47:21 PDT","PC Notebooks & Netbooks","177","","","Gebraucht","","","","","","DE","","",""
"307145461841","Fujitsu Lifebook U729 i5-8250U 16 GB 960 GB SSD 12,5 Zoll Win11 Pro",,18563577629,"10","FIXED_PRICE","EUR",322.0,,,322.0,"0","","","Aug-25-26 05:47:21 PDT","Sep-25-26 05:47:21 PDT","PC Notebooks & Netbooks","177","","","Gebraucht","","","","","","DE","","",""
"307145461842","Fujitsu Lifebook U729 i5-8250U 32 GB 960 GB SSD 12,5 Zoll Win11 Pro",,18563580591,"10","FIXED_PRICE","EUR",404.0,,,404.0,"0","","","Aug-25-26 05:47:21 PDT","Sep-25-26 05:47:21 PDT","PC Notebooks & Netbooks","177","","","Gebraucht","","","","","","DE","","",""
"307145461845","Fujitsu Lifebook U729 i5-8250U 32 GB 480 GB SSD 12,5 Zoll Win11 Pro",,18563583748,"10","FIXED_PRICE","EUR",322.0,,,322.0,"0","","","Aug-25-26 05:47:21 PDT","Sep-25-26 05:47:21 PDT","PC Notebooks & Netbooks","177","","","Gebraucht","","","","","","DE","","",""
"307145461850","Lenovo ThinkPad X13 Yoga Gen 1 i5-10210U 8 GB 256 GB SSD 13,3 Zoll Win11 Pro",,18660726962,"10","FIXED_PRICE","EUR",253.0,,,253.0,"0","","","Aug-25-26 05:47:21 PDT","Sep-25-26 05:47:21 PDT","PC Notebooks & Netbooks","177","","","Gebraucht","","","","","","DE","","",""
"307145461853","Fujitsu Lifebook E756 i5-6200U 8 GB 240 GB SSD 15,6 Zoll Win11 Pro",,18663203791,"10","FIXED_PRICE","EUR",194.0,,,194.0,"0","","","Aug-25-26 05:47:21 PDT","Sep-25-26 05:47:21 PDT","PC Notebooks & Netbooks","177","","","Gebraucht","","","","","","DE","","",""
"307145461854","Fujitsu Lifebook E756 i5-6200U 8 GB 120 GB SSD 15,6 Zoll Win10 Pro",,18663154044,"10","FIXED_PRICE","EUR",183.0,,,183.0,"0","","","Aug-25-26 05:47:21 PDT","Sep-25-26 05:47:21 PDT","PC Notebooks & Netbooks","177","","","Gebraucht","","","","","","DE","","",""
"307145461855","Fujitsu Lifebook E756 i5-6200U 16 GB 240 GB SSD 15,6 Zoll Win11 Pro",,18663215302,"10","FIXED_PRICE","EUR",241.0,,,241.0,"0","","","Aug-25-26 05:47:21 PDT","Sep-25-26 05:47:21 PDT","PC Notebooks & Netbooks","177","","","Gebraucht","","","","","","DE","","",""
"307145461860","Fujitsu Lifebook E756 i5-6200U 16 GB 480 GB SSD 15,6 Zoll Win11 Pro",,18663230703,"10","FIXED_PRICE","EUR",276.0,,,276.0,"0","","","Aug-25-26 05:47:21 PDT","Sep-25-26 05:47:21 PDT","PC Notebooks & Netbooks","177","","","Gebraucht","","","","","","DE","","",""
"307145461861","Fujitsu Lifebook E756 i5-6200U 16 GB 960 GB SSD 15,6 Zoll Win11 Pro",,18663241148,"10","FIXED_PRICE","EUR",357.0,,,357.0,"0","","","Aug-25-26 05:47:21 PDT","Sep-25-26 05:47:21 PDT","PC Notebooks & Netbooks","177","","","Gebraucht","","","","","","DE","","",""
"307145461862","Dell Precision 7730 i7-8750H 16 GB 256 GB SSD 17,3 Zoll Win11 Pro",,18740771631,"10","FIXED_PRICE","EUR",601.0,,,601.0,"0","","","Aug-25-26 05:47:22 PDT","Sep-25-26 05:47:22 PDT","PC Notebooks & Netbooks","177","","","Gebraucht","","","","","","DE","","",""
"307145461866",Dell Latitude 5490 i5-8350U 8 GB 120 GB SSD 14 Zoll Win11 Pro,,18743277941,"10","FIXED_PRICE","EUR",160.0,,,160.0,"0","","","Aug-25-26 05:47:22 PDT","Sep-25-26 05:47:22 PDT","PC Notebooks & Netbooks","177","","","Gebraucht","","","","","","DE","","",""
"307145461871",Dell Latitude 5490 i5-8350U 16 GB 480 GB SSD 14 Zoll Win11 Pro,,18743428870,"10","FIXED_PRICE","EUR",253.0,,,253.0,"0","","","Aug-25-26 05:47:22 PDT","Sep-25-26 05:47:22 PDT","PC Notebooks & Netbooks","177","","","Gebraucht","","","","","","DE","","",""
"307145461875",Dell Latitude 5490 i5-8350U 16 GB 256 GB SSD 14 Zoll Win11 Pro,,18743405485,"10","FIXED_PRICE","EUR",218.0,,,218.0,"0","","","Aug-25-26 05:47:22 PDT","Sep-25-26 05:47:22 PDT","PC Notebooks & Netbooks","177","","","Gebraucht","","","","","","DE","","",""
"307145461878",Dell Latitude 5490 i5-8350U 16 GB 960 GB SSD 14 Zoll Win11 Pro,,18743443010,"10","FIXED_PRICE","EUR",334.0,,,334.0,"0","","","Aug-25-26 05:47:22 PDT","Sep-25-26 05:47:22 PDT","PC Notebooks & Netbooks","177","","","Gebraucht","","","","","","DE","","",""
"307145461885",Dell Latitude 5490 i5-8350U 32 GB 480 GB SSD 14 Zoll Win11 Pro,,18743453524,"10","FIXED_PRICE","EUR",334.0,,,334.0,"0","","","Aug-25-26 05:47:22 PDT","Sep-25-26 05:47:22 PDT","PC Notebooks & Netbooks","177","","","Gebraucht","","","","","","DE","","",""
"307145461888",Dell Latitude 5490 i5-8350U 16 GB 256 GB SSD 14 Zoll Win11 Pro,,18743456240,"10","FIXED_PRICE","EUR",247.0,,,247.0,"0","","","Aug-25-26 05:47:22 PDT","Sep-25-26 05:47:22 PDT","PC Notebooks & Netbooks","177","","","Gebraucht","","","","","","DE","","",""
"307145461892",Dell Latitude 5490 i5-8350U 16 GB 480 GB SSD 14 Zoll Win11 Pro,,18743464240,"10","FIXED_PRICE","EUR",282.0,,,282.0,"0","","","Aug-25-26 05:47:22 PDT","Sep-25-26 05:47:22 PDT","PC Notebooks & Netbooks","177","","","Gebraucht","","","","","","DE","","",""
"307145461894",Dell Latitude 5490 i5-8350U 16 GB 960 GB SSD 14 Zoll Win11 Pro,,18743468306,"10","FIXED_PRICE","EUR",364.0,,,364.0,"0","","","Aug-25-26 05:47:22 PDT","Sep-25-26 05:47:22 PDT","PC Notebooks & Netbooks","177","","","Gebraucht","","","","","","DE","","",""
"307145461901",Dell Latitude 5490 i5-8350U 32 GB 960 GB SSD 14 Zoll Win11 Pro,,18743472876,"10","FIXED_PRICE","EUR",445.0,,,445.0,"0","","","Aug-25-26 05:47:22 PDT","Sep-25-26 05:47:22 PDT","PC Notebooks & Netbooks","177","","","Gebraucht","","","","","","DE","","",""
"307145461902","HP Probook 450 G5 i5-7200U 8 GB 256 GB SSD 15,6 Zoll Win11 Pro",,18832430548,"10","FIXED_PRICE","EUR",170.0,,,170.0,"0","","","Aug-25-26 05:47:22 PDT","Sep-25-26 05:47:22 PDT","PC Notebooks & Netbooks","177","","","Gebraucht","","","","","","DE","","",""
"307145461903","HP Probook 450 G5 i5-7200U 8 GB 120 GB SSD 15,6 Zoll Win11 Pro",,18832409383,"10","FIXED_PRICE","EUR",160.0,,,160.0,"0","","","Aug-25-26 05:47:22 PDT","Sep-25-26 05:47:22 PDT","PC Notebooks & Netbooks","177","","","Gebraucht","","","","","","DE","","",""
"307145461908","HP Probook 450 G5 i5-7200U 16 GB 256 GB SSD 15,6 Zoll Win11 Pro",,18832433310,"10","FIXED_PRICE","EUR",217.0,,,217.0,"0","","","Aug-25-26 05:47:22 PDT","Sep-25-26 05:47:22 PDT","PC Notebooks & Netbooks","177","","","Gebraucht","","","","","","DE","","",""
"307145461909","HP Probook 450 G5 i5-7200U 16 GB 480 GB SSD 15,6 Zoll Win11 Pro",,18832440109,"10","FIXED_PRICE","EUR",251.0,,,251.0,"0","","","Aug-25-26 05:47:22 PDT","Sep-25-26 05:47:22 PDT","PC Notebooks & Netbooks","177","","","Gebraucht","","","","","","DE","","",""
"307145461910","HP Probook 450 G5 i5-7200U 32 GB 960 GB SSD 15,6 Zoll Win11 Pro",,18832445256,"10","FIXED_PRICE","EUR",414.0,,,414.0,"0","","","Aug-25-26 05:47:22 PDT","Sep-25-26 05:47:22 PDT","PC Notebooks & Netbooks","177","","","Gebraucht","","","","","","DE","","",""
"307145461914","HP Probook 450 G5 i5-7200U 16 GB 960 GB SSD 15,6 Zoll Win11 Pro",,18832442567,"10","FIXED_PRICE","EUR",333.0,,,333.0,"0","","","Aug-25-26 05:47:22 PDT","Sep-25-26 05:47:22 PDT","PC Notebooks & Netbooks","177","","","Gebraucht","","","","","","DE","","",""
"307145461915","HP Probook 450 G5 i5-7200U 8 GB 256 GB SSD 15,6 Zoll Win11 Pro",,18832446631,"10","FIXED_PRICE","EUR",201.0,,,201.0,"0","","","Aug-25-26 05:47:22 PDT","Sep-25-26 05:47:22 PDT","PC Notebooks & Netbooks","177","","","Gebraucht","","","","","","DE","","",""
"307145461917","HP Probook 450 G5 i5-7200U 16 GB 256 GB SSD 15,6 Zoll Win11 Pro",,18832469510,"10","FIXED_PRICE","EUR",247.0,,,247.0,"0","","","Aug-25-26 05:47:22 PDT","Sep-25-26 05:47:22 PDT","PC Notebooks & Netbooks","177","","","Gebraucht","","","","","","DE","","",""
"307145461924","HP Probook 450 G5 i5-7200U 16 GB 480 GB SSD 15,6 Zoll Win11 Pro",,18832477732,"10","FIXED_PRICE","EUR",282.0,,,282.0,"0","","","Aug-25-26 05:47:22 PDT","Sep-25-26 05:47:22 PDT","PC Notebooks & Netbooks","177","","","Gebraucht","","","","","","DE","","",""
"307145461925","HP Probook 450 G5 i5-7200U 16 GB 960 GB SSD 15,6 Zoll Win11 Pro",,18832481990,"10","FIXED_PRICE","EUR",364.0,,,364.0,"0","","","Aug-25-26 05:47:22 PDT","Sep-25-26 05:47:22 PDT","PC Notebooks & Netbooks","177","","","Gebraucht","","","","","","DE","","",""
"307145461929","HP Probook 450 G5 i5-7200U 32 GB 960 GB SSD 15,6 Zoll Win11 Pro",,18832483694,"10","FIXED_PRICE","EUR",445.0,,,445.0,"0","","","Aug-25-26 05:47:22 PDT","Sep-25-26 05:47:22 PDT","PC Notebooks & Netbooks","177","","","Gebraucht","","","","","","DE","","",""
"307145461933","HP Probook 450 G5 i5-8250U 8 GB 256 GB SSD 15,6 Zoll Win11 Pro",,18832492250,"10","FIXED_PRICE","EUR",183.0,,,183.0,"0","","","Aug-25-26 05:47:23 PDT","Sep-25-26 05:47:23 PDT","PC Notebooks & Netbooks","177","","","Gebraucht","","","","","","DE","","",""
"307145461936","HP Probook 450 G5 i5-8250U 8 GB 120 GB SSD 15,6 Zoll Win11 Pro",,18832498007,"10","FIXED_PRICE","EUR",175.0,,,175.0,"0","","","Aug-25-26 05:47:23 PDT","Sep-25-26 05:47:23 PDT","PC Notebooks & Netbooks","177","","","Gebraucht","","","","","","DE","","",""
"307145461937",Dell Latitude 5490 i5-8350U 32 GB 480 GB SSD 14 Zoll Win11 Pro,,18743474134,"10","FIXED_PRICE","EUR",364.0,,,364.0,"0","","","Aug-25-26 05:47:23 PDT","Sep-25-26 05:47:23 PDT","PC Notebooks & Netbooks","177","","","Gebraucht","","","","","","DE","","",""
"307145461940","HP Probook 450 G5 i5-8250U 16 GB 256 GB SSD 15,6 Zoll Win11 Pro",,18832506568,"10","FIXED_PRICE","EUR",229.0,,,229.0,"0","","","Aug-25-26 05:47:23 PDT","Sep-25-26 05:47:23 PDT","PC Notebooks & Netbooks","177","","","Gebraucht","","","","","","DE","","",""
"307145461947","HP Probook 450 G5 i5-8250U 16 GB 480 GB SSD 15,6 Zoll Win11 Pro",,18832515319,"10","FIXED_PRICE","EUR",264.0,,,264.0,"0","","","Aug-25-26 05:47:23 PDT","Sep-25-26 05:47:23 PDT","PC Notebooks & Netbooks","177","","","Gebraucht","","","","","","DE","","",""
"307145461948","HP Probook 450 G5 i5-8250U 16 GB 960 GB SSD 15,6 Zoll Win11 Pro",,18832517309,"10","FIXED_PRICE","EUR",346.0,,,346.0,"0","","","Aug-25-26 05:47:23 PDT","Sep-25-26 05:47:23 PDT","PC Notebooks & Netbooks","177","","","Gebraucht","","","","","","DE","","",""
"307145461949","HP Probook 450 G5 i5-8250U 32 GB 960 GB SSD 15,6 Zoll Win11 Pro",,18832519107,"10","FIXED_PRICE","EUR",427.0,,,427.0,"0","","","Aug-25-26 05:47:23 PDT","Sep-25-26 05:47:23 PDT","PC Notebooks & Netbooks","177","","","Gebraucht","","","","","","DE","","",""
"307145461957","HP Probook 450 G5 i5-8250U 8 GB 256 GB SSD 15,6 Zoll Win11 Pro",,18832522726,"10","FIXED_PRICE","EUR",218.0,,,218.0,"0","","","Aug-25-26 05:47:23 PDT","Sep-25-26 05:47:23 PDT","PC Notebooks & Netbooks","177","","","Gebraucht","","","","","","DE","","",""
"307145461962","HP Probook 450 G5 i5-8250U 16 GB 256 GB SSD 15,6 Zoll Win11 Pro",,18832530837,"10","FIXED_PRICE","EUR",264.0,,,264.0,"0","","","Aug-25-26 05:47:23 PDT","Sep-25-26 05:47:23 PDT","PC Notebooks & Netbooks","177","","","Gebraucht","","","","","","DE","","",""
"307145461966","HP Probook 450 G5 i5-8250U 16 GB 960 GB SSD 15,6 Zoll Win11 Pro",,18832544891,"10","FIXED_PRICE","EUR",380.0,,,380.0,"0","","","Aug-25-26 05:47:23 PDT","Sep-25-26 05:47:23 PDT","PC Notebooks & Netbooks","177","","","Gebraucht","","","","","","DE","","",""
"307145461968","HP Probook 450 G5 i5-8250U 16 GB 480 GB SSD 15,6 Zoll Win11 Pro",,18832533499,"10","FIXED_PRICE","EUR",299.0,,,299.0,"0","","","Aug-25-26 05:47:23 PDT","Sep-25-26 05:47:23 PDT","PC Notebooks & Netbooks","177","","","Gebraucht","","","","","","DE","","",""
"307145461973","HP Probook 450 G5 i5-8250U 32 GB 960 GB SSD 15,6 Zoll Win11 Pro",,18832552122,"10","FIXED_PRICE","EUR",462.0,,,462.0,"0","","","Aug-25-26 05:47:23 PDT","Sep-25-26 05:47:23 PDT","PC Notebooks & Netbooks","177","","","Gebraucht","","","","","","DE","","",""
"307145461982","Dell Latitude 3310 i3-8145U 8 GB 128 GB SSD 13,3 Zoll Win10 Pro",,18838842913,"10","FIXED_PRICE","EUR",148.0,,,148.0,"0","","","Aug-25-26 05:47:23 PDT","Sep-25-26 05:47:23 PDT","PC Notebooks & Netbooks","177","","","Gebraucht","","","","","","DE","","",""
"307145461984","Dell Latitude 3310 i3-8145U 8 GB 480 GB SSD 13,3 Zoll Win11 Pro",,18838859455,"10","FIXED_PRICE","EUR",194.0,,,194.0,"0","","","Aug-25-26 05:47:23 PDT","Sep-25-26 05:47:23 PDT","PC Notebooks & Netbooks","177","","","Gebraucht","","","","","","DE","","",""
"307145461986","Dell Latitude 3310 i3-8145U 8 GB 240 GB SSD 13,3 Zoll Win11 Pro",,18838856635,"10","FIXED_PRICE","EUR",160.0,,,160.0,"0","","","Aug-25-26 05:47:23 PDT","Sep-25-26 05:47:23 PDT","PC Notebooks & Netbooks","177","","","Gebraucht","","","","","","DE","","",""
"307145461987","Dell Latitude 3310 i3-8145U 8 GB 960 GB SSD 13,3 Zoll Win11 Pro",,18838870897,"10","FIXED_PRICE","EUR",276.0,,,276.0,"0","","","Aug-25-26 05:47:23 PDT","Sep-25-26 05:47:23 PDT","PC Notebooks & Netbooks","177","","","Gebraucht","","","","","","DE","","",""
"307145461996",Dell Latitude 7480 i5-6300U 8 GB 256 GB SSD 14 Zoll Win11 Pro,,18870844989,"10","FIXED_PRICE","EUR",160.0,,,160.0,"0","","","Aug-25-26 05:47:23 PDT","Sep-25-26 05:47:23 PDT","PC Notebooks & Netbooks","177","","","Gebraucht","","","","","","DE","","",""
"307145462005",Dell Latitude 7480 i5-6300U 16 GB 480 GB SSD 14 Zoll Win11 Pro,,18870871374,"10","FIXED_PRICE","EUR",218.0,,,218.0,"0","","","Aug-25-26 05:47:23 PDT","Sep-25-26 05:47:23 PDT","PC Notebooks & Netbooks","177","","","Gebraucht","","","","","","DE","","",""
"307145462012",Dell Latitude 7480 i5-6300U 32 GB 960 GB SSD 14 Zoll Win11 Pro,,18870872259,"10","FIXED_PRICE","EUR",380.0,,,380.0,"0","","","Aug-25-26 05:47:23 PDT","Sep-25-26 05:47:23 PDT","PC Notebooks & Netbooks","177","","","Gebraucht","","","","","","DE","","",""
"307145462017",Dell Latitude 7480 i5-6300U 16 GB 256 GB SSD 14 Zoll Win11 Pro,,18870874623,"10","FIXED_PRICE","EUR",206.0,,,206.0,"0","","","Aug-25-26 05:47:23 PDT","Sep-25-26 05:47:23 PDT","PC Notebooks & Netbooks","177","","","Gebraucht","","","","","","DE","","",""
"307145462018",Dell Latitude 7480 i5-6300U 16 GB 480 GB SSD 14 Zoll Win11 Pro,,18870877475,"10","FIXED_PRICE","EUR",241.0,,,241.0,"0","","","Aug-25-26 05:47:23 PDT","Sep-25-26 05:47:23 PDT","PC Notebooks & Netbooks","177","","","Gebraucht","","","","","","DE","","",""
"307145462019",Dell Latitude 7480 i5-6300U 32 GB 960 GB SSD 14 Zoll Win11 Pro,,18870879715,"10","FIXED_PRICE","EUR",404.0,,,404.0,"0","","","Aug-25-26 05:47:23 PDT","Sep-25-26 05:47:23 PDT","PC Notebooks & Netbooks","177","","","Gebraucht","","","","","","DE","","",""
"307145462032","Dell Latitude 5520 i5-1135G7 16 GB 256 GB SSD 15,6 Zoll Win11 Pro",,3864_20260126082111,"10","FIXED_PRICE","EUR",369.0,,,369.0,"0","","","Aug-25-26 05:47:23 PDT","Sep-25-26 05:47:23 PDT","PC Notebooks & Netbooks","177","","","Gebraucht","","","","","","DE","","",""
"307145462039",HP EliteBook 745 G5 Ryzen 7 PRO 2700U 32 GB 960 GB SSD 14 Zoll Win11 Pro,,18059528269,"10","FIXED_PRICE","EUR",404.0,,,404.0,"0","","","Aug-25-26 05:47:23 PDT","Sep-25-26 05:47:23 PDT","PC Notebooks & Netbooks","177","","","Gebraucht","","","","","","DE","","",""
"307145462043","Lenovo Thinkpad E15 Gen 2 i5 11gen i5-1135G7 16 GB 256 GB SSD 15,6 Zoll Win11",,18560303265,"10","FIXED_PRICE","EUR",346.0,,,346.0,"0","","","Aug-25-26 05:47:24 PDT","Sep-25-26 05:47:24 PDT","PC Notebooks & Netbooks","177","","","Gebraucht","","","","","","DE","","",""
"307145462049",HP ProBook 440 G7 i5-10210U 16 GB 256 GB SSD 14 Zoll Win11 Pro,,6104,"10","FIXED_PRICE","EUR",253.0,,,253.0,"0","","","Aug-25-26 05:47:24 PDT","Sep-25-26 05:47:24 PDT","PC Notebooks & Netbooks","177","","","Gebraucht","","","","","","DE","","",""
"307145462050","Apple Apple MacBook Pro A1707 2017r. i7-7700HQ 16 GB 256 GB SSD 15,4 Zoll macOS",,6200,"10","FIXED_PRICE","EUR",322.0,,,322.0,"0","1","0","Aug-25-26 05:47:24 PDT","Sep-25-26 05:47:24 PDT","Apple Notebooks","111422","","","Gebraucht","","","","","","DE","","",""
"307145462056",Dell Latitude 5400 i5-8350U 8 GB 256 GB SSD 14 Zoll Win11 Pro,,5101_20251128133443,"10","FIXED_PRICE","EUR",183.0,,,183.0,"0","","","Aug-25-26 05:47:24 PDT","Sep-25-26 05:47:24 PDT","PC Notebooks & Netbooks","177","","","Gebraucht","","","","","","DE","","",""
"307145462059",Dell Latitude 5490 i5-8350U 8 GB 256 GB SSD 14 Zoll Win11 Pro,,18743335008,"10","FIXED_PRICE","EUR",171.0,,,171.0,"0","","","Aug-25-26 05:47:24 PDT","Sep-25-26 05:47:24 PDT","PC Notebooks & Netbooks","177","","","Gebraucht","","","","","","DE","","",""
"307145462065","HP ZBook 15 G2 i7-4700MQ 32 GB 480 GB SSD 15,6 Zoll Win10 Pro",,15120755410,"10","FIXED_PRICE","EUR",315.0,,,315.0,"0","","","Aug-25-26 05:47:24 PDT","Sep-25-26 05:47:24 PDT","PC Notebooks & Netbooks","177","","","Gebraucht","","","","","","DE","","",""
"307145462073",Dell Latitude 5490 i5-8350U 32 GB 960 GB SSD 14 Zoll Win11 Pro,,18743450611,"10","FIXED_PRICE","EUR",415.0,,,415.0,"0","","","Aug-25-26 05:47:24 PDT","Sep-25-26 05:47:24 PDT","PC Notebooks & Netbooks","177","","","Gebraucht","","","","","","DE","","",""
"307145462077",Fujitsu Lifebook U748 i7-8650U 16 GB 256 GB SSD 14 Zoll Win11 Pro,,18806156581,"10","FIXED_PRICE","EUR",218.0,,,218.0,"0","","","Aug-25-26 05:47:24 PDT","Sep-25-26 05:47:24 PDT","PC Notebooks & Netbooks","177","","","Gebraucht","","","","","","DE","","",""
"307145462084",Fujitsu Lifebook U748 i7-8650U 16 GB 480 GB SSD 14 Zoll Win11 Pro,,18806195348,"10","FIXED_PRICE","EUR",253.0,,,253.0,"0","","","Aug-25-26 05:47:24 PDT","Sep-25-26 05:47:24 PDT","PC Notebooks & Netbooks","177","","","Gebraucht","","","","","","DE","","",""
"307145462095",Fujitsu Lifebook U748 i7-8650U 32 GB 480 GB SSD 14 Zoll Win11 Pro,,18806206432,"10","FIXED_PRICE","EUR",334.0,,,334.0,"0","","","Aug-25-26 05:47:24 PDT","Sep-25-26 05:47:24 PDT","PC Notebooks & Netbooks","177","","","Gebraucht","","","","","","DE","","",""
"307145462096",Fujitsu Lifebook U748 i7-8650U 16 GB 960 GB SSD 14 Zoll Win11 Pro,,18806203308,"10","FIXED_PRICE","EUR",334.0,,,334.0,"0","","","Aug-25-26 05:47:24 PDT","Sep-25-26 05:47:24 PDT","PC Notebooks & Netbooks","177","","","Gebraucht","","","","","","DE","","",""
"307145462097",HP EliteBook 745 G5 Ryzen 7 PRO 2700U 16 GB 480 GB SSD 14 Zoll Win11 Pro,,18059458236,"10","FIXED_PRICE","EUR",253.0,,,253.0,"0","","","Aug-25-26 05:47:24 PDT","Sep-25-26 05:47:24 PDT","PC Notebooks & Netbooks","177","","","Gebraucht","","","","","","DE","","",""
"307145462107",Dell Latitude 7480 i5-6300U 8 GB 256 GB SSD 14 Zoll Win11 Pro,,18851144793,"10","FIXED_PRICE","EUR",136.0,,,136.0,"0","","","Aug-25-26 05:47:24 PDT","Sep-25-26 05:47:24 PDT","PC Notebooks & Netbooks","177","","","Gebraucht","","","","","","DE","","",""
"307145462117",Fujitsu Lifebook U747 i5-6200U 8 GB 256 GB SSD 14 Zoll Win10 Pro,,4619,"10","FIXED_PRICE","EUR",136.0,,,136.0,"0","","","Aug-25-26 05:47:24 PDT","Sep-25-26 05:47:24 PDT","PC Notebooks & Netbooks","177","","","Gebraucht","","","","","","DE","","",""
"307145462134","Dell Latitude 5500 i7-8650U 8 GB 240 GB SSD 15,6 Zoll Win11 Pro",,6222_20260617121257,"10","FIXED_PRICE","EUR",241.0,,,241.0,"0","","","Aug-25-26 05:47:24 PDT","Sep-25-26 05:47:24 PDT","PC Notebooks & Netbooks","177","","","Gebraucht","","","","","","DE","","",""
"307145462135",Dell Latitude 7410 i7-10610U 16 GB 256 GB SSD 14 Zoll Win11 Pro,,10370_20251203112444,"10","FIXED_PRICE","EUR",292.0,,,292.0,"0","","","Aug-25-26 05:47:24 PDT","Sep-25-26 05:47:24 PDT","PC Notebooks & Netbooks","177","","","Gebraucht","","","","","","DE","","",""
"307145462139",Fujitsu Lifebook U748 i7-8650U 8 GB 128 GB SSD 14 Zoll Win11 Pro,,18806137811,"10","FIXED_PRICE","EUR",166.0,,,166.0,"0","","","Aug-25-26 05:47:24 PDT","Sep-25-26 05:47:24 PDT","PC Notebooks & Netbooks","177","","","Gebraucht","","","","","","DE","","",""
"307145462140",Fujitsu Lifebook U748 i7-8650U 32 GB 960 GB SSD 14 Zoll Win11 Pro,,18806210742,"10","FIXED_PRICE","EUR",415.0,,,415.0,"0","","","Aug-25-26 05:47:24 PDT","Sep-25-26 05:47:24 PDT","PC Notebooks & Netbooks","177","","","Gebraucht","","","","","","DE","","",""
"307145462142",Apple MacBook Pro A2141 2019r i9-9880H 32 GB 1000 GB SSD 16 Zoll,,16028351278,"10","FIXED_PRICE","EUR",740.0,,,740.0,"0","","","Aug-25-26 05:47:24 PDT","Sep-25-26 05:47:24 PDT","Apple Notebooks","111422","","","Gebraucht","","","","","","DE","","",""
"307145462151","Apple MacBook Pro A1707 2017r. i7-7700HQ 16 GB 256 GB SSD 15,6 Zoll",,13279889861,"10","FIXED_PRICE","EUR",392.0,,,392.0,"0","","","Aug-25-26 05:47:24 PDT","Sep-25-26 05:47:24 PDT","Apple Notebooks","111422","","","Gebraucht","","","","","","DE","","",""
"307145462153",Dell Latitude 7480 i5-6300U 16 GB 256 GB SSD 14 Zoll Win11 Pro,,18870867131,"10","FIXED_PRICE","EUR",183.0,,,183.0,"0","","","Aug-25-26 05:47:24 PDT","Sep-25-26 05:47:24 PDT","PC Notebooks & Netbooks","177","","","Gebraucht","","","","","","DE","","",""
"307145462155","Dell Latitude 5520 i5-1135G7 8 GB 256 GB SSD 15,6 Zoll Win11 Pro",,18318688491,"10","FIXED_PRICE","EUR",357.0,,,357.0,"0","","","Aug-25-26 05:47:24 PDT","Sep-25-26 05:47:24 PDT","PC Notebooks & Netbooks","177","","","Gebraucht","","","","","","DE","","",""
"307145462160","Apple MacBook Pro A1707 2017r. i7-7700HQ 16 GB 256 GB SSD 15,6 Zoll",,18770060065,"10","FIXED_PRICE","EUR",322.0,,,322.0,"0","","","Aug-25-26 05:47:24 PDT","Sep-25-26 05:47:24 PDT","Apple Notebooks","111422","","","Gebraucht","","","","","","DE","","",""
"307145462169",Dell Latitude 5410 i5-10310U 16 GB 480 GB SSD 14 Zoll Win11 Pro,,5570,"10","FIXED_PRICE","EUR",366.0,,,366.0,"0","","","Aug-25-26 05:47:24 PDT","Sep-25-26 05:47:24 PDT","PC Notebooks & Netbooks","177","","","Gebraucht","","","","","","DE","","",""
"307145462174",Dell Latitude 5400 i5-8350U 8 GB 256 GB SSD 14 Zoll Win11 Pro,,5101_20251128132431,"10","FIXED_PRICE","EUR",206.0,,,206.0,"0","","","Aug-25-26 05:47:24 PDT","Sep-25-26 05:47:24 PDT","PC Notebooks & Netbooks","177","","","Gebraucht","","","","","","DE","","",""
"307145462184",HP EliteBook 745 G5 Ryzen 7 PRO 2700U 32 GB 960 GB SSD 14 Zoll Win11 Pro,,18059414992,"10","FIXED_PRICE","EUR",427.0,,,427.0,"0","","","Aug-25-26 05:47:24 PDT","Sep-25-26 05:47:24 PDT","PC Notebooks & Netbooks","177","","","Gebraucht","","","","","","DE","","",""
"307145462187",HP EliteBook 745 G5 Ryzen 7 PRO 2700U 16 GB 960 GB SSD 14 Zoll Win11 Pro,,18059476982,"10","FIXED_PRICE","EUR",322.0,,,322.0,"0","","","Aug-25-26 05:47:24 PDT","Sep-25-26 05:47:24 PDT","PC Notebooks & Netbooks","177","","","Gebraucht","","","","","","DE","","",""
"307145462196","Lenovo Thinkpad E15 Gen2 i5-1135G7 16 GB 480 GB SSD 15,6 Zoll Win11 Pro",,18330880550,"10","FIXED_PRICE","EUR",380.0,,,380.0,"0","","","Aug-25-26 05:47:24 PDT","Sep-25-26 05:47:24 PDT","PC Notebooks & Netbooks","177","","","Gebraucht","","","","","","DE","","",""
"307145462203","Lenovo Thinkpad E15 Gen 2 i5 11gen i5-1135G7 32 GB 512 GB SSD 15,6 Zoll Win11",,18560306003,"10","FIXED_PRICE","EUR",497.0,,,497.0,"0","","","Aug-25-26 05:47:25 PDT","Sep-25-26 05:47:25 PDT","PC Notebooks & Netbooks","177","","","Gebraucht","","","","","","DE","","",""
"307145462210",Apple MacBook Pro A2141 2019r i9-9880H 32 GB 1000 GB SSD 16 Zoll,,18505935978,"10","FIXED_PRICE","EUR",740.0,,,740.0,"0","","","Aug-25-26 05:47:25 PDT","Sep-25-26 05:47:25 PDT","Apple Notebooks","111422","","","Gebraucht","","","","","","DE","","",""
"307145462217",Fujitsu Lifebook U749 i7-8650U 16 GB 256 GB SSD 14 Zoll Win10/11 Pro,,17292932466,"10","FIXED_PRICE","EUR",257.0,,,257.0,"0","","","Aug-25-26 05:47:25 PDT","Sep-25-26 05:47:25 PDT","PC Notebooks & Netbooks","177","","","Gebraucht","","","","","","DE","","",""
"307145462223","HP ProBook 650 G2 i5-6200U 16 GB 256 GB SSD 15,6 Zoll Win11 Pro",,18120440689,"10","FIXED_PRICE","EUR",199.0,,,199.0,"0","","","Aug-25-26 05:47:25 PDT","Sep-25-26 05:47:25 PDT","PC Notebooks & Netbooks","177","","","Gebraucht","","","","","","DE","","",""
"307145462228",HP EliteBook 745 G5 Ryzen 7 PRO 2700U 32 GB 480 GB SSD 14 Zoll Win11 Pro,,18059515528,"10","FIXED_PRICE","EUR",334.0,,,334.0,"0","","","Aug-25-26 05:47:25 PDT","Sep-25-26 05:47:25 PDT","PC Notebooks & Netbooks","177","","","Gebraucht","","","","","","DE","","",""
"307145462230",HP ProBook 440 G7 i5-10210U 32 GB 960 GB SSD 14 Zoll Win11 Pro,,18243632566,"10","FIXED_PRICE","EUR",392.0,,,392.0,"0","","","Aug-25-26 05:47:25 PDT","Sep-25-26 05:47:25 PDT","PC Notebooks & Netbooks","177","","","Gebraucht","","","","","","DE","","",""
"307145462236","Dell Latitude 5520 i5-1135G7 8 GB 256 GB SSD 15,6 Zoll Win11 Pro",,18263434784,"10","FIXED_PRICE","EUR",334.0,,,334.0,"0","","","Aug-25-26 05:47:25 PDT","Sep-25-26 05:47:25 PDT","PC Notebooks & Netbooks","177","","","Gebraucht","","","","","","DE","","",""
"307145462245","Lenovo THINKPAD X13 Yoga gen 2 i5-1135G7 16 GB 256 GB SSD 13,3 Zoll Win11 Pro",,18652572197,"10","FIXED_PRICE","EUR",299.0,,,299.0,"0","","","Aug-25-26 05:47:25 PDT","Sep-25-26 05:47:25 PDT","PC Notebooks & Netbooks","177","","","Gebraucht","","","","","","DE","","",""
"307145462255","Dell Latitude 5590 i5-8250U 16 GB 256 GB SSD 15,6 Zoll Win11 Pro",,4350,"10","FIXED_PRICE","EUR",427.0,,,427.0,"0","","","Aug-25-26 05:47:25 PDT","Sep-25-26 05:47:25 PDT","PC Notebooks & Netbooks","177","","","Gebraucht","","","","","","DE","","",""
"307145462256","HP Zbook 15 G3 i7-6700HQ 16 GB 256 GB SSD+HDD 15,6 Zoll Win10/11 Pro",,5858,"10","FIXED_PRICE","EUR",327.0,,,327.0,"0","","","Aug-25-26 05:47:25 PDT","Sep-25-26 05:47:25 PDT","PC Notebooks & Netbooks","177","","","Gebraucht","","","","","","DE","","",""
"307145462261",HP EliteBook 745 G5 Ryzen 7 PRO 2700U 8 GB 256 GB SSD 14 Zoll Win11 Pro,,16998898397,"10","FIXED_PRICE","EUR",194.0,,,194.0,"0","","","Aug-25-26 05:47:25 PDT","Sep-25-26 05:47:25 PDT","PC Notebooks & Netbooks","177","","","Gebraucht","","","","","","DE","","",""
"307145462265",Fujitsu Lifebook U748 i7-8650U 16 GB 480 GB SSD 14 Zoll Win10 Pro,,17293272320,"10","FIXED_PRICE","EUR",262.0,,,262.0,"0","","","Aug-25-26 05:47:25 PDT","Sep-25-26 05:47:25 PDT","PC Notebooks & Netbooks","177","","","Gebraucht","","","","","","DE","","",""
"307145462272","HP ProBook 650 G2 i5-6200U 16 GB 480 GB SSD 15,6 Zoll Win11 Pro",,18120448789,"10","FIXED_PRICE","EUR",227.0,,,227.0,"0","","","Aug-25-26 05:47:25 PDT","Sep-25-26 05:47:25 PDT","PC Notebooks & Netbooks","177","","","Gebraucht","","","","","","DE","","",""
"307145462276",HP ProBook 440 G6 i5-8265U 8 GB 120 GB SSD 14 Zoll Win11 Pro,,18176692474,"10","FIXED_PRICE","EUR",171.0,,,171.0,"0","","","Aug-25-26 05:47:25 PDT","Sep-25-26 05:47:25 PDT","PC Notebooks & Netbooks","177","","","Gebraucht","","","","","","DE","","",""
"307145462281","Lenovo Thinkpad E15 Gen 2 i5 11gen i5-1135G7 16 GB 256 GB SSD 15,6 Zoll Win11",,18560325166,"10","FIXED_PRICE","EUR",392.0,,,392.0,"0","","","Aug-25-26 05:47:25 PDT","Sep-25-26 05:47:25 PDT","PC Notebooks & Netbooks","177","","","Gebraucht","","","","","","DE","","",""
"307145462288",Dell Latitude 7480 i7-7600U 8 GB 256 GB SSD 14 Zoll Win11 Pro,,4598,"10","FIXED_PRICE","EUR",206.0,,,206.0,"0","","","Aug-25-26 05:47:25 PDT","Sep-25-26 05:47:25 PDT","PC Notebooks & Netbooks","177","","","Gebraucht","","","","","","DE","","",""
"307145462291","Lenovo ThinkPad X13 Yoga Gen2 i5-1135G7 16 GB 256 GB SSD 13,3 Zoll Win11 Pro",,17622540577_20260608110515,"10","FIXED_PRICE","EUR",299.0,,,299.0,"0","","","Aug-25-26 05:47:25 PDT","Sep-25-26 05:47:25 PDT","PC Notebooks & Netbooks","177","","","Gebraucht","","","","","","DE","","",""
"307145462292","Dell Latitude 5500 i5-8265U 8 GB 240 GB SSD 15,6 Zoll Win11 Pro",,6222_20260617120719,"10","FIXED_PRICE","EUR",206.0,,,206.0,"0","","","Aug-25-26 05:47:25 PDT","Sep-25-26 05:47:25 PDT","PC Notebooks & Netbooks","177","","","Gebraucht","","","","","","DE","","",""
"307145462300","Lenovo ThinkPad X13 Yoga Gen1 i7-10610U 16 GB 256 GB SSD 13,3 Zoll Win11 Pro",,17622540577_20260714122616,"10","FIXED_PRICE","EUR",276.0,,,276.0,"0","1","0","Aug-25-26 05:47:25 PDT","Sep-25-26 05:47:25 PDT","PC Notebooks & Netbooks","177","","","Gebraucht","","","","","","DE","","",""
"307145462303","Dell Latitude 5590 i5-8350U 16 GB 512 GB SSD 15,6 Zoll Win10 Pro",,17054407870,"10","FIXED_PRICE","EUR",485.0,,,485.0,"0","","","Aug-25-26 05:47:25 PDT","Sep-25-26 05:47:25 PDT","PC Notebooks & Netbooks","177","","","Gebraucht","","","","","","DE","","",""
"307145462304",HP EliteBook 745 G5 Ryzen 7 PRO 2700U 16 GB 256 GB SSD 14 Zoll Win11 Pro,,18059364495,"10","FIXED_PRICE","EUR",241.0,,,241.0,"0","","","Aug-25-26 05:47:25 PDT","Sep-25-26 05:47:25 PDT","PC Notebooks & Netbooks","177","","","Gebraucht","","","","","","DE","","",""
"307145462309",HP EliteBook 745 G5 Ryzen 7 PRO 2700U 16 GB 480 GB SSD 14 Zoll Win11 Pro,,18059371645,"10","FIXED_PRICE","EUR",276.0,,,276.0,"0","","","Aug-25-26 05:47:25 PDT","Sep-25-26 05:47:25 PDT","PC Notebooks & Netbooks","177","","","Gebraucht","","","","","","DE","","",""
"307145462317","HP ProBook 650 G2 i5-6200U 32 GB 960 GB SSD 15,6 Zoll Win11 Pro",,18120454011,"10","FIXED_PRICE","EUR",320.0,,,320.0,"0","","","Aug-25-26 05:47:25 PDT","Sep-25-26 05:47:25 PDT","PC Notebooks & Netbooks","177","","","Gebraucht","","","","","","DE","","",""
"307145462319",HP EliteBook 745 G5 Ryzen 7 PRO 2700U 16 GB 960 GB SSD 14 Zoll Win11 Pro,,18059391852,"10","FIXED_PRICE","EUR",346.0,,,346.0,"0","","","Aug-25-26 05:47:25 PDT","Sep-25-26 05:47:25 PDT","PC Notebooks & Netbooks","177","","","Gebraucht","","","","","","DE","","",""
"307145462321","HP ProBook 650 G2 i5-6200U 16 GB 480 GB SSD 15,6 Zoll Win11 Pro",,18120430141,"10","FIXED_PRICE","EUR",250.0,,,250.0,"0","","","Aug-25-26 05:47:25 PDT","Sep-25-26 05:47:25 PDT","PC Notebooks & Netbooks","177","","","Gebraucht","","","","","","DE","","",""
"307145462324","Lenovo Thinkpad E15 Gen 2 i5-1135G7 8 GB 256 GB SSD 15,6 Zoll Win11 Pro",,18330801304,"10","FIXED_PRICE","EUR",299.0,,,299.0,"0","","","Aug-25-26 05:47:25 PDT","Sep-25-26 05:47:25 PDT","PC Notebooks & Netbooks","177","","","Gebraucht","","","","","","DE","","",""
"307145462331","Lenovo Thinkpad E15 Gen 2 i5-1135G7 16 GB 256 GB SSD 15,6 Zoll Win11 Pro",,18330839252,"10","FIXED_PRICE","EUR",392.0,,,392.0,"0","","","Aug-25-26 05:47:25 PDT","Sep-25-26 05:47:25 PDT","PC Notebooks & Netbooks","177","","","Gebraucht","","","","","","DE","","",""
"307145462333","Lenovo Thinkpad E15 Gen2 i5-1135G7 16 GB 960 GB SSD 15,6 Zoll Win11 Pro",,18330882304,"10","FIXED_PRICE","EUR",450.0,,,450.0,"0","","","Aug-25-26 05:47:25 PDT","Sep-25-26 05:47:25 PDT","PC Notebooks & Netbooks","177","","","Gebraucht","","","","","","DE","","",""
"307145462341","Dell Latitude 5540 i5-1345U 16 GB 480 GB SSD 15,6 Zoll Win11 Pro",,18469071434,"10","FIXED_PRICE","EUR",613.0,,,613.0,"0","","","Aug-25-26 05:47:26 PDT","Sep-25-26 05:47:26 PDT","PC Notebooks & Netbooks","177","","","Gebraucht","","","","","","DE","","",""
"307145462346","HP EliteBook 830 G6 i5-8365U 8 GB 256 GB SSD 13,3 Zoll Win11 Pro",,3808,"10","FIXED_PRICE","EUR",177.0,,,177.0,"0","","","Aug-25-26 05:47:26 PDT","Sep-25-26 05:47:26 PDT","PC Notebooks & Netbooks","177","","","Gebraucht","","","","","","DE","","",""
"307145462353","Dell Latitude 5540 i5-1345U 16 GB 256 GB SSD 15,6 Zoll Win11 Pro",,4870_20260403113150,"10","FIXED_PRICE","EUR",531.0,,,531.0,"0","","","Aug-25-26 05:47:26 PDT","Sep-25-26 05:47:26 PDT","PC Notebooks & Netbooks","177","","","Gebraucht","","","","","","DE","","",""
"307145462358","HP EliteBook 830 G6 i5-8365U 8 GB 256 GB SSD 13,3 Zoll Win11 Pro",,3808_20260612131225,"10","FIXED_PRICE","EUR",201.0,,,201.0,"0","","","Aug-25-26 05:47:26 PDT","Sep-25-26 05:47:26 PDT","PC Notebooks & Netbooks","177","","","Gebraucht","","","","","","DE","","",""
"307145462362","Dell Latitude 5500 i7-8650U 8 GB 240 GB SSD 15,6 Zoll Win11 Pro",,6222_20260617122910,"10","FIXED_PRICE","EUR",299.0,,,299.0,"0","","","Aug-25-26 05:47:26 PDT","Sep-25-26 05:47:26 PDT","PC Notebooks & Netbooks","177","","","Gebraucht","","","","","","DE","","",""
"307145462366","Lenovo ThinkPad X13 Yoga Gen1 i7-10610U 16 GB 256 GB SSD 13,3 Zoll Win11 Pro",,17622540577_20260714122104,"10","FIXED_PRICE","EUR",311.0,,,311.0,"0","","","Aug-25-26 05:47:26 PDT","Sep-25-26 05:47:26 PDT","PC Notebooks & Netbooks","177","","","Gebraucht","","","","","","DE","","",""
"307145462369",HP HP ProBook 640 G2 i5-6200U 8 GB 240 GB SSD 14 Zoll Win10 Pro,,11469486968,"10","FIXED_PRICE","EUR",160.0,,,160.0,"0","","","Aug-25-26 05:47:26 PDT","Sep-25-26 05:47:26 PDT","PC Notebooks & Netbooks","177","","","Gebraucht","","","","","","DE","","",""
"307145462376","HP EliteBook 830 G6 i5-8365U 8 GB 480 GB SSD 13,3 Zoll Win10 Pro",,15844762527,"10","FIXED_PRICE","EUR",212.0,,,212.0,"0","","","Aug-25-26 05:47:26 PDT","Sep-25-26 05:47:26 PDT","PC Notebooks & Netbooks","177","","","Gebraucht","","","","","","DE","","",""
"307145462379","HP EliteBook 830 G6 i5-8365U 16 GB 480 GB SSD 13,3 Zoll Win10 Pro",,16334585040,"10","FIXED_PRICE","EUR",259.0,,,259.0,"0","","","Aug-25-26 05:47:26 PDT","Sep-25-26 05:47:26 PDT","PC Notebooks & Netbooks","177","","","Gebraucht","","","","","","DE","","",""
"307145462382","HP EliteBook 830 G6 i5-8365U 16 GB 960 GB SSD 13,3 Zoll Win10 Pro",,16334665305,"10","FIXED_PRICE","EUR",340.0,,,340.0,"0","","","Aug-25-26 05:47:26 PDT","Sep-25-26 05:47:26 PDT","PC Notebooks & Netbooks","177","","","Gebraucht","","","","","","DE","","",""
"307145462386","Dell Latitude 5590 CZERWONY ODNOWIONY i5-8350U 16 GB 512 GB SSD 15,6 Zoll Win10",,17052290751,"10","FIXED_PRICE","EUR",485.0,,,485.0,"0","","","Aug-25-26 05:47:26 PDT","Sep-25-26 05:47:26 PDT","PC Notebooks & Netbooks","177","","","Gebraucht","","","","","","DE","","",""
"307145462388",Fujitsu Lifebook U748 i7-8650U 32 GB 480 GB SSD 14 Zoll Win10 Pro,,17293292818,"10","FIXED_PRICE","EUR",313.0,,,313.0,"0","","","Aug-25-26 05:47:26 PDT","Sep-25-26 05:47:26 PDT","PC Notebooks & Netbooks","177","","","Gebraucht","","","","","","DE","","",""
"307145462392","Dell Latitude 5590 i5-8350U 16 GB 512 GB SSD 15,6 Zoll Win10 Pro",,17054392800,"10","FIXED_PRICE","EUR",485.0,,,485.0,"0","","","Aug-25-26 05:47:26 PDT","Sep-25-26 05:47:26 PDT","PC Notebooks & Netbooks","177","","","Gebraucht","","","","","","DE","","",""
"307145462394",Fujitsu Lifebook U748 i7-8650U 32 GB 960 GB SSD 14 Zoll Win10 Pro,,17293297131,"10","FIXED_PRICE","EUR",343.0,,,343.0,"0","","","Aug-25-26 05:47:26 PDT","Sep-25-26 05:47:26 PDT","PC Notebooks & Netbooks","177","","","Gebraucht","","","","","","DE","","",""
"307145462399",HP EliteBook 745 G5 Ryzen 7 PRO 2700U 32 GB 480 GB SSD 14 Zoll Win11 Pro,,18059412316,"10","FIXED_PRICE","EUR",357.0,,,357.0,"0","","","Aug-25-26 05:47:26 PDT","Sep-25-26 05:47:26 PDT","PC Notebooks & Netbooks","177","","","Gebraucht","","","","","","DE","","",""
"307145462401",HP EliteBook 745 G5 Ryzen 7 PRO 2700U 32 GB 256 GB SSD 14 Zoll Win11 Pro,,18059406536,"10","FIXED_PRICE","EUR",322.0,,,322.0,"0","","","Aug-25-26 05:47:26 PDT","Sep-25-26 05:47:26 PDT","PC Notebooks & Netbooks","177","","","Gebraucht","","","","","","DE","","",""
"307145462404","HP ProBook 650 G2 i5-6200U 8 GB 256 GB SSD 15,6 Zoll Win11 Pro",,18118359093,"10","FIXED_PRICE","EUR",171.0,,,171.0,"0","","","Aug-25-26 05:47:26 PDT","Sep-25-26 05:47:26 PDT","PC Notebooks & Netbooks","177","","","Gebraucht","","","","","","DE","","",""
"307145462406","HP ProBook 650 G2 i5-6200U 8 GB 256 GB SSD 15,6 Zoll Win11 Pro",,18118361525,"10","FIXED_PRICE","EUR",194.0,,,194.0,"0","","","Aug-25-26 05:47:26 PDT","Sep-25-26 05:47:26 PDT","PC Notebooks & Netbooks","177","","","Gebraucht","","","","","","DE","","",""
"307145462407","HP ProBook 650 G2 i5-6200U 16 GB 256 GB SSD 15,6 Zoll Win11 Pro",,18120426114,"10","FIXED_PRICE","EUR",222.0,,,222.0,"0","","","Aug-25-26 05:47:26 PDT","Sep-25-26 05:47:26 PDT","PC Notebooks & Netbooks","177","","","Gebraucht","","","","","","DE","","",""
"307145462417","HP ProBook 650 G2 i5-6200U 16 GB 960 GB SSD 15,6 Zoll Win11 Pro",,18120432714,"10","FIXED_PRICE","EUR",292.0,,,292.0,"0","","","Aug-25-26 05:47:26 PDT","Sep-25-26 05:47:26 PDT","PC Notebooks & Netbooks","177","","","Gebraucht","","","","","","DE","","",""
"307145462420","HP ProBook 650 G2 i5-6200U 32 GB 960 GB SSD 15,6 Zoll Win11 Pro",,18120439555,"10","FIXED_PRICE","EUR",343.0,,,343.0,"0","","","Aug-25-26 05:47:26 PDT","Sep-25-26 05:47:26 PDT","PC Notebooks & Netbooks","177","","","Gebraucht","","","","","","DE","","",""
"307145462424","HP ProBook 650 G2 i5-6200U 16 GB 960 GB SSD 15,6 Zoll Win11 Pro",,18120450866,"10","FIXED_PRICE","EUR",269.0,,,269.0,"0","","","Aug-25-26 05:47:26 PDT","Sep-25-26 05:47:26 PDT","PC Notebooks & Netbooks","177","","","Gebraucht","","","","","","DE","","",""
"307145462426","HP ProBook 650 G2 i5-6200U 32 GB 480 GB SSD 15,6 Zoll Win11 Pro",,18120438301,"10","FIXED_PRICE","EUR",301.0,,,301.0,"0","","","Aug-25-26 05:47:26 PDT","Sep-25-26 05:47:26 PDT","PC Notebooks & Netbooks","177","","","Gebraucht","","","","","","DE","","",""
"307145462431",HP ProBook 440 G7 i5-10210U 16 GB 960 GB SSD 14 Zoll Win11 Pro,,18243629205,"10","FIXED_PRICE","EUR",322.0,,,322.0,"0","","","Aug-25-26 05:47:26 PDT","Sep-25-26 05:47:26 PDT","PC Notebooks & Netbooks","177","","","Gebraucht","","","","","","DE","","",""
"307145462436",HP ProBook 470 G7 i5-10210U 16 GB 256 GB SSD 14 Zoll Win11 Pro,,18225217786,"10","FIXED_PRICE","EUR",253.0,,,253.0,"0","","","Aug-25-26 05:47:26 PDT","Sep-25-26 05:47:26 PDT","PC Notebooks & Netbooks","177","","","Gebraucht","","","","","","DE","","",""
"307145462443","Lenovo Thinkpad E15 Gen 2 i5-1135G7 8 GB 256 GB SSD 15,6 Zoll Win11 Pro",,18330792191,"10","FIXED_PRICE","EUR",346.0,,,346.0,"0","","","Aug-25-26 05:47:26 PDT","Sep-25-26 05:47:26 PDT","PC Notebooks & Netbooks","177","","","Gebraucht","","","","","","DE","","",""
"307145462446",HP ProBook 440 G7 i5-10210U 16 GB 480 GB SSD 14 Zoll Win11 Pro,,18243620612,"10","FIXED_PRICE","EUR",287.0,,,287.0,"0","","","Aug-25-26 05:47:26 PDT","Sep-25-26 05:47:26 PDT","PC Notebooks & Netbooks","177","","","Gebraucht","","","","","","DE","","",""
"307145462452","Lenovo Thinkpad E15 Gen 2 i5-1135G7 16 GB 960 GB SSD 15,6 Zoll Win11 Pro",,18330862440,"10","FIXED_PRICE","EUR",497.0,,,497.0,"0","","","Aug-25-26 05:47:26 PDT","Sep-25-26 05:47:26 PDT","PC Notebooks & Netbooks","177","","","Gebraucht","","","","","","DE","","",""
"307145462454","Lenovo Thinkpad E15 Gen 2 i5-1135G7 16 GB 480 GB SSD 15,6 Zoll Win11 Pro",,18330849122,"10","FIXED_PRICE","EUR",427.0,,,427.0,"0","","","Aug-25-26 05:47:26 PDT","Sep-25-26 05:47:26 PDT","PC Notebooks & Netbooks","177","","","Gebraucht","","","","","","DE","","",""
"307145462458","Lenovo Thinkpad E15 Gen2 i5-1135G7 16 GB 256 GB SSD 15,6 Zoll Win11 Pro",,18330864995,"10","FIXED_PRICE","EUR",346.0,,,346.0,"0","","","Aug-25-26 05:47:26 PDT","Sep-25-26 05:47:26 PDT","PC Notebooks & Netbooks","177","","","Gebraucht","","","","","","DE","","",""
"307145462467","HP Zbook 15 G3 i7-6700HQ 8 GB 256 GB SSD 15,6 Zoll Win10 Pro",,18372353074,"10","FIXED_PRICE","EUR",194.0,,,194.0,"0","","","Aug-25-26 05:47:26 PDT","Sep-25-26 05:47:26 PDT","PC Notebooks & Netbooks","177","","","Gebraucht","","","","","","DE","","",""
"307145462472","HP Zbook 15 G3 i7-6700HQ 16 GB 256 GB SSD 15,6 Zoll Win10 Pro",,18372375961,"10","FIXED_PRICE","EUR",235.0,,,235.0,"0","","","Aug-25-26 05:47:27 PDT","Sep-25-26 05:47:27 PDT","PC Notebooks & Netbooks","177","","","Gebraucht","","","","","","DE","","",""
"307145462473","Dell Latitude 5590 256GB i5-8350U 16 GB 256 GB SSD 15,6 Zoll Win10 Pro",,18399412599,"10","FIXED_PRICE","EUR",427.0,,,427.0,"0","","","Aug-25-26 05:47:27 PDT","Sep-25-26 05:47:27 PDT","PC Notebooks & Netbooks","177","","","Gebraucht","","","","","","DE","","",""
"307145462476","Dell Latitude 5540 i5-1345U 16 GB 256 GB SSD 15,6 Zoll Win11 Pro",,18425151071,"10","FIXED_PRICE","EUR",578.0,,,578.0,"0","","","Aug-25-26 05:47:27 PDT","Sep-25-26 05:47:27 PDT","PC Notebooks & Netbooks","177","","","Gebraucht","","","","","","DE","","",""
"307145462480","Dell Latitude 5540 i5-1345U 16 GB 256 GB SSD 15,6 Zoll Win11 Pro",,18425192343,"10","FIXED_PRICE","EUR",531.0,,,531.0,"0","","","Aug-25-26 05:47:27 PDT","Sep-25-26 05:47:27 PDT","PC Notebooks & Netbooks","177","","","Gebraucht","","","","","","DE","","",""
"307145462487","Dell Latitude 5540 i5-1345U 16 GB 960 GB SSD 15,6 Zoll Win11 Pro",,18469076691,"10","FIXED_PRICE","EUR",694.0,,,694.0,"0","","","Aug-25-26 05:47:27 PDT","Sep-25-26 05:47:27 PDT","PC Notebooks & Netbooks","177","","","Gebraucht","","","","","","DE","","",""
"307145462488","Dell Latitude 5540 i5-1345U 32 GB 480 GB SSD 15,6 Zoll Win11 Pro",,18469091128,"10","FIXED_PRICE","EUR",706.0,,,706.0,"0","","","Aug-25-26 05:47:27 PDT","Sep-25-26 05:47:27 PDT","PC Notebooks & Netbooks","177","","","Gebraucht","","","","","","DE","","",""
"307145462489","Dell Latitude 5540 i5-1345U 32 GB 960 GB SSD 15,6 Zoll Win11 Pro",,18469079040,"10","FIXED_PRICE","EUR",787.0,,,787.0,"0","","","Aug-25-26 05:47:27 PDT","Sep-25-26 05:47:27 PDT","PC Notebooks & Netbooks","177","","","Gebraucht","","","","","","DE","","",""
"307145462493","Dell Latitude 5540 i5-1345U 16 GB 480 GB SSD 15,6 Zoll Win11 Pro",,18469100008,"10","FIXED_PRICE","EUR",566.0,,,566.0,"0","","","Aug-25-26 05:47:27 PDT","Sep-25-26 05:47:27 PDT","PC Notebooks & Netbooks","177","","","Gebraucht","","","","","","DE","","",""
"307145462494","Dell Latitude 5540 i5-1345U 16 GB 960 GB SSD 15,6 Zoll Win11 Pro",,18469115653,"10","FIXED_PRICE","EUR",648.0,,,648.0,"0","","","Aug-25-26 05:47:27 PDT","Sep-25-26 05:47:27 PDT","PC Notebooks & Netbooks","177","","","Gebraucht","","","","","","DE","","",""
"307145462498","Dell Latitude 5540 i5-1345U 32 GB 960 GB SSD 15,6 Zoll Win11 Pro",,18469122314,"10","FIXED_PRICE","EUR",740.0,,,740.0,"0","","","Aug-25-26 05:47:27 PDT","Sep-25-26 05:47:27 PDT","PC Notebooks & Netbooks","177","","","Gebraucht","","","","","","DE","","",""
"307145462503","Dell Latitude 5540 i5-1345U 32 GB 480 GB SSD 15,6 Zoll Win11 Pro",,18469139191,"10","FIXED_PRICE","EUR",659.0,,,659.0,"0","","","Aug-25-26 05:47:27 PDT","Sep-25-26 05:47:27 PDT","PC Notebooks & Netbooks","177","","","Gebraucht","","","","","","DE","","",""
"307145462504","Dell Latitude 5540 i5-1345U 16 GB 480 GB SSD 15,6 Zoll Win11 Pro",,18496275139,"10","FIXED_PRICE","EUR",566.0,,,566.0,"0","","","Aug-25-26 05:47:27 PDT","Sep-25-26 05:47:27 PDT","PC Notebooks & Netbooks","177","","","Gebraucht","","","","","","DE","","",""
"307145462507","Lenovo Thinkpad E15 Gen 2 i5 11gen i5-1135G7 32 GB 2000 GB SSD 15,6 Zoll Win11",,18560308574,"10","FIXED_PRICE","EUR",659.0,,,659.0,"0","","","Aug-25-26 05:47:27 PDT","Sep-25-26 05:47:27 PDT","PC Notebooks & Netbooks","177","","","Gebraucht","","","","","","DE","","",""
"307145462508","Fujitsu Lifebook E756 i5-6200U 8 GB 120 GB SSD 15,6 Zoll Win10 Pro",,18663150120,"10","FIXED_PRICE","EUR",149.0,,,149.0,"0","","","Aug-25-26 05:47:27 PDT","Sep-25-26 05:47:27 PDT","PC Notebooks & Netbooks","177","","","Gebraucht","","","","","","DE","","",""
"307145462509","Microsoft Surface 3 i5-1035G7 8 GB 256 GB SSD 13,5 Zoll Win11 Home",,18561047790,"10","FIXED_PRICE","EUR",369.0,,,369.0,"0","","","Aug-25-26 05:47:27 PDT","Sep-25-26 05:47:27 PDT","PC Notebooks & Netbooks","177","","","Gebraucht","","","","","","DE","","",""
"307145462510","Fujitsu Lifebook E756 i5-6200U 8 GB 240 GB SSD 15,6 Zoll Win11 Pro",,18663162788,"10","FIXED_PRICE","EUR",161.0,,,161.0,"0","","","Aug-25-26 05:47:27 PDT","Sep-25-26 05:47:27 PDT","PC Notebooks & Netbooks","177","","","Gebraucht","","","","","","DE","","",""
"307145462512","Fujitsu Lifebook E756 i5-6200U 16 GB 240 GB SSD 15,6 Zoll Win11 Pro",,18663176295,"10","FIXED_PRICE","EUR",208.0,,,208.0,"0","","","Aug-25-26 05:47:27 PDT","Sep-25-26 05:47:27 PDT","PC Notebooks & Netbooks","177","","","Gebraucht","","","","","","DE","","",""
"307145462515","Fujitsu Lifebook E756 i5-6200U 16 GB 480 GB SSD 15,6 Zoll Win11 Pro",,18663188240,"10","FIXED_PRICE","EUR",242.0,,,242.0,"0","","","Aug-25-26 05:47:27 PDT","Sep-25-26 05:47:27 PDT","PC Notebooks & Netbooks","177","","","Gebraucht","","","","","","DE","","",""
"307145462518","HP EliteBook 830 G6 i5-8365U 8 GB 256 GB SSD 13,3 Zoll Win11 Pro",,18663317396,"10","FIXED_PRICE","EUR",177.0,,,177.0,"0","","","Aug-25-26 05:47:27 PDT","Sep-25-26 05:47:27 PDT","PC Notebooks & Netbooks","177","","","Gebraucht","","","","","","DE","","",""
"307145462519","Fujitsu Lifebook E756 i5-6200U 16 GB 960 GB SSD 15,6 Zoll Win11 Pro",,18663193072,"10","FIXED_PRICE","EUR",324.0,,,324.0,"0","","","Aug-25-26 05:47:27 PDT","Sep-25-26 05:47:27 PDT","PC Notebooks & Netbooks","177","","","Gebraucht","","","","","","DE","","",""
"307145462525","HP EliteBook 830 G6 i5-8365U 16 GB 256 GB SSD 13,3 Zoll Win11 Pro",,18663334138,"10","FIXED_PRICE","EUR",224.0,,,224.0,"0","","","Aug-25-26 05:47:27 PDT","Sep-25-26 05:47:27 PDT","PC Notebooks & Netbooks","177","","","Gebraucht","","","","","","DE","","",""
"307145462529","HP EliteBook 830 G6 i5-8365U 32 GB 960 GB SSD 13,3 Zoll Win11 Pro",,18663340128,"10","FIXED_PRICE","EUR",421.0,,,421.0,"0","","","Aug-25-26 05:47:27 PDT","Sep-25-26 05:47:27 PDT","PC Notebooks & Netbooks","177","","","Gebraucht","","","","","","DE","","",""
"307145462530","HP EliteBook 830 G6 i5-8365U 8 GB 256 GB SSD 13,3 Zoll Win11 Pro",,18663347149,"10","FIXED_PRICE","EUR",201.0,,,201.0,"0","","","Aug-25-26 05:47:27 PDT","Sep-25-26 05:47:27 PDT","PC Notebooks & Netbooks","177","","","Gebraucht","","","","","","DE","","",""
"307145462532","HP EliteBook 830 G6 i5-8365U 16 GB 256 GB SSD 13,3 Zoll Win11 Pro",,18663352319,"10","FIXED_PRICE","EUR",247.0,,,247.0,"0","","","Aug-25-26 05:47:27 PDT","Sep-25-26 05:47:27 PDT","PC Notebooks & Netbooks","177","","","Gebraucht","","","","","","DE","","",""
"307145462536","HP EliteBook 830 G6 i5-8365U 16 GB 480 GB SSD 13,3 Zoll Win11 Pro",,18663356137,"10","FIXED_PRICE","EUR",282.0,,,282.0,"0","","","Aug-25-26 05:47:27 PDT","Sep-25-26 05:47:27 PDT","PC Notebooks & Netbooks","177","","","Gebraucht","","","","","","DE","","",""
"307145462539","HP EliteBook 830 G6 i5-8365U 16 GB 960 GB SSD 13,3 Zoll Win11 Pro",,18663357725,"10","FIXED_PRICE","EUR",363.0,,,363.0,"0","","","Aug-25-26 05:47:27 PDT","Sep-25-26 05:47:27 PDT","PC Notebooks & Netbooks","177","","","Gebraucht","","","","","","DE","","",""
"307145462542","HP EliteBook 830 G6 i5-8365U 32 GB 960 GB SSD 13,3 Zoll Win11 Pro",,18663360119,"10","FIXED_PRICE","EUR",444.0,,,444.0,"0","","","Aug-25-26 05:47:27 PDT","Sep-25-26 05:47:27 PDT","PC Notebooks & Netbooks","177","","","Gebraucht","","","","","","DE","","",""
"307145462543","Lenovo ThinkPad X13 Yoga Gen 1 i7-10610U 16 GB 256 GB SSD 13,3 Zoll Win11 Pro",,18760629186,"10","FIXED_PRICE","EUR",276.0,,,276.0,"0","","","Aug-25-26 05:47:27 PDT","Sep-25-26 05:47:27 PDT","PC Notebooks & Netbooks","177","","","Gebraucht","","","","","","DE","","",""
"307145462548","Lenovo ThinkPad X13 Yoga Gen 1 i7-10610U 16 GB 256 GB SSD 13,3 Zoll Win11 Pro",,18760641996,"10","FIXED_PRICE","EUR",311.0,,,311.0,"0","","","Aug-25-26 05:47:27 PDT","Sep-25-26 05:47:27 PDT","PC Notebooks & Netbooks","177","","","Gebraucht","","","","","","DE","","",""
"307145462550","Lenovo ThinkPad X13 Yoga Gen 1 i7-10610U 16 GB 480 GB SSD 13,3 Zoll Win11 Pro",,18760649955,"10","FIXED_PRICE","EUR",311.0,,,311.0,"0","","","Aug-25-26 05:47:27 PDT","Sep-25-26 05:47:27 PDT","PC Notebooks & Netbooks","177","","","Gebraucht","","","","","","DE","","",""
"307145462552","Lenovo ThinkPad X13 Yoga Gen 1 i7-10610U 16 GB 960 GB SSD 13,3 Zoll Win11 Pro",,18760657323,"10","FIXED_PRICE","EUR",392.0,,,392.0,"0","","","Aug-25-26 05:47:27 PDT","Sep-25-26 05:47:27 PDT","PC Notebooks & Netbooks","177","","","Gebraucht","","","","","","DE","","",""
"307145462554","Lenovo ThinkPad X13 Yoga Gen 1 i7-10610U 16 GB 480 GB SSD 13,3 Zoll Win11 Pro",,18760659366,"10","FIXED_PRICE","EUR",346.0,,,346.0,"0","","","Aug-25-26 05:47:27 PDT","Sep-25-26 05:47:27 PDT","PC Notebooks & Netbooks","177","","","Gebraucht","","","","","","DE","","",""
"307145462556","Lenovo ThinkPad X13 Yoga Gen 1 i7-10610U 16 GB 960 GB SSD 13,3 Zoll Win11 Pro",,18760661982,"10","FIXED_PRICE","EUR",427.0,,,427.0,"0","","","Aug-25-26 05:47:27 PDT","Sep-25-26 05:47:27 PDT","PC Notebooks & Netbooks","177","","","Gebraucht","","","","","","DE","","",""
"307145462558","Dell Latitude 5580 i5-7200U 16 GB 480 GB SSD 15,6 Zoll Win10 Pro",,4434,"10","FIXED_PRICE","EUR",320.0,,,320.0,"0","","","Aug-25-26 05:47:27 PDT","Sep-25-26 05:47:27 PDT","PC Notebooks & Netbooks","177","","","Gebraucht","","","","","","DE","","",""
"307145462560","HP Zbook 15 G3 i7-6700HQ 16 GB 756 GB SSD+HDD 15,6 Zoll Win10 Pro",,14512080799,"10","FIXED_PRICE","EUR",257.0,,,257.0,"0","","","Aug-25-26 05:47:27 PDT","Sep-25-26 05:47:27 PDT","PC Notebooks & Netbooks","177","","","Gebraucht","","","","","","DE","","",""
"307145462562","Apple Apple MacBook Pro A1990 2019r. i9-9880H 32 GB 512 GB SSD 15,6 Zoll",,18062237706,"10","FIXED_PRICE","EUR",485.0,,,485.0,"0","","","Aug-25-26 05:47:28 PDT","Sep-25-26 05:47:28 PDT","Apple Notebooks","111422","","","Gebraucht","","","","","","DE","","",""
"307145462564",Fujitsu Lifebook U747 i5-6200U 8 GB 256 GB SSD 14 Zoll Win10 Pro,,4532,"10","FIXED_PRICE","EUR",160.0,,,160.0,"0","","","Aug-25-26 05:47:28 PDT","Sep-25-26 05:47:28 PDT","PC Notebooks & Netbooks","177","","","Gebraucht","","","","","","DE","","",""
"307145462568","Dell Latitude 5590 i5-8250U 16 GB 256 GB SSD 15,6 Zoll Win11 Pro",,4794,"10","FIXED_PRICE","EUR",247.0,,,247.0,"0","","","Aug-25-26 05:47:28 PDT","Sep-25-26 05:47:28 PDT","PC Notebooks & Netbooks","177","","","Gebraucht","","","","","","DE","","",""
"307145462569","Dell Latitude 5520 i5-1135G7 16 GB 480 GB SSD 15,6 Zoll Win11 Pro",,18117669227,"10","FIXED_PRICE","EUR",408.0,,,408.0,"0","","","Aug-25-26 05:47:28 PDT","Sep-25-26 05:47:28 PDT","PC Notebooks & Netbooks","177","","","Gebraucht","","","","","","DE","","",""
"307145462574",HP ProBook 640 G2 i5-6200U 8 GB 240 GB SSD 14 Zoll Win10 Pro,,14555207831,"10","FIXED_PRICE","EUR",125.0,,,125.0,"0","","","Aug-25-26 05:47:28 PDT","Sep-25-26 05:47:28 PDT","PC Notebooks & Netbooks","177","","","Gebraucht","","","","","","DE","","",""
"307145462575",Fujitsu LIFEBOOK U747 i5-6200U 8 GB 120 GB SSD 14 Zoll Win10 Pro,,17993636059,"10","FIXED_PRICE","EUR",125.0,,,125.0,"0","","","Aug-25-26 05:47:28 PDT","Sep-25-26 05:47:28 PDT","PC Notebooks & Netbooks","177","","","Gebraucht","","","","","","DE","","",""
"307145462578",Lenovo ThinkPad L14 Gen1 Ryzen 5 8 GB 256 GB SSD 14 Zoll Win11 Pro,,5253_20260213135937,"10","FIXED_PRICE","EUR",206.0,,,206.0,"0","","","Aug-25-26 05:47:28 PDT","Sep-25-26 05:47:28 PDT","PC Notebooks & Netbooks","177","","","Gebraucht","","","","","","DE","","",""
"307145462580",Dell Latitude 5400 i5-8350U 16 GB 256 GB SSD 14 Zoll Win11 Pro,,18121636224,"10","FIXED_PRICE","EUR",211.0,,,211.0,"0","","","Aug-25-26 05:47:28 PDT","Sep-25-26 05:47:28 PDT","PC Notebooks & Netbooks","177","","","Gebraucht","","","","","","DE","","",""
"307145462581",Dell Latitude 5400 i5-8350U 8 GB 256 GB SSD 14 Zoll Win11 Pro,,18121587903,"10","FIXED_PRICE","EUR",171.0,,,171.0,"0","","","Aug-25-26 05:47:28 PDT","Sep-25-26 05:47:28 PDT","PC Notebooks & Netbooks","177","","","Gebraucht","","","","","","DE","","",""
"307145462582","Dell Latitude 5520 i5-1135G7 16 GB 480 GB SSD 15,6 Zoll Win11 Pro",,3864_20251127093323,"10","FIXED_PRICE","EUR",408.0,,,408.0,"0","","","Aug-25-26 05:47:28 PDT","Sep-25-26 05:47:28 PDT","PC Notebooks & Netbooks","177","","","Gebraucht","","","","","","DE","","",""
"307145462586","Apple Apple MacBook Pro A1707 2017r. i7-7820HQ 16 GB 500 GB SSD 15,6 Zoll macOS",,5577,"10","FIXED_PRICE","EUR",369.0,,,369.0,"0","","","Aug-25-26 05:47:28 PDT","Sep-25-26 05:47:28 PDT","Apple Notebooks","111422","","","Gebraucht","","","","","","DE","","",""
"307145462588",HP EliteBook 745 G5 Ryzen 7 2700U 16 GB 256 GB SSD 14 Zoll Win11 Pro,,5912_20260430090212,"10","FIXED_PRICE","EUR",218.0,,,218.0,"0","","","Aug-25-26 05:47:28 PDT","Sep-25-26 05:47:28 PDT","PC Notebooks & Netbooks","177","","","Gebraucht","","","","","","DE","","",""
"307145462589","Microsoft Surface laptop 3 (1868) i5-1035G7 8 GB 256 GB SSD 13,5 Zoll Win11 Pro",,5691_20260505120308,"10","FIXED_PRICE","EUR",369.0,,,369.0,"0","","","Aug-25-26 05:47:28 PDT","Sep-25-26 05:47:28 PDT","PC Notebooks & Netbooks","177","","","Gebraucht","","","","","","DE","","",""
"307145462593",Fujitsu LIFEBOOK U747 i5-6200U 16 GB 480 GB SSD 14 Zoll Win10 Pro,,17993651350,"10","FIXED_PRICE","EUR",187.0,,,187.0,"0","","","Aug-25-26 05:47:28 PDT","Sep-25-26 05:47:28 PDT","PC Notebooks & Netbooks","177","","","Gebraucht","","","","","","DE","","",""
"307145462594",Dell Latitude 5400 i5-8350U 16 GB 256 GB SSD 14 Zoll Win11 Pro,,18121594295,"10","FIXED_PRICE","EUR",199.0,,,199.0,"0","","","Aug-25-26 05:47:28 PDT","Sep-25-26 05:47:28 PDT","PC Notebooks & Netbooks","177","","","Gebraucht","","","","","","DE","","",""
"307145462597","Dell Latitude 5590 i5-8250U 8 GB 256 GB SSD 15,6 Zoll Win11 Pro",,18386640842,"10","FIXED_PRICE","EUR",322.0,,,322.0,"0","","","Aug-25-26 05:47:28 PDT","Sep-25-26 05:47:28 PDT","PC Notebooks & Netbooks","177","","","Gebraucht","","","","","","DE","","",""
"307145462599",Dell Latitude 5400 i5-8350U 16 GB 480 GB SSD 14 Zoll Win11 Pro,,18121598229,"10","FIXED_PRICE","EUR",227.0,,,227.0,"0","","","Aug-25-26 05:47:28 PDT","Sep-25-26 05:47:28 PDT","PC Notebooks & Netbooks","177","","","Gebraucht","","","","","","DE","","",""
"307145462600","Apple Apple MacBook Pro A1707 2017r. i7-7820HQ 16 GB 500 GB SSD 15,6 Zoll",,13214810444,"10","FIXED_PRICE","EUR",369.0,,,369.0,"0","","","Aug-25-26 05:47:28 PDT","Sep-25-26 05:47:28 PDT","Apple Notebooks","111422","","","Gebraucht","","","","","","DE","","",""
"307145462603",HP EliteBook 840 G5 i5-8350U 8 GB 256 GB SSD 14 Zoll Win10 Pro,,15120780698,"10","FIXED_PRICE","EUR",229.0,,,229.0,"0","","","Aug-25-26 05:47:28 PDT","Sep-25-26 05:47:28 PDT","PC Notebooks & Netbooks","177","","","Gebraucht","","","","","","DE","","",""
"307145462607","Dell Latitude 5590 i5-8250U 8 GB 480 GB SSD 15,6 Zoll Win10 Pro",,15171412421,"10","FIXED_PRICE","EUR",380.0,,,380.0,"0","","","Aug-25-26 05:47:28 PDT","Sep-25-26 05:47:28 PDT","PC Notebooks & Netbooks","177","","","Gebraucht","","","","","","DE","","",""
"307145462610",Dell Latitude 5400 i5-8350U 16 GB 256 GB SSD 14 Zoll Win11 Pro,,18121611379,"10","FIXED_PRICE","EUR",211.0,,,211.0,"0","","","Aug-25-26 05:47:28 PDT","Sep-25-26 05:47:28 PDT","PC Notebooks & Netbooks","177","","","Gebraucht","","","","","","DE","","",""
"307145462612","Dell Latitude 5590 i5-8250U 16 GB 480 GB SSD 15,6 Zoll Win10 Pro",,15171415152,"10","FIXED_PRICE","EUR",427.0,,,427.0,"0","","","Aug-25-26 05:47:28 PDT","Sep-25-26 05:47:28 PDT","PC Notebooks & Netbooks","177","","","Gebraucht","","","","","","DE","","",""
"307145462618","Apple Apple MacBook Pro A1990 2019r. i9-9880H 32 GB 512 GB SSD 15,6 Zoll macOS",,5604,"10","FIXED_PRICE","EUR",485.0,,,485.0,"0","","","Aug-25-26 05:47:28 PDT","Sep-25-26 05:47:28 PDT","Apple Notebooks","111422","","","Gebraucht","","","","","","DE","","",""
"307145462620",Dell Latitude 5400 i5-8350U 16 GB 480 GB SSD 14 Zoll Win11 Pro,,18121634701,"10","FIXED_PRICE","EUR",239.0,,,239.0,"0","","","Aug-25-26 05:47:28 PDT","Sep-25-26 05:47:28 PDT","PC Notebooks & Netbooks","177","","","Gebraucht","","","","","","DE","","",""
"307145462621",Dell Latitude 5400 i5-8350U 32 GB 960 GB SSD 14 Zoll Win11 Pro,,18121630140,"10","FIXED_PRICE","EUR",332.0,,,332.0,"0","","","Aug-25-26 05:47:28 PDT","Sep-25-26 05:47:28 PDT","PC Notebooks & Netbooks","177","","","Gebraucht","","","","","","DE","","",""
"307145462624",HP EliteBook 840 G3 i5-6300U 16 GB 256 GB SSD 14 Zoll Win10 Pro,,12878141673,"10","FIXED_PRICE","EUR",228.0,,,228.0,"0","","","Aug-25-26 05:47:28 PDT","Sep-25-26 05:47:28 PDT","PC Notebooks & Netbooks","177","","","Gebraucht","","","","","","DE","","",""
"307145462626",HP EliteBook 840 G3 i5-6300U 8 GB 240 GB SSD 14 Zoll Win10 Pro,,13706448901,"10","FIXED_PRICE","EUR",191.0,,,191.0,"0","","","Aug-25-26 05:47:28 PDT","Sep-25-26 05:47:28 PDT","PC Notebooks & Netbooks","177","","","Gebraucht","","","","","","DE","","",""
"307145462627",Dell Latitude 7480 i7-6600U 8 GB 256 GB SSD 14 Zoll Win11 Pro,,4598_20251031114749,"10","FIXED_PRICE","EUR",177.0,,,177.0,"0","","","Aug-25-26 05:47:28 PDT","Sep-25-26 05:47:28 PDT","PC Notebooks & Netbooks","177","","","Gebraucht","","","","","","DE","","",""
"307145462630","Dell Latitude 5590 i5-8250U 32 GB 960 GB SSD 15,6 Zoll Win10 Pro",,14802324388,"10","FIXED_PRICE","EUR",589.0,,,589.0,"0","","","Aug-25-26 05:47:28 PDT","Sep-25-26 05:47:28 PDT","PC Notebooks & Netbooks","177","","","Gebraucht","","","","","","DE","","",""
"307145462633",Lenovo lenovo ThinkPad T480 i5-8350U 8 GB 256 GB SSD 14 Zoll Win10 Pro,,15051507225,"10","FIXED_PRICE","EUR",253.0,,,253.0,"0","","","Aug-25-26 05:47:28 PDT","Sep-25-26 05:47:28 PDT","PC Notebooks & Netbooks","177","","","Gebraucht","","","","","","DE","","",""
"307145462634",Dell Latitude 5400 i5-8350U 8 GB 256 GB SSD 14 Zoll Win11 Pro,,13707977162,"10","FIXED_PRICE","EUR",183.0,,,183.0,"0","","","Aug-25-26 05:47:28 PDT","Sep-25-26 05:47:28 PDT","PC Notebooks & Netbooks","177","","","Gebraucht","","","","","","DE","","",""
"307145462639",HP EliteBook 840 G3 i5 i5-6300U 16 GB 512 GB SSD 14 Zoll Win11 Pro,,16161870822,"10","FIXED_PRICE","EUR",358.0,,,358.0,"0","","","Aug-25-26 05:47:28 PDT","Sep-25-26 05:47:28 PDT","PC Notebooks & Netbooks","177","","","Gebraucht","","","","","","DE","","",""
"307145462640",Dell Latitude 5400 i5-8350U 8 GB 256 GB SSD 14 Zoll Win11 Pro,,18121581830,"10","FIXED_PRICE","EUR",206.0,,,206.0,"0","","","Aug-25-26 05:47:29 PDT","Sep-25-26 05:47:29 PDT","PC Notebooks & Netbooks","177","","","Gebraucht","","","","","","DE","","",""
"307145462642",HP EliteBook 840 G3 i5-6300U 8 GB 240 GB SSD 14 Zoll Win10 Pro,,17121822097,"10","FIXED_PRICE","EUR",203.0,,,203.0,"0","","","Aug-25-26 05:47:29 PDT","Sep-25-26 05:47:29 PDT","PC Notebooks & Netbooks","177","","","Gebraucht","","","","","","DE","","",""
"307145462644",Dell Latitude 5400 i5-8350U 8 GB 256 GB SSD 14 Zoll Win11 Pro,,18121585674,"10","FIXED_PRICE","EUR",183.0,,,183.0,"0","","","Aug-25-26 05:47:29 PDT","Sep-25-26 05:47:29 PDT","PC Notebooks & Netbooks","177","","","Gebraucht","","","","","","DE","","",""
"307145462647",Dell Latitude 5400 i5-8350U 16 GB 960 GB SSD 14 Zoll Win11 Pro,,18121599670,"10","FIXED_PRICE","EUR",269.0,,,269.0,"0","","","Aug-25-26 05:47:29 PDT","Sep-25-26 05:47:29 PDT","PC Notebooks & Netbooks","177","","","Gebraucht","","","","","","DE","","",""
"307145462648",Dell Latitude 5400 i5-8350U 32 GB 960 GB SSD 14 Zoll Win11 Pro,,18121601605,"10","FIXED_PRICE","EUR",320.0,,,320.0,"0","","","Aug-25-26 05:47:29 PDT","Sep-25-26 05:47:29 PDT","PC Notebooks & Netbooks","177","","","Gebraucht","","","","","","DE","","",""
"307145462651",Dell Latitude 5400 i5-8350U 16 GB 960 GB SSD 14 Zoll Win11 Pro,,18121605706,"10","FIXED_PRICE","EUR",280.0,,,280.0,"0","","","Aug-25-26 05:47:29 PDT","Sep-25-26 05:47:29 PDT","PC Notebooks & Netbooks","177","","","Gebraucht","","","","","","DE","","",""
"307145462653",Dell Latitude 5400 i5-8350U 32 GB 960 GB SSD 14 Zoll Win11 Pro,,18121603725,"10","FIXED_PRICE","EUR",332.0,,,332.0,"0","","","Aug-25-26 05:47:29 PDT","Sep-25-26 05:47:29 PDT","PC Notebooks & Netbooks","177","","","Gebraucht","","","","","","DE","","",""
"307145462654",Dell Latitude 5400 i5-8350U 16 GB 480 GB SSD 14 Zoll Win11 Pro,,18121607833,"10","FIXED_PRICE","EUR",239.0,,,239.0,"0","","","Aug-25-26 05:47:29 PDT","Sep-25-26 05:47:29 PDT","PC Notebooks & Netbooks","177","","","Gebraucht","","","","","","DE","","",""
"307145462656",Dell Latitude 5400 i5-8350U 16 GB 256 GB SSD 14 Zoll Win11 Pro,,18121614321,"10","FIXED_PRICE","EUR",234.0,,,234.0,"0","","","Aug-25-26 05:47:29 PDT","Sep-25-26 05:47:29 PDT","PC Notebooks & Netbooks","177","","","Gebraucht","","","","","","DE","","",""
"307145462658",Dell Latitude 5400 i5-8350U 16 GB 960 GB SSD 14 Zoll Win11 Pro,,18121623386,"10","FIXED_PRICE","EUR",304.0,,,304.0,"0","","","Aug-25-26 05:47:29 PDT","Sep-25-26 05:47:29 PDT","PC Notebooks & Netbooks","177","","","Gebraucht","","","","","","DE","","",""
"307145462659",Dell Latitude 5400 i5-8350U 16 GB 480 GB SSD 14 Zoll Win11 Pro,,18121621568,"10","FIXED_PRICE","EUR",262.0,,,262.0,"0","","","Aug-25-26 05:47:29 PDT","Sep-25-26 05:47:29 PDT","PC Notebooks & Netbooks","177","","","Gebraucht","","","","","","DE","","",""
"307145462660",Dell Latitude 5400 i5-8350U 32 GB 960 GB SSD 14 Zoll Win11 Pro,,18121626748,"10","FIXED_PRICE","EUR",355.0,,,355.0,"0","","","Aug-25-26 05:47:29 PDT","Sep-25-26 05:47:29 PDT","PC Notebooks & Netbooks","177","","","Gebraucht","","","","","","DE","","",""
"307145462663",Dell Latitude 5400 i5-8350U 16 GB 960 GB SSD 14 Zoll Win11 Pro,,18121631589,"10","FIXED_PRICE","EUR",280.0,,,280.0,"0","","","Aug-25-26 05:47:29 PDT","Sep-25-26 05:47:29 PDT","PC Notebooks & Netbooks","177","","","Gebraucht","","","","","","DE","","",""
"307145462664","Dell Latitude 5500 i5-8265U 16 GB 256 GB SSD 15,6 Zoll Win11 Pro",,18676073402,"10","FIXED_PRICE","EUR",253.0,,,253.0,"0","","","Aug-25-26 05:47:29 PDT","Sep-25-26 05:47:29 PDT","PC Notebooks & Netbooks","177","","","Gebraucht","","","","","","DE","","",""
"307145462666",HP EliteBook 745 G5 Ryzen 7 2700U 8 GB 256 GB SSD 14 Zoll Win11 Pro,,5912,"10","FIXED_PRICE","EUR",194.0,,,194.0,"0","","","Aug-25-26 05:47:29 PDT","Sep-25-26 05:47:29 PDT","PC Notebooks & Netbooks","177","","","Gebraucht","","","","","","DE","","",""
"307145462667","Dell Latitude 5580 i5-7200U 16 GB 480 GB SSD 15,6 Zoll Win10 Pro",,12668051384,"10","FIXED_PRICE","EUR",311.0,,,311.0,"0","","","Aug-25-26 05:47:29 PDT","Sep-25-26 05:47:29 PDT","PC Notebooks & Netbooks","177","","","Gebraucht","","","","","","DE","","",""
"307145462668","Lenovo THINKPAD X13 gen 2 i5-1135G7 16 GB 500 GB SSD 13,3 Zoll Win11 Pro",,18652881726,"10","FIXED_PRICE","EUR",357.0,,,357.0,"0","","","Aug-25-26 05:47:29 PDT","Sep-25-26 05:47:29 PDT","PC Notebooks & Netbooks","177","","","Gebraucht","","","","","","DE","","",""
"307145462670","Dell Latitude 5580 i5-7200U 8 GB 480 GB SSD 15,6 Zoll Win10 Pro",,12668059671,"10","FIXED_PRICE","EUR",294.0,,,294.0,"0","","","Aug-25-26 05:47:29 PDT","Sep-25-26 05:47:29 PDT","PC Notebooks & Netbooks","177","","","Gebraucht","","","","","","DE","","",""
"307145462673","HP ProBook 450 G8 i5-1135G7 16 GB 256 GB SSD 15,6 Zoll Win11 Pro",,18422342372,"10","FIXED_PRICE","EUR",369.0,,,369.0,"0","","","Aug-25-26 05:47:29 PDT","Sep-25-26 05:47:29 PDT","PC Notebooks & Netbooks","177","","","Gebraucht","","","","","","DE","","",""
"307145462675","HP ProBook 450 G8 i5-1135G7 16 GB 256 GB SSD 15,6 Zoll Win11 Pro",,18422263714,"10","FIXED_PRICE","EUR",415.0,,,415.0,"0","","","Aug-25-26 05:47:29 PDT","Sep-25-26 05:47:29 PDT","PC Notebooks & Netbooks","177","","","Gebraucht","","","","","","DE","","",""
"307145462677",Lenovo ThinkPad L14 Gen1 Ryzen 5 8 GB 256 GB SSD 14 Zoll Win11 Pro,,5253_20260213135520,"10","FIXED_PRICE","EUR",229.0,,,229.0,"0","","","Aug-25-26 05:47:29 PDT","Sep-25-26 05:47:29 PDT","PC Notebooks & Netbooks","177","","","Gebraucht","","","","","","DE","","",""
"307145462681","Apple Apple MacBook Pro A1990 2019r. i9-9880H 32 GB 512 GB SSD 15,6 Zoll",,16223391857,"10","FIXED_PRICE","EUR",601.0,,,601.0,"0","","","Aug-25-26 05:47:29 PDT","Sep-25-26 05:47:29 PDT","Apple Notebooks","111422","","","Gebraucht","","","","","","DE","","",""
"307145462682",Dell Dell Latitude 7480 i7-7600U 32 GB 960 GB SSD 14 Zoll Win11 Pro,,18043524203,"10","FIXED_PRICE","EUR",366.0,,,366.0,"0","","","Aug-25-26 05:47:29 PDT","Sep-25-26 05:47:29 PDT","PC Notebooks & Netbooks","177","","","Gebraucht","","","","","","DE","","",""
"307145462686",Lenovo ThinkPad L14 Gen1 Ryzen 5 PRO 4650U 8 GB 256 GB SSD 14 Zoll Win11 Pro,,5253_20260213134353,"10","FIXED_PRICE","EUR",241.0,,,241.0,"0","","","Aug-25-26 05:47:29 PDT","Sep-25-26 05:47:29 PDT","PC Notebooks & Netbooks","177","","","Gebraucht","","","","","","DE","","",""
"307145462687","Dell Latitude 5590 i5-8250U 16 GB 256 GB SSD 15,6 Zoll Win11 Pro",,4311,"10","FIXED_PRICE","EUR",293.0,,,293.0,"0","","","Aug-25-26 05:47:29 PDT","Sep-25-26 05:47:29 PDT","PC Notebooks & Netbooks","177","","","Gebraucht","","","","","","DE","","",""
"307145462690",Dell Dell Latitude 7480 i7-6600U 16 GB 512 GB SSD 14 Zoll Win10 Pro,,13897593209,"10","FIXED_PRICE","EUR",271.0,,,271.0,"0","","","Aug-25-26 05:47:29 PDT","Sep-25-26 05:47:29 PDT","PC Notebooks & Netbooks","177","","","Gebraucht","","","","","","DE","","",""
"307145462691","Lenovo ThinkPad T590 i5-8365U 8 GB 256 GB SSD 15,6 Zoll Win11 Pro",,18547290077,"10","FIXED_PRICE","EUR",264.0,,,264.0,"0","","","Aug-25-26 05:47:29 PDT","Sep-25-26 05:47:29 PDT","PC Notebooks & Netbooks","177","","","Gebraucht","","","","","","DE","","",""
"307145462692",Lenovo ThinkPad L14 Gen1 Ryzen 5 PRO 4650U 8 GB 256 GB SSD 14 Zoll Win11 Pro,,5253_20260213134746,"10","FIXED_PRICE","EUR",218.0,,,218.0,"0","","","Aug-25-26 05:47:29 PDT","Sep-25-26 05:47:29 PDT","PC Notebooks & Netbooks","177","","","Gebraucht","","","","","","DE","","",""
"307145462695","Dell Latitude 5590 i5-8350U 16 GB 256 GB SSD 15,6 Zoll Win10 Pro",,15191359511,"10","FIXED_PRICE","EUR",257.0,,,257.0,"0","","","Aug-25-26 05:47:29 PDT","Sep-25-26 05:47:29 PDT","PC Notebooks & Netbooks","177","","","Gebraucht","","","","","","DE","","",""
"307145462697",Fujitsu LIFEBOOK U747 i5-6200U 8 GB 256 GB SSD 14 Zoll Win10 Pro,,17099861723,"10","FIXED_PRICE","EUR",136.0,,,136.0,"0","","","Aug-25-26 05:47:29 PDT","Sep-25-26 05:47:29 PDT","PC Notebooks & Netbooks","177","","","Gebraucht","","","","","","DE","","",""
"307145462698","Lenovo ThinkPad X13 Yoga Gen2 i5-1135G7 16 GB 500 GB SSD 13,3 Zoll Win11 Pro",,17622540577_20260609071940,"10","FIXED_PRICE","EUR",380.0,,,380.0,"0","","","Aug-25-26 05:47:29 PDT","Sep-25-26 05:47:29 PDT","PC Notebooks & Netbooks","177","","","Gebraucht","","","","","","DE","","",""
"307145462701","Dell Latitude 5590 i7-8650U 16 GB 256 GB SSD 15,6 Zoll Win11 Pro",,5417,"10","FIXED_PRICE","EUR",293.0,,,293.0,"0","","","Aug-25-26 05:47:29 PDT","Sep-25-26 05:47:29 PDT","PC Notebooks & Netbooks","177","","","Gebraucht","","","","","","DE","","",""
"307145462703",Dell Latitude 7480 i7-6600U 8 GB 256 GB SSD 14 Zoll Win11 Pro,,4598_20251031114919,"10","FIXED_PRICE","EUR",194.0,,,194.0,"0","","","Aug-25-26 05:47:29 PDT","Sep-25-26 05:47:29 PDT","PC Notebooks & Netbooks","177","","","Gebraucht","","","","","","DE","","",""
"307145462707",Dell Latitude 5410 i5-10310U 8 GB 256 GB SSD 14 Zoll Win11 Pro,,5570_20251106131704,"10","FIXED_PRICE","EUR",253.0,,,253.0,"0","","","Aug-25-26 05:47:30 PDT","Sep-25-26 05:47:30 PDT","PC Notebooks & Netbooks","177","","","Gebraucht","","","","","","DE","","",""
"307145462708","Lenovo ThinkPad T590 i5-8365U 8 GB 256 GB SSD 15,6 Zoll Win11 Pro",,18547336230,"10","FIXED_PRICE","EUR",299.0,,,299.0,"0","","","Aug-25-26 05:47:30 PDT","Sep-25-26 05:47:30 PDT","PC Notebooks & Netbooks","177","","","Gebraucht","","","","","","DE","","",""
"307145462709","Dell Latitude 5300 i5-8365U 8 GB 256 GB SSD 13,3 Zoll Win11 Pro",,4731_20251127101249,"10","FIXED_PRICE","EUR",206.0,,,206.0,"0","","","Aug-25-26 05:47:30 PDT","Sep-25-26 05:47:30 PDT","PC Notebooks & Netbooks","177","","","Gebraucht","","","","","","DE","","",""
"307145462710","Dell Latitude 5580 i5-6440HQ 32 GB 480 GB SSD 15,6 Zoll Win10 Pro",,14488869662,"10","FIXED_PRICE","EUR",394.0,,,394.0,"0","","","Aug-25-26 05:47:30 PDT","Sep-25-26 05:47:30 PDT","PC Notebooks & Netbooks","177","","","Gebraucht","","","","","","DE","","",""
"307145462714",Fujitsu LIFEBOOK U747 i5-7200U 8 GB 256 GB SSD 14 Zoll Win10 Pro,,15030127177,"10","FIXED_PRICE","EUR",136.0,,,136.0,"0","","","Aug-25-26 05:47:30 PDT","Sep-25-26 05:47:30 PDT","PC Notebooks & Netbooks","177","","","Gebraucht","","","","","","DE","","",""
"307145462715",Dell Dell Latitude 7480 i7-6600U 32 GB 1000 GB SSD 14 Zoll Win10 Pro,,15344915722,"10","FIXED_PRICE","EUR",350.0,,,350.0,"0","","","Aug-25-26 05:47:30 PDT","Sep-25-26 05:47:30 PDT","PC Notebooks & Netbooks","177","","","Gebraucht","","","","","","DE","","",""
"307145462717",Dell Latitude 5410 i5-10310U 16 GB 480 GB SSD 14 Zoll Win11 Pro,,15091894833,"10","FIXED_PRICE","EUR",343.0,,,343.0,"0","","","Aug-25-26 05:47:30 PDT","Sep-25-26 05:47:30 PDT","PC Notebooks & Netbooks","177","","","Gebraucht","","","","","","DE","","",""
"307145462718",Dell laptop Dell Latitude 7480 i7-6600U 16 GB 256 GB SSD 14 Zoll Win11 Pro,,18043316872,"10","FIXED_PRICE","EUR",218.0,,,218.0,"0","","","Aug-25-26 05:47:30 PDT","Sep-25-26 05:47:30 PDT","PC Notebooks & Netbooks","177","","","Gebraucht","","","","","","DE","","",""
"307145462720",Dell Dell Latitude 7480 i7-7600U 8 GB 256 GB SSD 14 Zoll Win11 Pro,,18043475365,"10","FIXED_PRICE","EUR",183.0,,,183.0,"0","","","Aug-25-26 05:47:30 PDT","Sep-25-26 05:47:30 PDT","PC Notebooks & Netbooks","177","","","Gebraucht","","","","","","DE","","",""
"307145462721","Dell Latitude 5500 i5-8265U 8 GB 240 GB SSD 15,6 Zoll Win11 Pro",,6222,"10","FIXED_PRICE","EUR",253.0,,,253.0,"0","","","Aug-25-26 05:47:30 PDT","Sep-25-26 05:47:30 PDT","PC Notebooks & Netbooks","177","","","Gebraucht","","","","","","DE","","",""
"307145462722","Dell Latitude 5590 i7-8650U 16 GB 256 GB SSD 15,6 Zoll Win11 Pro",,6019,"10","FIXED_PRICE","EUR",340.0,,,340.0,"0","","","Aug-25-26 05:47:30 PDT","Sep-25-26 05:47:30 PDT","PC Notebooks & Netbooks","177","","","Gebraucht","","","","","","DE","","",""
"307145462724",HP Probook 640 G8 i5-1135G7 8 GB 256 GB SSD 14 Zoll Win11 Pro,,4227_20260202082317,"10","FIXED_PRICE","EUR",322.0,,,322.0,"0","","","Aug-25-26 05:47:30 PDT","Sep-25-26 05:47:30 PDT","PC Notebooks & Netbooks","177","","","Gebraucht","","","","","","DE","","",""
"307145462726","Dell Latitude 5590 i5-8250U 16 GB 256 GB SSD 15,6 Zoll Win11 Pro",,4311_20260703120436,"10","FIXED_PRICE","EUR",299.0,,,299.0,"0","","","Aug-25-26 05:47:30 PDT","Sep-25-26 05:47:30 PDT","PC Notebooks & Netbooks","177","","","Gebraucht","","","","","","DE","","",""
"307145462728","Dell Latitude 5590 i5-8250U 16 GB 480 GB SSD 15,6 Zoll Win10 Pro",,15191690810,"10","FIXED_PRICE","EUR",334.0,,,334.0,"0","","","Aug-25-26 05:47:30 PDT","Sep-25-26 05:47:30 PDT","PC Notebooks & Netbooks","177","","","Gebraucht","","","","","","DE","","",""
"307145462730",Dell Dell Latitude 7480 i7-7600U 32 GB 1000 GB SSD 14 Zoll Win10 Pro,,15365045149,"10","FIXED_PRICE","EUR",343.0,,,343.0,"0","","","Aug-25-26 05:47:30 PDT","Sep-25-26 05:47:30 PDT","PC Notebooks & Netbooks","177","","","Gebraucht","","","","","","DE","","",""
"307145462731",Microsoft Surface GO 1824 Intel Pentium 8 GB 128 GB SSD 10 Zoll Win10 Pro,,15780026971,"10","FIXED_PRICE","EUR",148.0,,,148.0,"0","","","Aug-25-26 05:47:30 PDT","Sep-25-26 05:47:30 PDT","PC Notebooks & Netbooks","177","","","Gebraucht","","","","","","DE","","",""
"307145462734",Fujitsu LIFEBOOK U747 i5-7200U 8 GB 256 GB SSD 14 Zoll Win10 Pro,,16731471790,"10","FIXED_PRICE","EUR",160.0,,,160.0,"0","","","Aug-25-26 05:47:30 PDT","Sep-25-26 05:47:30 PDT","PC Notebooks & Netbooks","177","","","Gebraucht","","","","","","DE","","",""
"307145462735",Dell Dell Latitude 7480 i7-7600U 16 GB 256 GB SSD 14 Zoll Win11 Pro,,18043503450,"10","FIXED_PRICE","EUR",222.0,,,222.0,"0","","","Aug-25-26 05:47:30 PDT","Sep-25-26 05:47:30 PDT","PC Notebooks & Netbooks","177","","","Gebraucht","","","","","","DE","","",""
"307145462739","Dell Precision 7730 i7-8750H 32 GB 512 GB SSD 17,3 Zoll Win11 Pro",,5520,"10","FIXED_PRICE","EUR",724.0,,,724.0,"0","","","Aug-25-26 05:47:30 PDT","Sep-25-26 05:47:30 PDT","PC Notebooks & Netbooks","177","","","Gebraucht","","","","","","DE","","",""
"307145462740",Dell Latitude 5420 i5-1135G7 32 GB 480 GB SSD 14 Zoll Win11 Pro,,18062647458,"10","FIXED_PRICE","EUR",411.0,,,411.0,"0","","","Aug-25-26 05:47:30 PDT","Sep-25-26 05:47:30 PDT","PC Notebooks & Netbooks","177","","","Gebraucht","","","","","","DE","","",""
"307145462742","Dell Precision 7730 i7-8750H 32 GB 512 GB SSD 17,3 Zoll Win11 Pro",,5520_20250908114045,"10","FIXED_PRICE","EUR",689.0,,,689.0,"0","","","Aug-25-26 05:47:30 PDT","Sep-25-26 05:47:30 PDT","PC Notebooks & Netbooks","177","","","Gebraucht","","","","","","DE","","",""
"307145462743",Dell Latitude 7480 i7-7600U 8 GB 256 GB SSD 14 Zoll Win11 Pro,,4598_20251031101523,"10","FIXED_PRICE","EUR",183.0,,,183.0,"0","","","Aug-25-26 05:47:30 PDT","Sep-25-26 05:47:30 PDT","PC Notebooks & Netbooks","177","","","Gebraucht","","","","","","DE","","",""
"307145462745",Dell Latitude 5420 i5-1135G7 8 GB 256 GB SSD 14 Zoll Win11 Pro,,5112_20251107094128,"10","FIXED_PRICE","EUR",322.0,,,322.0,"0","","","Aug-25-26 05:47:30 PDT","Sep-25-26 05:47:30 PDT","PC Notebooks & Netbooks","177","","","Gebraucht","","","","","","DE","","",""
"307145462747",HP EliteBook 745 G5 Ryzen 7 2700U 32 GB 960 GB SSD 14 Zoll Win11 Pro,,5912_20260430091005,"10","FIXED_PRICE","EUR",438.0,,,438.0,"0","","","Aug-25-26 05:47:30 PDT","Sep-25-26 05:47:30 PDT","PC Notebooks & Netbooks","177","","","Gebraucht","","","","","","DE","","",""
"307145462748",Dell Latitude 5420 i5-1135G7 16 GB 480 GB SSD 14 Zoll Win11 Pro,,18062502404,"10","FIXED_PRICE","EUR",378.0,,,378.0,"0","","","Aug-25-26 05:47:30 PDT","Sep-25-26 05:47:30 PDT","PC Notebooks & Netbooks","177","","","Gebraucht","","","","","","DE","","",""
"307145462750","Dell Latitude 5300 i5-8365U 8 GB 256 GB SSD 13,3 Zoll Win11 Pro",,18117881605,"10","FIXED_PRICE","EUR",206.0,,,206.0,"0","","","Aug-25-26 05:47:30 PDT","Sep-25-26 05:47:30 PDT","PC Notebooks & Netbooks","177","","","Gebraucht","","","","","","DE","","",""
"307145462751",Lenovo ThinkPad L14 Gen 1 Ryzen 5 PRO 4650U 8 GB 256 GB SSD 14 Zoll Win11 Home,,18324448144,"10","FIXED_PRICE","EUR",218.0,,,218.0,"0","","","Aug-25-26 05:47:30 PDT","Sep-25-26 05:47:30 PDT","PC Notebooks & Netbooks","177","","","Gebraucht","","","","","","DE","","",""
"307145462752",Lenovo ThinkPad L14 Gen 1 Ryzen 5 PRO 4650U 32 GB 256 GB SSD 14 Zoll Win11 Home,,18375962707,"10","FIXED_PRICE","EUR",346.0,,,346.0,"0","","","Aug-25-26 05:47:30 PDT","Sep-25-26 05:47:30 PDT","PC Notebooks & Netbooks","177","","","Gebraucht","","","","","","DE","","",""
"307145462756",Lenovo ThinkPad L14 Gen 1 Ryzen 5 PRO 4650U 16 GB 256 GB SSD 14 Zoll Win11 Home,,18415770605,"10","FIXED_PRICE","EUR",311.0,,,311.0,"0","","","Aug-25-26 05:47:30 PDT","Sep-25-26 05:47:30 PDT","PC Notebooks & Netbooks","177","","","Gebraucht","","","","","","DE","","",""
"307145462760",Dell Latitude 5410 i5-10310U 8 GB 256 GB SSD 14 Zoll Win11 Pro,,5570_20251106131416,"10","FIXED_PRICE","EUR",276.0,,,276.0,"0","","","Aug-25-26 05:47:30 PDT","Sep-25-26 05:47:30 PDT","PC Notebooks & Netbooks","177","","","Gebraucht","","","","","","DE","","",""
"307145462761","Apple Apple MacBook Pro A1707 2017r. i7-7820HQ 16 GB 500 GB SSD 15,6 Zoll macOS",,4771,"10","FIXED_PRICE","EUR",369.0,,,369.0,"0","1","0","Aug-25-26 05:47:30 PDT","Sep-25-26 05:47:30 PDT","Apple Notebooks","111422","","","Gebraucht","","","","","","DE","","",""
"307145462762","Lenovo THINKPAD X13 gen 2 i5-1135G7 16 GB 1000 GB SSD 13,3 Zoll Win11 Pro",,18652878152,"10","FIXED_PRICE","EUR",415.0,,,415.0,"0","","","Aug-25-26 05:47:30 PDT","Sep-25-26 05:47:30 PDT","PC Notebooks & Netbooks","177","","","Gebraucht","","","","","","DE","","",""
"307145462763","Lenovo ThinkPad X13 Yoga Gen2 i5-1135G7 16 GB 1 TB SSD 13,3 Zoll Win11 Pro",,17622540577_20260608125639,"10","FIXED_PRICE","EUR",415.0,,,415.0,"0","0","0","Aug-25-26 05:47:30 PDT","Sep-25-26 05:47:30 PDT","PC Notebooks & Netbooks","177","","","Gebraucht","","","","","","DE","","",""
"307145462764",HP Probook 640 G8 i5-1135G7 8 GB 256 GB SSD 14 Zoll Win11 Pro,,4227_20260202082853,"10","FIXED_PRICE","EUR",264.0,,,264.0,"0","","","Aug-25-26 05:47:30 PDT","Sep-25-26 05:47:30 PDT","PC Notebooks & Netbooks","177","","","Gebraucht","","","","","","DE","","",""
"307145462765","Panasonic ToughPad FZ-G1 mk4 i5-6300U 4 GB 120 GB SSD 13,3 Zoll Win10 Pro",,10356_20260812093001,"10","FIXED_PRICE","EUR",154.0,,,154.0,"0","","","Aug-25-26 05:47:30 PDT","Sep-25-26 05:47:30 PDT","PC Notebooks & Netbooks","177","","","Gebraucht","","","","","","DE","","",""
"307145462766","HP Zbook 15 G3 i7-6700HQ 32 GB 756 GB SSD+HDD 15,6 Zoll Win10 Pro",,14512190531,"10","FIXED_PRICE","EUR",401.0,,,401.0,"0","","","Aug-25-26 05:47:31 PDT","Sep-25-26 05:47:31 PDT","PC Notebooks & Netbooks","177","","","Gebraucht","","","","","","DE","","",""
"307145462768",Fujitsu LIFEBOOK U747 i5-6200U 16 GB 480 GB SSD 14 Zoll Win10 Pro,,16731593271,"10","FIXED_PRICE","EUR",215.0,,,215.0,"0","","","Aug-25-26 05:47:31 PDT","Sep-25-26 05:47:31 PDT","PC Notebooks & Netbooks","177","","","Gebraucht","","","","","","DE","","",""
"307145462771",Dell Dell Latitude 7480 i7-7600U 16 GB 512 GB SSD 14 Zoll Win10 Pro,,15365033750,"10","FIXED_PRICE","EUR",264.0,,,264.0,"0","","","Aug-25-26 05:47:31 PDT","Sep-25-26 05:47:31 PDT","PC Notebooks & Netbooks","177","","","Gebraucht","","","","","","DE","","",""
"307145462773",Dell Dell Latitude 7480 i7-7600U 16 GB 256 GB SSD 14 Zoll Win11 Pro,,18043465648,"10","FIXED_PRICE","EUR",246.0,,,246.0,"0","","","Aug-25-26 05:47:31 PDT","Sep-25-26 05:47:31 PDT","PC Notebooks & Netbooks","177","","","Gebraucht","","","","","","DE","","",""
"307145462774",Dell Dell Latitude 7480 i7-7600U 8 GB 256 GB SSD 14 Zoll Win11 Pro,,18043355686,"10","FIXED_PRICE","EUR",206.0,,,206.0,"0","","","Aug-25-26 05:47:31 PDT","Sep-25-26 05:47:31 PDT","PC Notebooks & Netbooks","177","","","Gebraucht","","","","","","DE","","",""
"307145462775",Dell Dell Latitude 7480 i7-7600U 16 GB 480 GB SSD 14 Zoll Win11 Pro,,18043513583,"10","FIXED_PRICE","EUR",250.0,,,250.0,"0","","","Aug-25-26 05:47:31 PDT","Sep-25-26 05:47:31 PDT","PC Notebooks & Netbooks","177","","","Gebraucht","","","","","","DE","","",""
"307145462776",Dell Dell Latitude 7480 i7-7600U 16 GB 960 GB SSD 14 Zoll Win11 Pro,,18043521260,"10","FIXED_PRICE","EUR",280.0,,,280.0,"0","","","Aug-25-26 05:47:31 PDT","Sep-25-26 05:47:31 PDT","PC Notebooks & Netbooks","177","","","Gebraucht","","","","","","DE","","",""
"307145462777",Dell Latitude 5420 i5-1135G7 32 GB 960 GB SSD 14 Zoll Win11 Pro,,18062650522,"10","FIXED_PRICE","EUR",459.0,,,459.0,"0","","","Aug-25-26 05:47:31 PDT","Sep-25-26 05:47:31 PDT","PC Notebooks & Netbooks","177","","","Gebraucht","","","","","","DE","","",""
"307145462778",Dell Latitude 5420 i5-1135G7 16 GB 960 GB SSD 14 Zoll Win11 Pro,,18062795870,"10","FIXED_PRICE","EUR",385.0,,,385.0,"0","","","Aug-25-26 05:47:31 PDT","Sep-25-26 05:47:31 PDT","PC Notebooks & Netbooks","177","","","Gebraucht","","","","","","DE","","",""
"307145462779",Dell Latitude 5420 i5-1135G7 32 GB 960 GB SSD 14 Zoll Win11 Pro,,18062816670,"10","FIXED_PRICE","EUR",436.0,,,436.0,"0","","","Aug-25-26 05:47:31 PDT","Sep-25-26 05:47:31 PDT","PC Notebooks & Netbooks","177","","","Gebraucht","","","","","","DE","","",""
"307145462782",Dell Latitude 7480 i7-6600U 16 GB 960 GB SSD 14 Zoll Win11 Pro,,18295063964,"10","FIXED_PRICE","EUR",328.0,,,328.0,"0","","","Aug-25-26 05:47:31 PDT","Sep-25-26 05:47:31 PDT","PC Notebooks & Netbooks","177","","","Gebraucht","","","","","","DE","","",""
"307145462783",Lenovo ThinkPad L14 Gen 1 Ryzen 5 PRO 4650U 8 GB 256 GB SSD 14 Zoll Win11 Home,,18418679789,"10","FIXED_PRICE","EUR",264.0,,,264.0,"0","","","Aug-25-26 05:47:31 PDT","Sep-25-26 05:47:31 PDT","PC Notebooks & Netbooks","177","","","Gebraucht","","","","","","DE","","",""
"307145462785","HP ProBook 450 G8 i5-1135G7 16 GB 960 GB SSD 15,6 Zoll Win11 Pro",,18523702784,"10","FIXED_PRICE","EUR",485.0,,,485.0,"0","","","Aug-25-26 05:47:31 PDT","Sep-25-26 05:47:31 PDT","PC Notebooks & Netbooks","177","","","Gebraucht","","","","","","DE","","",""
"307145462788","Dell Latitude 5500 i5-8265U 16 GB 256 GB SSD 15,6 Zoll Win11 Pro",,18676022903,"10","FIXED_PRICE","EUR",299.0,,,299.0,"0","","","Aug-25-26 05:47:31 PDT","Sep-25-26 05:47:31 PDT","PC Notebooks & Netbooks","177","","","Gebraucht","","","","","","DE","","",""
"307145462789",HP ProBook 640 G2 i5-6200U 8 GB 240 GB SSD 14 Zoll Win10 Pro,,5781,"10","FIXED_PRICE","EUR",160.0,,,160.0,"0","","","Aug-25-26 05:47:31 PDT","Sep-25-26 05:47:31 PDT","PC Notebooks & Netbooks","177","","","Gebraucht","","","","","","DE","","",""
"307145462790","Dell Latitude 5590 i5-8250U 32 GB 480 GB SSD 15,6 Zoll Win11 Pro",,5670,"10","FIXED_PRICE","EUR",421.0,,,421.0,"0","","","Aug-25-26 05:47:31 PDT","Sep-25-26 05:47:31 PDT","PC Notebooks & Netbooks","177","","","Gebraucht","","","","","","DE","","",""
"307145462792",Dell Latitude 5420 i5-1135G7 8 GB 256 GB SSD 14 Zoll Win11 Pro,,5112_20251107093620,"10","FIXED_PRICE","EUR",299.0,,,299.0,"0","","","Aug-25-26 05:47:31 PDT","Sep-25-26 05:47:31 PDT","PC Notebooks & Netbooks","177","","","Gebraucht","","","","","","DE","","",""
"307145462796",HP Probook 640 G8 i5-1135G7 32 GB 256 GB SSD 14 Zoll Win11 Pro,,4227_20260223081918,"10","FIXED_PRICE","EUR",392.0,,,392.0,"0","","","Aug-25-26 05:47:31 PDT","Sep-25-26 05:47:31 PDT","PC Notebooks & Netbooks","177","","","Gebraucht","","","","","","DE","","",""
"307145462799",Lenovo ThinkPad T490 i5-8265U 16 GB 500 GB SSD 14 Zoll Win11 Pro,,4220_20260430112210,"10","FIXED_PRICE","EUR",357.0,,,357.0,"0","","","Aug-25-26 05:47:31 PDT","Sep-25-26 05:47:31 PDT","PC Notebooks & Netbooks","177","","","Gebraucht","","","","","","DE","","",""
"307145462801",HP HP ProBook 640 G2 i5-6200U 8 GB 480 GB SSD 14 Zoll Win10 Pro,,12562781534,"10","FIXED_PRICE","EUR",201.0,,,201.0,"0","","","Aug-25-26 05:47:31 PDT","Sep-25-26 05:47:31 PDT","PC Notebooks & Netbooks","177","","","Gebraucht","","","","","","DE","","",""
"307145462802",HP EliteBook 840 G6 i7-8665U 8 GB 256 GB SSD 14 Zoll Win11 Pro,,4542_20260702082421,"10","FIXED_PRICE","EUR",276.0,,,276.0,"0","","","Aug-25-26 05:47:31 PDT","Sep-25-26 05:47:31 PDT","PC Notebooks & Netbooks","177","","","Gebraucht","","","","","","DE","","",""
"307145462803",HP EliteBook 840 G6 i7-8665U 8 GB 256 GB SSD 14 Zoll Win11 Pro,,4542_20260702081634,"10","FIXED_PRICE","EUR",253.0,,,253.0,"0","","","Aug-25-26 05:47:31 PDT","Sep-25-26 05:47:31 PDT","PC Notebooks & Netbooks","177","","","Gebraucht","","","","","","DE","","",""
"307145462807",HP HP ProBook 640 G2 i5-6200U 16 GB 960 GB SSD 14 Zoll Win10 Pro,,12562783755,"10","FIXED_PRICE","EUR",257.0,,,257.0,"0","","","Aug-25-26 05:47:31 PDT","Sep-25-26 05:47:31 PDT","PC Notebooks & Netbooks","177","","","Gebraucht","","","","","","DE","","",""
"307145462809",Fujitsu LIFEBOOK U747 i5-6200U 32 GB 960 GB SSD 14 Zoll Win10 Pro,,16731625084,"10","FIXED_PRICE","EUR",297.0,,,297.0,"0","","","Aug-25-26 05:47:31 PDT","Sep-25-26 05:47:31 PDT","PC Notebooks & Netbooks","177","","","Gebraucht","","","","","","DE","","",""
"307145462811",Dell Dell Latitude 7480 i7-7600U 8 GB 480 GB SSD 14 Zoll Win11 Pro,,18043452718,"10","FIXED_PRICE","EUR",234.0,,,234.0,"0","","","Aug-25-26 05:47:31 PDT","Sep-25-26 05:47:31 PDT","PC Notebooks & Netbooks","177","","","Gebraucht","","","","","","DE","","",""
"307145462815",Dell Dell Latitude 7480 i7-7600U 16 GB 960 GB SSD 14 Zoll Win11 Pro,,18043470882,"10","FIXED_PRICE","EUR",304.0,,,304.0,"0","","","Aug-25-26 05:47:31 PDT","Sep-25-26 05:47:31 PDT","PC Notebooks & Netbooks","177","","","Gebraucht","","","","","","DE","","",""
"307145462817",Dell Latitude 7480 i7-6600U 8 GB 256 GB SSD 14 Zoll Win11 Pro,,18043612392,"10","FIXED_PRICE","EUR",194.0,,,194.0,"0","","","Aug-25-26 05:47:31 PDT","Sep-25-26 05:47:31 PDT","PC Notebooks & Netbooks","177","","","Gebraucht","","","","","","DE","","",""
"307145462821",Dell Latitude 5410 i5-10310U 8 GB 256 GB SSD 14 Zoll Win11 Pro,,18060070363,"10","FIXED_PRICE","EUR",276.0,,,276.0,"0","","","Aug-25-26 05:47:31 PDT","Sep-25-26 05:47:31 PDT","PC Notebooks & Netbooks","177","","","Gebraucht","","","","","","DE","","",""